-- phpMyAdmin SQL Dump
-- version 4.2.7.1
-- http://www.phpmyadmin.net
--
-- Host: 127.0.0.1
-- Generation Time: Jul 31, 2019 at 06:17 AM
-- Server version: 5.6.20
-- PHP Version: 5.5.15

SET SQL_MODE = "NO_AUTO_VALUE_ON_ZERO";
SET time_zone = "+00:00";


/*!40101 SET @OLD_CHARACTER_SET_CLIENT=@@CHARACTER_SET_CLIENT */;
/*!40101 SET @OLD_CHARACTER_SET_RESULTS=@@CHARACTER_SET_RESULTS */;
/*!40101 SET @OLD_COLLATION_CONNECTION=@@COLLATION_CONNECTION */;
/*!40101 SET NAMES utf8 */;

--
-- Database: `ekspedisi`
--

-- --------------------------------------------------------

--
-- Table structure for table `bbm`
--

CREATE TABLE IF NOT EXISTS `bbm` (
`idbbm` tinyint(2) NOT NULL,
  `bbm` char(20) DEFAULT NULL,
  `harga` double DEFAULT NULL
) ENGINE=InnoDB  DEFAULT CHARSET=latin1 AUTO_INCREMENT=5 ;

--
-- Dumping data for table `bbm`
--

INSERT INTO `bbm` (`idbbm`, `bbm`, `harga`) VALUES
(1, 'PERTALITE', 7850),
(2, 'DEXLITE', 10200),
(3, 'SOLAR', 5150),
(4, 'SOLAR ( ECERAN )', 8000);

-- --------------------------------------------------------

--
-- Table structure for table `customer`
--

CREATE TABLE IF NOT EXISTS `customer` (
`idcustomer` int(11) NOT NULL,
  `cabang` char(6) DEFAULT NULL,
  `cmd` char(15) DEFAULT NULL,
  `customer` varchar(100) DEFAULT NULL
) ENGINE=InnoDB  DEFAULT CHARSET=latin1 AUTO_INCREMENT=300 ;

--
-- Dumping data for table `customer`
--

INSERT INTO `customer` (`idcustomer`, `cabang`, `cmd`, `customer`) VALUES
(1, 'SL44', '11000286', 'TRAKTOR NUSANTARA'),
(2, 'SL44', '11000301', 'FEDERAL INTERNATIONAL FIN'),
(3, 'SL44', '21007828', 'SUMBER GRAHA SEJAHTERA'),
(4, 'SL44', '21008360', 'KLINIK ASIAN AGRI SEHAT T'),
(5, 'SL44', '21010140', 'BENTOEL DISTRIBUSI UTAMA'),
(6, 'SL44', '21010548', 'KPP PRATAMA KUALA TUNGKAL'),
(7, 'SL44', '21019082', 'TIARA BUANA MANDIRI'),
(8, 'SL44', '21019911', 'LG ELECTRONICS INDONESIA'),
(9, 'SL44', '21019912', 'LG ELECTRONICS SERVICE IN'),
(10, 'SL44', '21020691', 'BUMI PERSADA PERMAI'),
(11, 'SL44', '21024375', 'SARIHUSADA GENERASI MAHAR'),
(12, 'SL44', '21025188', 'HONORIS INDUSTRY'),
(13, 'SL44', '21029310', 'CITRA MENDALO PRIMA KSO'),
(14, 'SL44', '21033971', 'M. ROZI FAHRIZAL'),
(15, 'SL44', '21034677', 'SINAR NIAGA SEJAHTERA'),
(16, 'SL44', '21038636', 'INDACO WARNA DUNIA'),
(17, 'SL44', '21039382', 'PERSADA KONSTRUKSI'),
(18, 'SL44', '21040634', 'PINUS MERAH ABADI'),
(19, 'SL44', '21060631', 'DJARUM'),
(20, 'SL44', '21064650', 'YUDAS TADEUS'),
(21, 'SL44', '21064774', 'DONNY PATAH RIZANY (MO SD'),
(22, 'SL44', '21065711', 'SUMBER ALFARIA TRIJAYA, T'),
(23, 'SL44', '21065752', 'SUMBER ALFARIA TRIJAYA, TBK'),
(24, 'SL44', '21070419', 'ASIA TEMBAKAU'),
(25, 'SL44', '21073003', 'ASURANSI KREDIT INDONESIA'),
(26, 'SL44', '21078748', 'MULTIKARYA SAWIT PRIMA'),
(27, 'SL44', '21081215', 'ARTAV MOBILE INDONESIA'),
(28, 'SL44', '21081474', 'ELNUSA, TBK.'),
(29, 'SL44', '21081555', 'GUNUNG SLAMAT'),
(30, 'SL44', '21081715', 'KANTOR IMIGRASI KELAS I J'),
(31, 'SL44', '21081726', 'KANTOR PELAYANAN PAJAK PR'),
(32, 'SL44', '21081734', 'KANTOR WILAYAH BPN PROVIN'),
(33, 'SL44', '21081831', 'MANGGALA CIPTA PERSADA'),
(34, 'SL44', '21081944', 'PENGAWAS PEMILIHAN UMUM'),
(35, 'SL44', '21082032', 'RIMBA HUTANI MAS'),
(36, 'SL44', '21082199', 'TEBO MULTI AGRO'),
(37, 'SL44', '21082234', 'TRIMITRA CIPTA MANDIRI'),
(38, 'SL44', '21082293', 'WIRAKARYA SAKTI'),
(39, 'SL44', '21089957', 'INBISCO NIAGATAMA SEMESTA'),
(40, 'SL44', '21090094', 'KOREA TOMORROW & GLOBAL I'),
(41, 'SL44', '21090522', 'SWADHARMA SARANA INFORMAT'),
(42, 'SL44', '21090584', 'UNKNOWN CUSTOMER'),
(43, 'SL44', '21091058', 'KPU KABUPATEN KERINCI'),
(44, 'SL44', '21091448', 'PHILIP MORRIS INDONESIA'),
(45, 'SL44', '21091583', 'HANJAYA MANDALA SAMPOERNA'),
(46, 'SL44', '21091923', 'HANJAYA MANDALA SAMPOERNA'),
(47, 'SL44', '21091978', 'SURYA MADISTRINDO'),
(48, 'SL44', '21091981', 'UNILEVER INDONESIA TBK.'),
(49, 'SL44', '21094392', 'LONTAR PAPYRUS PULP&PAPER'),
(50, 'SL44', '21094433', 'HUKUM DAN HAK ASASI MANUS'),
(51, 'SL44', '21094436', 'KPU KABUPATEN MERANGIN'),
(52, 'SL44', '21095168', 'KOMISI PEMILIHAN UMUM'),
(53, 'SL44', '21095169', 'KPP MUARA BUNGO'),
(54, 'SL44', '21096954', 'HARUM JAYA BERSAMA'),
(55, 'SL44', '21468663', 'SEKRETARIAT KPU KAB. BUNG'),
(56, 'SL44', '21485614', 'UNIMOS'),
(57, 'SL44', '21604831', 'KPU KAB. TANJUNG JABUNG B'),
(58, 'SL44', '21868581', 'KPU KABUPATEN SOROLANGUN'),
(59, 'SL44', '22000073', 'HANJAYA MANDALA SAMPOERNA'),
(60, 'SL44', '23300186', 'LEMBAGA PEMASYARAKATAN PE'),
(61, 'SL44', '23335820', 'BENDAHARA SEKRETARIAT KPU'),
(62, 'SL44', 'TRP-DD44', 'DAYA MITRA SERASI - PALEMBANG'),
(63, 'SL44', 'TRP-DD46', 'DAYA MITRA SERASI - JAMBI'),
(64, 'SL44', 'TRP-LT02', 'SELOG-Intracity'),
(65, 'SL45', '11000026', 'KOMATSU MARKETING AND SUP'),
(66, 'SL45', '11000072', 'PAMAPERSADA NUSANTARA'),
(67, 'SL45', '11000118', 'ASTRA INTERNATIONAL, TBK'),
(69, 'SL45', '12000050', 'UNITED TRACTORS, TBK.'),
(70, 'SL45', '12000069', 'ASTRA GRAPHIA, TBK'),
(71, 'SL45', '12000086', 'KARYA KREATIF BERSAMA'),
(72, 'SL45', '21000646', 'ABB SAKTI INDUSTRI'),
(73, 'SL45', '21001410', 'BALAI PENGENDALIAN PERUBA'),
(74, 'SL45', '21004361', 'EAGLEBURGMANN INDONESIA'),
(75, 'SL45', '21004525', 'MUSTIKA GANDA UTAMA'),
(76, 'SL45', '21004572', 'MUSTIKA INDAH PERMAI'),
(77, 'SL45', '21005600', 'BANK RAKYAT INDONESIA (PE'),
(78, 'SL45', '21005621', 'BANK RAKYAT INDONESIA (PE'),
(79, 'SL45', '21005641', 'BANK RAKYAT INDONESIA CAB'),
(80, 'SL45', '21005730', 'BANK TABUNGAN NEGARA'),
(81, 'SL45', '21006053', 'PANITIA PENGAWAS PEMILIHA'),
(83, 'SL45', '21009378', 'NARIKI MINEX SEJATI'),
(84, 'SL45', '21009564', 'KOMISI PEMILIHAN UMUM'),
(85, 'SL45', '21009751', 'KOMISI YUDISIAL'),
(86, 'SL45', '21010131', 'KOPERASI CERMAT BANK SUMS'),
(88, 'SL45', '21010550', 'KPP PRATAMA PALEMBANG ILI'),
(89, 'SL45', '21010639', 'KPU PROVINSI SUMATERA SEL'),
(90, 'SL45', '21012182', 'KSB INDONESIA'),
(91, 'SL45', '21012195', 'KPU EMPAT LAWANG'),
(92, 'SL45', '21012334', 'KPU KOTA PAGAR ALAM'),
(93, 'SL45', '21012923', 'BINTANG MULIA JAYA'),
(94, 'SL45', '21012951', 'BINTANG MULIA JAYA'),
(95, 'SL45', '21012953', 'BINTANG MULIA JAYA CAB SE'),
(96, 'SL45', '21013056', 'BINTANG TOEDJOE'),
(97, 'SL45', '21016445', 'TEKNINDO GEOSISTEM UNGGUL'),
(98, 'SL45', '21017118', 'LASTANA EXPRESS INDONESIA'),
(99, 'SL45', '21018064', 'NOJORONO TOBACCO INTERNAT'),
(100, 'SL45', '21020485', 'BUKIT ASAM (PERSERO) TBK'),
(101, 'SL45', '21020637', 'BUMI MEKAR HIJAU'),
(102, 'SL45', '21020864', 'HISAMITSU PHARMA INDONESI'),
(104, 'SL45', '21028869', 'CIPTA NIAGA SEMESTA'),
(105, 'SL45', '21029448', 'CITRAMASJAYA TEKNIKMANDIR'),
(106, 'SL45', '21029912', 'CONOCOPHILLIPS (GRISSIK)'),
(107, 'SL45', '21029914', 'CONOCOPHILLIPS, LTD.'),
(108, 'SL45', '21032859', 'SIEMENS INDONESIA'),
(109, 'SL45', '21034050', 'PALEMBANG BERKAH BERSAMA'),
(111, 'SL45', '21036420', 'UT QUALITY INDONESIA'),
(112, 'SL45', '21036900', 'PATRA SUPPLIES AND SERVIC'),
(113, 'SL45', '21037198', 'MADUSARI NUSAPERDANA'),
(114, 'SL45', '21037521', 'ALSTOM POWER ENERGY SYSTEM'),
(115, 'SL45', '21038255', 'MAHKOTA ANDALAN SAWIT'),
(116, 'SL45', '21038309', 'AMANDA'),
(118, 'SL45', '21038646', 'VICTORY INTERNATIONAL FUT'),
(119, 'SL45', '21039518', 'INDOMARCO ADI PRIMA'),
(120, 'SL45', '21040117', 'PGAS SOLUTION'),
(122, 'SL45', '21041237', 'PLN (PERSERO) PUSAT'),
(123, 'SL45', '21042102', 'POS INDONESIA (PERSERO)'),
(124, 'SL45', '21042553', 'FINANSIA MULTI FINANCE'),
(125, 'SL45', '21043210', 'PRATAMA PALM ABADI'),
(126, 'SL45', '21043260', 'WANA KARYA MULYA KAHURIPA'),
(127, 'SL45', '21043543', 'IOL INDONESIA'),
(128, 'SL45', '21043722', 'PRIAMANAYA ENERGY'),
(129, 'SL45', '21045014', 'WASKITA KARYA'),
(130, 'SL45', '21045268', 'PROFESIONAL TELEKOMUNIKAS'),
(131, 'SL45', '21048093', 'SRI TRANG LINGGA INDONESI'),
(132, 'SL45', '21049507', 'STAIN SYAIKH ABDURRAHMAN'),
(133, 'SL45', '21049630', 'STAR RUBBER (JAMBI BRANCH'),
(134, 'SL45', '21050017', 'GE OPERATIONS INDONESIA'),
(135, 'SL45', '21050309', 'GENERAL CUSTOMER'),
(136, 'SL45', '21052211', 'GLOBAL GREEN TRADING'),
(137, 'SL45', '21054474', 'METRO DRUG INDONESIA'),
(138, 'SL45', '21058165', 'MITRA BISNIS SELULAR'),
(139, 'SL45', '21058279', 'MITRA MEDIA SELARAS'),
(140, 'SL45', '21064126', 'JACOBS GROUP INDONESIA'),
(142, 'SL45', '21066604', 'ARTHA PRIMA FINANCE'),
(143, 'SL45', '21066941', 'MUARA ALAM SEJAHTERA'),
(144, 'SL45', '21069406', 'HALEYORA POWERINDO'),
(145, 'SL45', '21069667', 'HALLIBURTON DRILLING SYST'),
(146, 'SL45', '21072712', 'HARAPAN SURYA LESTARI'),
(147, 'SL45', '21073045', 'ASURANSI RAMAYANA'),
(148, 'SL45', '21073987', 'ATLANTIK INTERNATIONAL AK'),
(149, 'SL45', '21078723', 'MULTI TERMINAL INDONESIA'),
(150, 'SL45', '21081164', 'AGRICON'),
(151, 'SL45', '21081166', 'AGRINDO PERSADA LESTARI'),
(152, 'SL45', '21081187', 'ANDALAN SEHAT'),
(153, 'SL45', '21081194', 'ANGKASA PURA II (PERSERO)'),
(154, 'SL45', '21081206', 'ARES KUSUMA RAYA'),
(155, 'SL45', '21081235', 'BADAN PENGAWAS PEMILIHAN'),
(156, 'SL45', '21081271', 'BANK PEMBANGUNAN DAERAH S'),
(157, 'SL45', '21081280', 'BAWASLU PROVINSI KEP.BABE'),
(158, 'SL45', '21081311', 'BENTOEL INTERNASIONAL INV'),
(159, 'SL45', '21081321', 'BINTANG MULIA JAYA CAB LA'),
(160, 'SL45', '21081352', 'BUMI ANDALAS PERMAI'),
(161, 'SL45', '21081437', 'DINAS PENDAPATAN,PENGELOL'),
(162, 'SL45', '21081460', 'DUPONT AGRICULTURAL PRODU'),
(163, 'SL45', '21081466', 'EAST WEST SEED INDONESIA'),
(165, 'SL45', '21081514', 'FUMAKILLA NOMOS'),
(166, 'SL45', '21081550', 'GRAHA USAHA TEKNIK'),
(167, 'SL45', '21081706', 'KA PROPERTI MANAJEMEN'),
(168, 'SL45', '21081707', 'KALBE BLACKMORES NUTRITIO'),
(169, 'SL45', '21081743', 'KANWIL KEMENTRIAN HUKUM D'),
(170, 'SL45', '21081762', 'KEMENTERIAN HUKUM DAN HAM'),
(171, 'SL45', '21081772', 'KERETA API (PERSERO)'),
(172, 'SL45', '21081774', 'KESEJAHTERAAN PEGAWAI BAN'),
(173, 'SL45', '21081818', 'LIEBHERR INDONESIA PERKAS'),
(174, 'SL45', '21081842', 'MASMEDIA BUANA PUSTAKA'),
(175, 'SL45', '21081869', 'MITRABAHTERA SEGARA SEJAT'),
(176, 'SL45', '21081903', 'MUSI HUTAN PERSADA'),
(177, 'SL45', '21081907', 'NEXCOM INDONESIA'),
(178, 'SL45', '21081933', 'PANCA DUTA PRAKARSA'),
(180, 'SL45', '21082010', 'RECON SARANA UTAMA'),
(181, 'SL45', '21082023', 'RIAU LINGGA INDRASSAKTI'),
(182, 'SL45', '21082055', 'RUTIN BALAI PENGAMANAN FA'),
(183, 'SL45', '21082094', 'SBA WOOD INDUSTRIES'),
(184, 'SL45', '21082114', 'SELULAR MEDIA INFOTAMA'),
(185, 'SL45', '21082149', 'SPECTRIS INDONESIA'),
(186, 'SL45', '21082167', 'SUMATERA PRIMA FIBREBOARD'),
(187, 'SL45', '21082183', 'SWARNADWIPA DERMAGA JAYA'),
(188, 'SL45', '21082189', 'TAKENAKADOBOKU INDONESIA'),
(189, 'SL45', '21082250', 'ULIMA NITRA'),
(190, 'SL45', '21082262', 'UNIVERSITAS SRIWIJAYA'),
(191, 'SL45', '21082283', 'WASKITA BETON PRECAST TBK'),
(192, 'SL45', '21082343', 'CIPTAMAS BUMISELARAS'),
(193, 'SL45', '21089674', 'CHANDRA SAKTI UTAMA LEASI'),
(194, 'SL45', '21089682', 'CIPTA NINDITA NUSAPALA'),
(195, 'SL45', '21089685', 'CIPUTRA SUKSES PROPERTY'),
(196, 'SL45', '21089793', 'EXSPAN PETROGAS INTRANUSA'),
(197, 'SL45', '21089910', 'HASIAN PRIMA TELINDO'),
(198, 'SL45', '21089955', 'IKA PHARMINDO PUTRAMAS'),
(200, 'SL45', '21090100', 'KSO PERTAMINA EP-'),
(201, 'SL45', '21090172', 'MITRA ANEKA REZEKI'),
(202, 'SL45', '21090284', 'PLANET INDO ARTA'),
(203, 'SL45', '21090379', 'RUTAN'),
(204, 'SL45', '21090574', 'TUNAS CAHAYA MANDIRI WIDY'),
(206, 'SL45', '21091158', 'BANK SYARIAH MUAMALAT IND'),
(207, 'SL45', '21091159', 'BARASENTOSA LESTARI'),
(208, 'SL45', '21091181', 'BUKITASAM TRANSPASIFIC RA'),
(209, 'SL45', '21091293', 'HALLEY AND MELLOWES AUSTR'),
(210, 'SL45', '21091482', 'SAPTA KARYA MANUNGGAL'),
(211, 'SL45', '21091545', 'TRUBA JAYA ENGINEERING'),
(212, 'SL45', '21091561', 'WIJAYA KARYA (PERSERO), T'),
(214, 'SL45', '21091586', 'INDOFOOD CBP SUKSES MAKMUR'),
(215, 'SL45', '21091596', 'ECOLAB INTERNATIONAL INDO'),
(216, 'SL45', '21091598', 'FAST FOOD INDONESIA, TBK'),
(217, 'SL45', '21091922', 'GAPURA ANGKASA CABANG PAN'),
(219, 'SL45', '21091977', 'SURVEYOR INDONESIA'),
(222, 'SL45', '21092018', 'YASA INDUSTRI NUSANTARA'),
(223, 'SL45', '21092021', 'BANK TABUNGAN NEGARA (PER'),
(224, 'SL45', '21092043', 'LESTARI MOTORINDO'),
(225, 'SL45', '21092294', 'WIDEBAND MEDIA INDONESIA'),
(226, 'SL45', '21092609', 'CIREMAI MITRA SARANA'),
(227, 'SL45', '21094864', 'AGRICON INDONESIA'),
(228, 'SL45', '21095624', 'KPU KABUPATEN MUSIRAWAS U'),
(229, 'SL45', '21095692', 'MARTUA LUBIS'),
(230, 'SL45', '21095714', 'KOMISI PEMILIHAN UMUM KAB'),
(231, 'SL45', '21095878', 'KOMISI PEMILIHAN UMUM KAB'),
(232, 'SL45', '21095900', 'KOMISI PEMILIHAN UMUM KAB'),
(233, 'SL45', '21096021', 'KPU KAB. PENUKAL ABAB LEM'),
(234, 'SL45', '21096022', 'KPU KABUPATEN OGAN KOMERING'),
(235, 'SL45', '21096023', 'KPU KABUPATEN OGAN KOMERING'),
(236, 'SL45', '21096328', 'KOMATSU MARKETING AND SUP'),
(237, 'SL45', '21096549', 'KOMISI PEMILIHAN UMUM KAB'),
(238, 'SL45', '21096764', 'MEDIA TRANSPORTASI LOGIST'),
(239, 'SL45', '21100645', 'UTRI SYADLI'),
(240, 'SL45', '21101562', 'PROSPERO PRIMA'),
(241, 'SL45', '21188545', 'OKI PULP AND PAPER MILLS'),
(242, 'SL45', '21310917', 'SKK MIGAS PERWAKILAN SUMB'),
(243, 'SL45', '21549740', 'BAYU JAYA LESTARI SUKSES'),
(244, 'SL45', '21643101', 'BOMA BISMA INDRA'),
(245, 'SL45', '21679588', 'KPU KABUPATEN OGAN KOMERI'),
(246, 'SL45', '22000013', 'SUMBER ALFARIA TRIJAYA, T'),
(247, 'SL45', '22000024', 'ASURANSI KREDIT INDONESIA'),
(248, 'SL45', '22000037', 'BANK NEGARA INDONESIA (PE'),
(249, 'SL45', '22000043', 'BANK PAN INDONESIA, TBK.'),
(250, 'SL45', '22000059', 'CAKRAWALA TUNGGAL SEJAHTE'),
(251, 'SL45', '22000064', 'DJARUM'),
(253, 'SL45', '22000076', 'HEXINDO ADIPERKASA, TBK.'),
(254, 'SL45', '22000088', 'INTISEL PRODAKTIFAKOM'),
(255, 'SL45', '22000106', 'PJB SERVICES'),
(256, 'SL45', '22000146', 'UNILEVER INDONESIA TBK.'),
(257, 'SL45', '22000150', 'WIRASWASTA GEMILANG INDON'),
(258, 'SL45', '22000179', 'BANK NEGARA INDONESIA (PE'),
(259, 'SL45', '22000214', 'GARUDA INDONESIA'),
(260, 'SL45', '22000223', 'INDOFOOD SUKSES MAKMUR TB'),
(261, 'SL45', '22000232', 'INTISEL PRODAKTIFAKOM'),
(262, 'SL45', '22000280', 'SANTOS JAYA ABADI'),
(263, 'SL45', '22000310', 'TRAKINDO UTAMA'),
(264, 'SL45', '22000379', 'LPPNPI INDONESIA'),
(265, 'SL45', '22000394', 'KOBEXINDO TRACTORS TBK'),
(266, 'SL45', '22000408', 'SUMBER GRAHA SEJAHTERA CA'),
(267, 'SL45', '22000499', 'PENGAWAS PEMILIHAN UMUM K'),
(268, 'SL45', '22000521', 'BAWASLU KAB. OKU SELATAN'),
(269, 'SL45', '22000527', 'BADAN PENGAWAS PEMILIHAN'),
(270, 'SL45', '22000528', 'BADAN PENGAWAS PEMILIHAN'),
(271, 'SL45', '22000550', 'BANK TABUNGAN NEGARA (PER'),
(272, 'SL45', '23059527', 'KPU KABUPATEN BANYUASIN'),
(273, 'SL45', '23272014', 'PANITIA PENGAWAS PEMILIHA'),
(274, 'SL45', '23285041', 'PENGAWAS PEMILIHAN UMUM K'),
(275, 'SL45', '23285351', 'CITRALOKA BUMI BEGAWAN'),
(276, 'SL45', '23286502', 'PENGAWAS PEMILU KAB. OGAN'),
(277, 'SL45', '23286503', 'PENGAWAS PEMILIHAN UMUM'),
(278, 'SL45', '23286926', 'BADAN PENGAWAS PEMILIHAN'),
(279, 'SL45', '23287494', 'UNIVERSITAS ISLAM NEGERI'),
(280, 'SL45', '23308539', 'NOPI HARYANTI'),
(281, 'SL45', '23320489', 'SUPRA INDOLUB PRAKASA'),
(282, 'SL45', '23324966', 'JASA MUTU MINERAL INDONESIA'),
(283, 'SL45', '23325907', 'TELUR INDONESIA'),
(284, 'SL45', '23420404', 'ERVIN 1A'),
(285, 'SL45', '41005241', 'HAJARUDINSYAH'),
(286, 'SL45', 'NTP-HH42', 'HARMONI MITRA UTAMA - PALEMBANG'),
(288, 'SL45', 'NTP-MS43', 'M88-Palembang'),
(289, 'SL45', 'TRP-BA00', 'BALAI LELANG SERASI'),
(292, 'SL45', 'TRP-MS08', 'M88-Corporate Fleet'),
(293, 'SL45', 'TRP-MSAA', 'SERASI MITRA MOBIL - ACQU'),
(294, 'SR45', '21023894', 'SARI ADITYA LOKA - 1'),
(295, 'SL44', 'SL45', 'TRAC PALEMBANG'),
(296, 'SL46', '21081846', ' MAX POWER INDONESIA'),
(297, 'SL46', '21010764', 'DWI GHITA KARYA MANDIRI'),
(298, 'SL45', '21098108', 'TANGKAS CIPTA OPTIMAL'),
(299, 'SL45', 'SL42', 'TRAC PEKANBARU');

-- --------------------------------------------------------

--
-- Table structure for table `driver`
--

CREATE TABLE IF NOT EXISTS `driver` (
`iddriver` int(10) NOT NULL,
  `nama` char(50) NOT NULL,
  `email` varchar(50) DEFAULT NULL,
  `nrp` char(10) DEFAULT NULL,
  `npwp` enum('Y','N') DEFAULT 'N',
  `bank` char(50) DEFAULT NULL,
  `norek` char(20) DEFAULT NULL,
  `atasnama` char(50) DEFAULT NULL
) ENGINE=InnoDB  DEFAULT CHARSET=latin1 AUTO_INCREMENT=60 ;

--
-- Dumping data for table `driver`
--

INSERT INTO `driver` (`iddriver`, `nama`, `email`, `nrp`, `npwp`, `bank`, `norek`, `atasnama`) VALUES
(1, 'EFRIANSYAH', '', '80056156', 'Y', 'BCA', '0450739316', ''),
(2, 'LEYDER SIMANIHURUK', '', '80072881', 'Y', 'BCA', '0213342590', ''),
(3, 'TURIMAN', '', '80062575', 'N', 'BCA', '0213265919', ''),
(4, 'GINTA ROLIS', 'ginta.trac@gmail.com', '1290', 'Y', 'BCA', '8120201094', 'GINTA ROLIS'),
(5, 'AGUWAN', 'trac.pangkalpinang@gmail.com', '2233', 'Y', 'BCA', '0410864339', 'AGUWAN'),
(6, 'ZUL FIKAR', '', '80081222', 'N', 'BCA', '8530115161', ''),
(7, 'RIANDI KOSWANTO', '', '80079417', 'Y', 'BANK SUMSEL', '1500113216', ''),
(8, 'ASEP SURIYADI', '', '80056551', 'N', 'BCA', '8055096321', ''),
(9, 'KIAGUS USMAN', '', '1686', 'Y', 'BANK PERMATA', '4109029748', ''),
(10, 'ROBERTO', '', '2228', 'Y', 'BNI', '0629972224', ''),
(11, 'HERBAYU NINGAJI', '', '2227', 'Y', 'PERMATA', '4109030010', ''),
(12, 'BENI PANJAITAN', '', '20022616', 'Y', 'PERMATA', '1230338864', ''),
(13, 'YUDI RIO RIVALDI', '', '3047', 'Y', 'BANK PERMATA', '4123573280', ''),
(14, 'AGUS PRIYADI', '', '80084212', 'N', 'BNI', '0289108368', ''),
(15, 'RUSMAN EFENDI', '', '80084213', 'N', 'BCA', '8570086350', ''),
(16, 'RADEN', '', '80060537', 'Y', 'BANK PERMATA', '4123574147', ''),
(17, 'TRI YULI ANTORO', '', '20024229', 'N', 'BCA', '1150586930', ''),
(18, 'EKO PARIANDA', 'eko.parianda@trac.astra.co.id', '1496', 'Y', 'BCA', '0213059031', 'EKO PARIANDA'),
(19, 'Hendri Sinaga', '', '348', 'Y', 'Permata', '514791309', 'Hendri Sinaga'),
(20, 'MARIHOT PADAN L', '', '80076838', 'N', 'BCA', '1192022996', 'MARIHOT PADAN L'),
(21, 'BENI DIARTA', '', '80072006', 'Y', 'Permata', '4123574481', 'BENI DIARTA'),
(22, 'ONDAPI SARION', '', '80078961', 'N', 'MANDIRI', '1120012967449', 'ONDAPI SARION'),
(23, 'DEDE SUSANTO', '', '80083034', 'N', 'PERMATA', '4108717545', 'DEDE SUSANTO'),
(24, 'PANJI KRIS HARYANTO', '', '80066104', 'N', 'MANDIRI', '1110006193912', 'PANJI KRIS HARYANTO'),
(25, 'FETRY ENALDI', '', '80066730', 'N', 'BRI', '562801017779', 'FETRY ENALDI'),
(26, 'AHMADI', '', '80080190', 'N', 'PERMATA', '9811736276', 'AHMADI'),
(27, 'ERANGGA', '-', '80082353', 'N', 'BRI', '343901048573532', 'FABIAN ARCHIPUS MONTARIO'),
(28, 'FIRDAUS BIN YUSUF', '-', '80082354', 'N', 'BRI', '343901048573532', 'FABIAN ARCHIPUS MONTARIO'),
(29, 'GUNTUR DHANI', '-', '80082356', 'N', 'BRI', '343901048573532', 'FABIAN ARCHIPUS MONTARIO'),
(30, 'HADIYANTO', '-', '80082363', 'N', 'BRI', '343901048573532', 'FABIAN ARCHIPUS MONTARIO'),
(31, 'IMAM SUMANTRI', '-', '80082372', 'N', 'BRI', '343901048573532', 'FABIAN ARCHIPUS MONTARIO'),
(32, 'KASDIN', '-', '80082381', 'N', 'BRI', '343901048573532', 'FABIAN ARCHIPUS MONTARIO'),
(33, 'M. IZHAR', '-', '80082383', 'N', 'BRI', '343901048573532', 'FABIAN ARCHIPUS MONTARIO'),
(34, 'MAHMUDIN AZIZ', '-', '80082387', 'N', 'BRI', '343901048573532', 'FABIAN ARCHIPUS MONTARIO'),
(35, 'MARIDUP LUBIS', '-', '80084501', 'N', 'BRI', '343901048573532', 'FABIAN ARCHIPUS MONTARIO'),
(36, 'MEIKALSON', '-', '80080710', 'N', 'BRI', '343901048573532', 'FABIAN ARCHIPUS MONTARIO'),
(37, 'MUHAMMAD YANDI', '-', '80082390', 'N', 'BRI', '343901048573532', 'FABIAN ARCHIPUS MONTARIO'),
(38, 'MULYADI', '-', '80081253', 'N', 'BRI', '343901048573532', 'FABIAN ARCHIPUS MONTARIO'),
(39, 'NIRWANSYAH', '-', '80082406', 'N', 'BRI', '343901048573532', 'FABIAN ARCHIPUS MONTARIO'),
(40, 'PARGHANI', '-', '80082409', 'N', 'BRI', '343901048573532', 'FABIAN ARCHIPUS MONTARIO'),
(41, 'PEBRIAN PRATAMA', '-', '80080711', 'N', 'BRI', '343901048573532', 'FABIAN ARCHIPUS MONTARIO'),
(42, 'RUSWANDI', '-', '80082458', 'N', 'BRI', '343901048573532', 'FABIAN ARCHIPUS MONTARIO'),
(43, 'SETIA BUDI', '-', '80082462', 'N', 'BRI', '343901048573532', 'FABIAN ARCHIPUS MONTARIO'),
(44, 'SULTAN SOPYAN', '-', '80082464', 'N', 'BRI', '343901048573532', 'FABIAN ARCHIPUS MONTARIO'),
(45, 'SUPRIANTO', '-', '80082465', 'N', 'BRI', '343901048573532', 'FABIAN ARCHIPUS MONTARIO'),
(46, 'SYAFRUDIN BASTIAN', '-', '80082467', 'N', 'BRI', '343901048573532', 'FABIAN ARCHIPUS MONTARIO'),
(47, 'TEDI KURNIA', '-', '80082468', 'N', 'BRI', '343901048573532', 'FABIAN ARCHIPUS MONTARIO'),
(48, 'YOSEP PARLINDUNGAN', '-', '80082469', 'N', 'BRI', '343901048573532', 'FABIAN ARCHIPUS MONTARIO'),
(49, 'ZULFIKRI', '-', '80082472', 'N', 'BRI', '343901048573532', 'FABIAN ARCHIPUS MONTARIO'),
(50, 'ABUBAKAR HADIYANTO', '-', '80082528', 'N', 'BRI', '343901048573532', 'FABIAN ARCHIPUS MONTARIO'),
(51, 'AGUS FIRMANSYAH', '-', '80081247', 'N', 'BRI', '343901048573532', 'FABIAN ARCHIPUS MONTARIO'),
(52, 'ANGGA ANDIANSYAH', '-', '80082532', 'Y', 'BRI', '343901048573532', 'FABIAN ARCHIPUS MONTARIO'),
(53, 'ANGGI SUMITRO', '-', '80074000', 'N', 'PERMATA', '4124085271', 'ANGGI SUMITRO'),
(54, 'RIDWAN', '-', '80082349', 'Y', 'PERMATA', '4128367123', 'RIDWAN'),
(55, 'ROY RENDRA TARIGAN', '-', '80085776', 'Y', 'PERMATA', '4108108156', 'ROY RENDRA TARIGAN'),
(56, 'EDI HERNADI', '', '80085777', 'Y', 'PERMATA', '6110836625', 'EDI HERNADI'),
(57, 'EKO SANTOSO', '-', '80084035', 'Y', 'BCA', '8905268216', 'EKO SANTOSO'),
(58, 'ARIFIN', '-', '80083874', 'N', 'MANDIRI', '1140016612833', 'ARIFIN'),
(59, 'EKO NURCAHYANTO', '-', '80085006', 'Y', 'PERMATA', '6110837893', 'EKO NURCAHYANTO');

-- --------------------------------------------------------

--
-- Table structure for table `kendaraan`
--

CREATE TABLE IF NOT EXISTS `kendaraan` (
`idkendaraan` int(10) NOT NULL,
  `nopol` char(10) DEFAULT NULL,
  `equipment` char(10) DEFAULT NULL,
  `tipe` char(100) DEFAULT NULL,
  `silinder` char(15) DEFAULT NULL,
  `idbbm` tinyint(2) DEFAULT NULL,
  `rasio` tinyint(2) DEFAULT NULL
) ENGINE=InnoDB  DEFAULT CHARSET=latin1 AUTO_INCREMENT=1440 ;

--
-- Dumping data for table `kendaraan`
--

INSERT INTO `kendaraan` (`idkendaraan`, `nopol`, `equipment`, `tipe`, `silinder`, `idbbm`, `rasio`) VALUES
(1, 'BG1671AO', '70134811.0', 'PAJERO NEW SPORT GLX 2.5 4X4 MT D 2014', '>1500<2500', 3, 8),
(2, 'BG9307NV', '70115387.0', 'STRADA TRITON GLS-AB 2.5 4X4 MT PU 2013', '>1500<2500', 3, 8),
(3, 'BH9736AS', '70132016', 'GRAN MAX BV AC 1.3 4X2 MT B 2014', '<1500', 1, 10),
(4, 'BG9092NT', '70135681.0', 'STRADA TRITON TRB GLS-AB 2.5 4X4 PU 2014', '>1500<2500', 3, 8),
(5, 'BG9036NT', '70135028.0', 'STRADA TRITON TRB GLS-AB 2.5 4X4 PU 2014', '>1500<2500', 3, 8),
(6, 'B1008UAH', '70211657.0', 'CAMRY V 2.5 4X2 AT B 2018', '>1500<2500', 1, 9),
(7, 'BG1589OM', '70211599.0', 'GRAN MAX D MB FH 1.3 4X2 MT B 2018', '<1500', 1, 10),
(8, 'BG1590OM', '70206771.0', 'GRAN MAX D MB FH 1.3 4X2 MT B 2018', '<1500', 1, 10),
(9, 'BG1651UB', '70165172.0', 'AGYA G 1.0 4X2 MT B 2016', '<1500', 1, 10),
(10, 'BARU031412', '70206016.0', 'INNOVA G 2.4 4X2 MT D 2018', '>1500<2500', 3, 8),
(11, 'BARU036790', NULL, '  XENIA GREAT R STD 1.3 4X2 MT B 2018', '<1500', 1, 10),
(12, 'BARU036754', NULL, ' XENIA GREAT R STD 1.3 4X2 MT B 2018', '<1500', 1, 10),
(13, 'BG7707D', '70092584', 'COLT-D FE84G BC 136PS 4X2 MT D BUS 2012', '>2500', 3, 7),
(14, 'BG7703D', '70092589', 'COLT-D FE84G BC 136PS 4X2 MT D BUS 2012', '>2500', 3, 7),
(15, 'BG7212IA', '70093465.0', 'COLT-D FE84G BC 136PS 4X2 MT D BUS 2012', '>2500', 3, 7),
(16, 'KT7835AO', '70142762.0', 'DUTRO 130 HD PS 6B 5.8 4X4 MT D BUS 2014', '>2500', 3, 7),
(17, 'BG9064NT', '70134940', 'STRADA TRITON TRB GLS-AB 2.5 4X4 PU 2014', '>1500<2500', 3, 8),
(18, 'BG1129NI', '70194734.0', 'NEW INNOVA G 2.0 4X2 MT B 2017', '>1500<2500', 1, 9),
(19, 'BG1692ID', '70114402.0', 'PAJERO NEW SPORT DAKAR 2.5 4X4 AT D 2013', '>1500<2500', 3, 8),
(20, 'BH1903HI', '70110788.0', 'GRAN MAX D MB 1.3 4X2 MT B 2013', '<1500', 1, 10),
(21, 'BG9171MB', '70001489.0', 'GRAN MAX BV AC 1.3 4X2 MT B 2010', '<1500', 1, 10),
(22, 'BG1306OA', '70199827.0', 'GRAN MAX D MB FH 1.3 4X2 MT B 2017', '<1500', 1, 10),
(23, 'BG1706IV', '70157675.0', 'AVANZA NEW VELOZ AIRBAG 1.5 4X2 AT 2015', '<1500', 1, 10),
(24, 'BE1140CG', '70167784.0', 'AVANZA GRAND G AB 1.3 4X2 MT B 2016', '<1500', 1, 10),
(25, 'BH9343AT', '70141626', 'STRADA TRITON TRB GLS-AB 2.5 4X4 PU 2014', '>1500<2500', 3, 8),
(26, 'BG9094NT', '70135708.0', 'STRADA TRITON TRB GLS-AB 2.5 4X4 PU 2014', '>1500<2500', 3, 8),
(27, 'BG9033NT', '70134939.0', 'STRADA TRITON TRB GLS-AB 2.5 4X4 PU 2014', '>1500<2500', 3, 8),
(29, 'B1724UYN', '70152468.0', 'AVANZA G NEW AIRBAG 1.3 4X2 MT B 2015', '<1500', 1, 10),
(30, 'BE2416YU', '70149719.0', 'AVANZA G NEW AIRBAG 1.3 4X2 MT B 2015', '<1500', 1, 10),
(31, 'B1658NUX', '70168765.0', 'AVANZA GRAND G AB 1.3 4X2 MT B 2016', '<1500', 1, 10),
(32, 'BK1571FI', '70196556.0', 'AVANZA GRAND G AB 1.3 4X2 MT B 2016', '<1500', 1, 10),
(33, 'BK1697FI', '70196550', 'AVANZA GRAND G AB 1.3 4X2 MT B 2016', '<1500', 1, 10),
(34, 'B1620NOR', '70172280.0', 'AVANZA GRAND G AB 1.3 4X2 MT B 2016', '<1500', 1, 10),
(35, 'B1473NOR', '70172464.0', 'AVANZA GRAND G AB 1.3 4X2 MT B 2016', '<1500', 1, 10),
(36, 'BK1491FI', '70196419.0', ' AVANZA GRAND G AB 1.3 4X2 MT B 2017', '<1500', 1, 10),
(37, 'BE2352CX', '70143998.0', 'AVANZA G NEW AIRBAG 1.3 4X2 MT B 2015', '<1500', 1, 10),
(38, 'B1786UYM', '70151562.0', 'AVANZA G NEW AIRBAG 1.3 4X2 MT B 2015', '<1500', 1, 10),
(39, 'BK1583FI', '70196403.0', 'AVANZA GRAND G AB 1.3 4X2 MT B 2017', '<1500', 1, 10),
(40, 'BG1454UF', '70172390.0', 'AVANZA GRAND G AB 1.3 4X2 MT B 2016', '<1500', 1, 10),
(41, 'BK1308UN', '70165070.0', 'AVANZA GRAND G AB 1.3 4X2 MT B 2016', '<1500', 1, 10),
(42, 'BE2426YU', '70149718.0', 'AVANZA NEW VELOZ AIRBAG 1.5 4X2 MT 2015', '<1500', 1, 10),
(43, 'BARU96995', NULL, 'AVANZA GRAND G AB 1.3 4X2 MT B 2018', '<1500', 1, 10),
(44, 'BARU97526', NULL, 'AVANZA GRAND G AB 1.3 4X2 MT B 2018', '<1500', 1, 10),
(45, 'BM1833TK', '70150850.0', 'AVANZA G NEW AIRBAG 1.3 4X2 MT B 2015', '<1500', 1, 10),
(46, 'BE2317BL', '70152934.0', 'AVANZA G NEW AIRBAG 1.3 4X2 MT B 2015', '<1500', 1, 10),
(47, 'B1602UYP', '70155333.0', 'AVANZA G NEW AIRBAG 1.3 4X2 MT B 2015', '<1500', 1, 10),
(48, 'BH1012HM', '70126889.0', 'GRAN MAX D MB 1.3 4X2 MT B 2014', '<1500', 1, 10),
(49, 'BE2421YU', '70149722.0', 'AVANZA NEW VELOZ AIRBAG 1.5 4X2 MT 2015', '<1500', 1, 10),
(50, 'B1775UYN', '70152461.0', 'AVANZA G NEW AIRBAG 1.3 4X2 MT B 2015', '<1500', 1, 10),
(51, 'B1443UYO', '70150920.0', 'AVANZA G NEW AIRBAG 1.3 4X2 MT B 2015', '<1500', 1, 10),
(52, 'B1052UYO', '70153212.0', 'AVANZA G NEW AIRBAG 1.3 4X2 MT B 2015', '<1500', 1, 10),
(53, 'B1593UYT', '70160724.0', 'AVANZA G NEW AIRBAG 1.3 4X2 MT B 2015', '<1500', 1, 10),
(54, 'B1331UYO', '70155714.0', 'AVANZA G NEW AIRBAG 1.3 4X2 MT B 2015', '<1500', 1, 10),
(55, 'B1061UYP', '70155785.0', 'AVANZA G NEW AIRBAG 1.3 4X2 MT B 2015', '<1500', 1, 10),
(56, 'BK1174UN', '70165011.0', 'AVANZA GRAND G AB 1.3 4X2 MT B 2016', '<1500', 1, 10),
(57, 'BK1173UN', '70165012.0', 'AVANZA GRAND G AB 1.3 4X2 MT B 2016', '<1500', 1, 10),
(58, '  BK1308UN', '70165070.0', 'AVANZA GRAND G AB 1.3 4X2 MT B 2016', '<1500', 1, 10),
(59, 'BG1821UU', '70175297', 'AVANZA GRAND G AB 1.3 4X2 MT B 2016', '<1500', 1, 10),
(60, 'AB8211BU', '70134248.0', 'COLT-D L300 72PS STD 2.5 MT D BOX 2014', '>1500<2500', 3, 8),
(61, 'BE2769YL', '70151457.0', 'AVANZA G NEW AIRBAG 1.3 4X2 MT B 2015', '<1500', 1, 10),
(62, 'BE2959YU', '70151625.0', 'AVANZA G NEW AIRBAG 1.3 4X2 MT B 2015', '<1500', 1, 10),
(64, 'BE2925YU', '70151824.0', 'AVANZA G NEW AIRBAG 1.3 4X2 MT B 2015', '<1500', 1, 10),
(65, 'BE2982YU', '70151814.0', 'AVANZA G NEW AIRBAG 1.3 4X2 MT B 2015', '<1500', 1, 10),
(66, 'B1903NOR', '70172443.0', 'AVANZA G NEW AIRBAG 1.3 4X2 MT B 2016', '<1500', 1, 10),
(67, 'BK1673FI', '70196541.0', ' AVANZA GRAND G AB 1.3 4X2 MT B 2017', '<1500', 1, 10),
(68, 'B1318NOS', '70174685.0', 'AVANZA GRAND AB 1.3 4X2 MT B 2016', '<1500', 1, 10),
(69, 'B1182NOS', '70175212.0', 'AVANZA GRAND AB 1.3 4X2 MT B 2016', '<1500', 1, 10),
(70, 'BG1120MO', NULL, 'GRAND MAX D MB FH 1.3 4X2 MT B2017', '<1500', 1, 10),
(71, 'BG1782UG', '70175579.0', 'INNOVA G 2.4 4X2 AT D 2016', '>1500<2500', 3, 8),
(72, 'BG1285UG', NULL, 'INNOVA G 2.4 4X2 AT D 2016', '>1500<2500', 3, 8),
(73, 'BG9304NV', NULL, 'STRADA TRITON GLS-AB 2.5 4X4 MT PU 2013', '>1500<2500', 3, 8),
(74, 'BK1499FI', '70196406.0', ' AVANZA GRAND G AB 1.3 4X2 MT B 2017', '<1500', 1, 10),
(75, 'BK1512FI', '70196414.0', ' AVANZA GRAND G AB 1.3 4X2 MT B 2017', '<1500', 1, 10),
(76, 'BK1538FI', '70196416.0', ' AVANZA GRAND G AB 1.3 4X2 MT B 2017', '<1500', 1, 10),
(77, 'BK1519FI', '70196398.0', ' AVANZA GRAND G AB 1.3 4X2 MT B 2017', '<1500', 1, 10),
(78, 'BG9151NT', NULL, 'STRADA TRITON TRB GLS-AB 2.5 4X4 PU 2014', '>1500<2500', 3, 8),
(79, 'BG9063NT', NULL, 'STRADA TRITON TRB GLS-AB 2.5 4X4 PU 2014', '>1500<2500', 3, 8),
(80, 'BH9372AT', '70142197.0', 'STRADA TRITON TRB GLS-DC 2.5 4X4 PU 2014', '>1500<2500', 3, 8),
(81, 'BH9196AT', '70139400.0', 'STRADA TRITON HDX SC 2.8 4X4 MT PU 2014', '>1500<2500', 3, 8),
(82, 'BH9187AT', '70139399.0', 'STRADA TRITON HDX SC 2.8 4X4 MT PU 2014', '>1500<2500', 3, 8),
(83, 'BG9786NT', '70143225.0', 'STRADA TRITON HDX DC 2.8 4X4 MT PU 2014', '>1500<2500', 3, 8),
(84, 'BG7707ID', NULL, 'BUS', '>2500', 3, 7),
(85, 'BG1603US', NULL, 'XENIA GREAT X DLX 1.3 4X2 MT B 2017', '<1500', 1, 10),
(86, 'BG9016NT', '70134985.0', 'STRADA TRITON TRB GLS-AB 2.5 4X4 PU 2014', '>1500<2500', 3, 8),
(87, 'BG1304OA', '70199830.0', 'GRAN MAX D MB FH 1.3 4X2 MT B 2017', '<1500', 1, 10),
(88, 'BG1865NQ', '70194765.0', 'NEW INNOVA G 2.0 4X2 MT B 2017', '>1500<2500', 1, 9),
(89, 'B1130URY', '70138478.0', 'GRAN MAX D MB 1.3 4X2 MT B 2014', '<1500', 1, 10),
(90, 'B1966UYO', '70155893.0', 'AVANZA G NEW AIRBAG 1.3 4X2 MT B 2015', '<1500', 1, 10),
(91, 'BG1621IE', '70143093.0', 'PAJERO', '>1500<2500', 3, 8),
(92, 'BG1478UB', '70165635.0', 'AGYA G 1.0 4X2 MT B 2016', '<1500', 1, 10),
(93, 'BG9235NI', NULL, 'STRADA TRITON NEW GLS DC 2.5 MT D PU 17', '>1500<2500', 3, 8),
(94, 'BN1453BS', '70122180.0', 'INNOVA G AIRBAG 2.0 4X2 MT B 2014', '>1500<2500', 3, 8),
(95, 'BG1466UB', '70165372.0', 'AGYA G 1.0 4X2 MT B 2016', '<1500', 1, 10),
(96, 'BG1465UB', '70165369.0', 'AGYA G 1.0 4X2 MT B 2016', '<1500', 1, 10),
(97, 'BN1865PE', '70192351.0', 'ALTIS V 1.8 4X2 AT B 2017', '>1500<2500', 1, 9),
(98, 'BG1267RY', '70192376.0', 'ALTIS V 1.8 4X2 AT B 2017', '>1500<2500', 1, 9),
(99, 'BG1231AP', '70136674.0', 'ALTIS V ALL NEW COROLLA 1.8 4X2 AT 2014', '>1500<2500', 1, 9),
(100, 'BG9633NU', '70152182.0', 'APV BV HIGH 1.5 4X2 MT B 2015', '<1500', 1, 10),
(101, 'BG9632NU', '70152184.0', 'APV BV HIGH 1.5 4X2 MT B 2015', '<1500', 1, 10),
(102, 'B9895UCQ', '70180058.0', 'APV BV HIGH 1.5 4X2 MT B 2016', '<1500', 1, 10),
(103, 'B9894UCQ', '70180064.0', 'APV BV HIGH 1.5 4X2 MT B 2016', '<1500', 1, 10),
(104, 'BG1685IB', '70114157.0', 'AVANZA E NEW AIRBAG 1.3 4X2 MT B 2013', '<1500', 1, 10),
(105, 'BG1558ZV', '70108164.0', 'AVANZA E NEW AIRBAG 1.3 4X2 MT B 2013', '<1500', 1, 10),
(106, 'BG1557ZV', '70108169.0', 'AVANZA E NEW AIRBAG 1.3 4X2 MT B 2013', '<1500', 1, 10),
(107, 'B1144UZZ', '70113662.0', 'AVANZA G NEW AIRBAG 1.3 4X2 AT B 2013', '<1500', 1, 10),
(108, 'BG1863IL', '70149289.0', 'AVANZA G NEW AIRBAG 1.3 4X2 AT B 2015', '<1500', 1, 10),
(109, 'B1217UZZ', '70111781.0', 'AVANZA G NEW AIRBAG 1.3 4X2 MT B 2013', '<1500', 1, 10),
(110, 'B1370UZZ', '70113125.0', 'AVANZA G NEW AIRBAG 1.3 4X2 MT B 2013', '<1500', 1, 10),
(111, 'BG1584IB', '70113948.0', 'AVANZA G NEW AIRBAG 1.3 4X2 MT B 2013', '<1500', 1, 10),
(112, 'B1585UZZ', '70112593.0', 'AVANZA G NEW AIRBAG 1.3 4X2 MT B 2013', '<1500', 1, 10),
(113, 'B1437UZZ', '70111863.0', 'AVANZA G NEW AIRBAG 1.3 4X2 MT B 2013', '<1500', 1, 10),
(114, 'B1337UZZ', '70111764.0', 'AVANZA G NEW AIRBAG 1.3 4X2 MT B 2013', '<1500', 1, 10),
(115, 'B1462UZZ', '70113476.0', 'AVANZA G NEW AIRBAG 1.3 4X2 MT B 2013', '<1500', 1, 10),
(116, 'B1149UZZ', '70111832.0', 'AVANZA G NEW AIRBAG 1.3 4X2 MT B 2013', '<1500', 1, 10),
(117, 'B1246UZZ', '70113096.0', 'AVANZA G NEW AIRBAG 1.3 4X2 MT B 2013', '<1500', 1, 10),
(118, 'B1703UZZ', '70114384.0', 'AVANZA G NEW AIRBAG 1.3 4X2 MT B 2013', '<1500', 1, 10),
(119, 'B1011URA', '70113036.0', 'AVANZA G NEW AIRBAG 1.3 4X2 MT B 2013', '<1500', 1, 10),
(120, 'BG1826AB', '70123490.0', 'AVANZA G NEW AIRBAG 1.3 4X2 MT B 2014', '<1500', 1, 10),
(121, 'BG1089AP', '70136437.0', 'AVANZA G NEW AIRBAG 1.3 4X2 MT B 2014', '<1500', 1, 10),
(122, 'BG1065AP', '70136438.0', 'AVANZA G NEW AIRBAG 1.3 4X2 MT B 2014', '<1500', 1, 10),
(123, 'BG1053AP', '70136434.0', 'AVANZA G NEW AIRBAG 1.3 4X2 MT B 2014', '<1500', 1, 10),
(124, 'BG1051AP', '70136459.0', 'AVANZA G NEW AIRBAG 1.3 4X2 MT B 2014', '<1500', 1, 10),
(125, 'BG1087AP', '70136450.0', 'AVANZA G NEW AIRBAG 1.3 4X2 MT B 2014', '<1500', 1, 10),
(126, 'BG1086AP', '70136441.0', 'AVANZA G NEW AIRBAG 1.3 4X2 MT B 2014', '<1500', 1, 10),
(127, 'BG1052AP', '70136461.0', 'AVANZA G NEW AIRBAG 1.3 4X2 MT B 2014', '<1500', 1, 10),
(128, 'BG1825AB', '70123501.0', 'AVANZA G NEW AIRBAG 1.3 4X2 MT B 2014', '<1500', 1, 10),
(129, 'BN1658PA', '70125383.0', 'AVANZA G NEW AIRBAG 1.3 4X2 MT B 2014', '<1500', 1, 10),
(130, 'BN1455BS', '70127609.0', 'AVANZA G NEW AIRBAG 1.3 4X2 MT B 2014', '<1500', 1, 10),
(131, 'BG1691BS', '70136432.0', 'AVANZA G NEW AIRBAG 1.3 4X2 MT B 2014', '<1500', 1, 10),
(132, 'BG1677AO', '70136511.0', 'AVANZA G NEW AIRBAG 1.3 4X2 MT B 2014', '<1500', 1, 10),
(133, 'BG1374AO', '70134787.0', 'AVANZA G NEW AIRBAG 1.3 4X2 MT B 2014', '<1500', 1, 10),
(134, 'BG1829AB', '70123494.0', 'AVANZA G NEW AIRBAG 1.3 4X2 MT B 2014', '<1500', 1, 10),
(135, 'B1235URT', '70135157.0', 'AVANZA G NEW AIRBAG 1.3 4X2 MT B 2014', '<1500', 1, 10),
(136, 'BE2958BX', '70139150.0', 'AVANZA G NEW AIRBAG 1.3 4X2 MT B 2014', '<1500', 1, 10),
(137, 'B1721UYN', '70151280.0', 'AVANZA G NEW AIRBAG 1.3 4X2 MT B 2015', '<1500', 1, 10),
(138, 'B1291UYP', '70154811.0', 'AVANZA G NEW AIRBAG 1.3 4X2 MT B 2015', '<1500', 1, 10),
(139, 'BG1754IL', '70149354.0', 'AVANZA G NEW AIRBAG 1.3 4X2 MT B 2015', '<1500', 1, 10),
(140, 'B1864UYO', '70151153.0', 'AVANZA G NEW AIRBAG 1.3 4X2 MT B 2015', '<1500', 1, 10),
(141, 'B1732UYN', '70151501.0', 'AVANZA G NEW AIRBAG 1.3 4X2 MT B 2015', '<1500', 1, 10),
(142, 'B1978UYO', '70155899.0', 'AVANZA G NEW AIRBAG 1.3 4X2 MT B 2015', '<1500', 1, 10),
(143, 'B1866UYO', '70151156.0', 'AVANZA G NEW AIRBAG 1.3 4X2 MT B 2015', '<1500', 1, 10),
(144, 'B1064UYP', '70156112.0', 'AVANZA G NEW AIRBAG 1.3 4X2 MT B 2015', '<1500', 1, 10),
(145, 'B1989UYO', '70155895.0', 'AVANZA G NEW AIRBAG 1.3 4X2 MT B 2015', '<1500', 1, 10),
(146, 'B1860UYO', '70151161.0', 'AVANZA G NEW AIRBAG 1.3 4X2 MT B 2015', '<1500', 1, 10),
(147, 'B1840UYO', '70151159.0', 'AVANZA G NEW AIRBAG 1.3 4X2 MT B 2015', '<1500', 1, 10),
(148, 'B1725UYN', '70151423.0', 'AVANZA G NEW AIRBAG 1.3 4X2 MT B 2015', '<1500', 1, 10),
(149, 'B1763UYN', '70151302.0', 'AVANZA G NEW AIRBAG 1.3 4X2 MT B 2015', '<1500', 1, 10),
(150, 'B1717UYN', '70151299.0', 'AVANZA G NEW AIRBAG 1.3 4X2 MT B 2015', '<1500', 1, 10),
(151, 'B1851UYO', '70151283.0', 'AVANZA G NEW AIRBAG 1.3 4X2 MT B 2015', '<1500', 1, 10),
(152, 'B1586UYP', '70151740.0', 'AVANZA G NEW AIRBAG 1.3 4X2 MT B 2015', '<1500', 1, 10),
(153, 'D1328ADK', '70152814.0', 'AVANZA G NEW AIRBAG 1.3 4X2 MT B 2015', '<1500', 1, 10),
(154, 'BG1557IP', '70146321.0', 'AVANZA G NEW AIRBAG 1.3 4X2 MT B 2015', '<1500', 1, 10),
(155, 'B1963UYO', '70156488.0', 'AVANZA G NEW AIRBAG 1.3 4X2 MT B 2015', '<1500', 1, 10),
(156, 'B1790UYO', '70151282.0', 'AVANZA G NEW AIRBAG 1.3 4X2 MT B 2015', '<1500', 1, 10),
(157, 'BN3161BS', '70146548.0', 'AVANZA G NEW AIRBAG 1.3 4X2 MT B 2015', '<1500', 1, 10),
(158, 'BN1745PB', '70144392.0', 'AVANZA G NEW AIRBAG 1.3 4X2 MT B 2015', '<1500', 1, 10),
(159, 'BG1663IP', '70146785.0', 'AVANZA G NEW AIRBAG 1.3 4X2 MT B 2015', '<1500', 1, 10),
(160, 'B1754UYN', '70151290.0', 'AVANZA G NEW AIRBAG 1.3 4X2 MT B 2015', '<1500', 1, 10),
(161, 'B1850UYQ', '70151158.0', 'AVANZA G NEW AIRBAG 1.3 4X2 MT B 2015', '<1500', 1, 10),
(162, 'B1815UYO', '70151284.0', 'AVANZA G NEW AIRBAG 1.3 4X2 MT B 2015', '<1500', 1, 10),
(163, 'D1759ADK', '70152729.0', 'AVANZA G NEW AIRBAG 1.3 4X2 MT B 2015', '<1500', 1, 10),
(164, 'D1705ADL', '70153829.0', 'AVANZA G NEW AIRBAG 1.3 4X2 MT B 2015', '<1500', 1, 10),
(165, 'B1066UYP', '70155896.0', 'AVANZA G NEW AIRBAG 1.3 4X2 MT B 2015', '<1500', 1, 10),
(166, 'B1858UYO', '70154613.0', 'AVANZA G NEW AIRBAG 1.3 4X2 MT B 2015', '<1500', 1, 10),
(167, 'B1759UYN', '70151420.0', 'AVANZA G NEW AIRBAG 1.3 4X2 MT B 2015', '<1500', 1, 10),
(168, 'B1991UYO', '70156068.0', 'AVANZA G NEW AIRBAG 1.3 4X2 MT B 2015', '<1500', 1, 10),
(169, 'B1087UYP', '70156486.0', 'AVANZA G NEW AIRBAG 1.3 4X2 MT B 2015', '<1500', 1, 10),
(170, 'B1794UYO', '70151162.0', 'AVANZA G NEW AIRBAG 1.3 4X2 MT B 2015', '<1500', 1, 10),
(171, 'B1792UYO', '70151155.0', 'AVANZA G NEW AIRBAG 1.3 4X2 MT B 2015', '<1500', 1, 10),
(172, 'B1766UYN', '70151430.0', 'AVANZA G NEW AIRBAG 1.3 4X2 MT B 2015', '<1500', 1, 10),
(173, 'B1857UYO', '70151157.0', 'AVANZA G NEW AIRBAG 1.3 4X2 MT B 2015', '<1500', 1, 10),
(174, 'BG1556IP', '70146259.0', 'AVANZA G NEW AIRBAG 1.3 4X2 MT B 2015', '<1500', 1, 10),
(175, 'B1774UYN', '70151272.0', 'AVANZA G NEW AIRBAG 1.3 4X2 MT B 2015', '<1500', 1, 10),
(176, 'B1834UYO', '70151739.0', 'AVANZA G NEW AIRBAG 1.3 4X2 MT B 2015', '<1500', 1, 10),
(177, 'B1738UYN', '70151164.0', 'AVANZA G NEW AIRBAG 1.3 4X2 MT B 2015', '<1500', 1, 10),
(178, 'B1760UYN', '70151165.0', 'AVANZA G NEW AIRBAG 1.3 4X2 MT B 2015', '<1500', 1, 10),
(179, 'B1740UYN', '70151271.0', 'AVANZA G NEW AIRBAG 1.3 4X2 MT B 2015', '<1500', 1, 10),
(180, 'B1749UYN', '70151170.0', 'AVANZA G NEW AIRBAG 1.3 4X2 MT B 2015', '<1500', 1, 10),
(181, 'BG1027UH', '70178997.0', 'AVANZA GRAND E AB 1.3 4X2 MT B 2016', '<1500', 1, 10),
(182, 'BG1628UW', '70182201.0', 'AVANZA GRAND E AB 1.3 4X2 MT B 2016', '<1500', 1, 10),
(183, 'BG1560RA', '70187752.0', 'AVANZA GRAND E AB 1.3 4X2 MT B 2017', '<1500', 1, 10),
(184, 'BARU033660', '70194061.0', 'AVANZA GRAND E AB 1.3 4X2 MT B 2017', '<1500', 1, 10),
(185, 'BARU033310', '70194060.0', 'AVANZA GRAND E AB 1.3 4X2 MT B 2017', '<1500', 1, 10),
(186, 'BARU034123', '70194059.0', 'AVANZA GRAND E AB 1.3 4X2 MT B 2017', '<1500', 1, 10),
(187, 'BN1266PD', '70168851.0', 'AVANZA GRAND G AB 1.3 4X2 AT B 2016', '<1500', 1, 10),
(188, 'BG1766UQ', '70185621.0', 'AVANZA GRAND G AB 1.3 4X2 AT B 2017', '<1500', 1, 10),
(189, 'BG1047QY', '70185850.0', 'AVANZA GRAND G AB 1.3 4X2 AT B 2017', '<1500', 1, 10),
(190, 'BG1036RY', '70192520.0', 'AVANZA GRAND G AB 1.3 4X2 AT B 2017', '<1500', 1, 10),
(191, 'BG1038RY', '70192517.0', 'AVANZA GRAND G AB 1.3 4X2 AT B 2017', '<1500', 1, 10),
(192, 'BN1851PC', '70163821.0', 'AVANZA GRAND G AB 1.3 4X2 MT B 2015', '<1500', 1, 10),
(193, 'B1245NON', '70163286.0', 'AVANZA GRAND G AB 1.3 4X2 MT B 2015', '<1500', 1, 10),
(194, 'B1337NON', '70163320.0', 'AVANZA GRAND G AB 1.3 4X2 MT B 2015', '<1500', 1, 10),
(195, 'B1318NON', '70163319.0', 'AVANZA GRAND G AB 1.3 4X2 MT B 2015', '<1500', 1, 10),
(196, 'B1297NON', '70163297.0', 'AVANZA GRAND G AB 1.3 4X2 MT B 2015', '<1500', 1, 10),
(197, 'B1277NON', '70163393.0', 'AVANZA GRAND G AB 1.3 4X2 MT B 2015', '<1500', 1, 10),
(198, 'B1256NON', '70163269.0', 'AVANZA GRAND G AB 1.3 4X2 MT B 2015', '<1500', 1, 10),
(199, 'BG1228UG', '70173731.0', 'AVANZA GRAND G AB 1.3 4X2 MT B 2016', '<1500', 1, 10),
(200, 'B1209NOS', '70174646.0', 'AVANZA GRAND G AB 1.3 4X2 MT B 2016', '<1500', 1, 10),
(201, 'B1226NOS', '70174648.0', 'AVANZA GRAND G AB 1.3 4X2 MT B 2016', '<1500', 1, 10),
(202, 'B1223NOS', '70174649.0', 'AVANZA GRAND G AB 1.3 4X2 MT B 2016', '<1500', 1, 10),
(203, 'B1247NOR', '70171377.0', 'AVANZA GRAND G AB 1.3 4X2 MT B 2016', '<1500', 1, 10),
(204, 'B1171NOR', '70172621.0', 'AVANZA GRAND G AB 1.3 4X2 MT B 2016', '<1500', 1, 10),
(205, 'B1314NOS', '70174692.0', 'AVANZA GRAND G AB 1.3 4X2 MT B 2016', '<1500', 1, 10),
(206, 'B1323NOR', '70171527.0', 'AVANZA GRAND G AB 1.3 4X2 MT B 2016', '<1500', 1, 10),
(207, 'B1207NOR', '70171970.0', 'AVANZA GRAND G AB 1.3 4X2 MT B 2016', '<1500', 1, 10),
(208, 'BG1215UG', '70173517.0', 'AVANZA GRAND G AB 1.3 4X2 MT B 2016', '<1500', 1, 10),
(209, 'BG1312UG', '70173729.0', 'AVANZA GRAND G AB 1.3 4X2 MT B 2016', '<1500', 1, 10),
(210, 'BG1061UG', '70172984.0', 'AVANZA GRAND G AB 1.3 4X2 MT B 2016', '<1500', 1, 10),
(211, 'B1183NOS', '70175009.0', 'AVANZA GRAND G AB 1.3 4X2 MT B 2016', '<1500', 1, 10),
(212, 'B1179NOS', '70174638.0', 'AVANZA GRAND G AB 1.3 4X2 MT B 2016', '<1500', 1, 10),
(213, 'BG1062UG', '70173195.0', 'AVANZA GRAND G AB 1.3 4X2 MT B 2016', '<1500', 1, 10),
(214, 'B1317NOS', '70174684.0', 'AVANZA GRAND G AB 1.3 4X2 MT B 2016', '<1500', 1, 10),
(215, 'B1229NOS', '70174652.0', 'AVANZA GRAND G AB 1.3 4X2 MT B 2016', '<1500', 1, 10),
(216, 'BG1314UG', '70173199.0', 'AVANZA GRAND G AB 1.3 4X2 MT B 2016', '<1500', 1, 10),
(217, 'BG1812UE', '70171845.0', 'AVANZA GRAND G AB 1.3 4X2 MT B 2016', '<1500', 1, 10),
(218, 'BG1732UD', '70169144.0', 'AVANZA GRAND G AB 1.3 4X2 MT B 2016', '<1500', 1, 10),
(219, 'BG1731UD', '70169985.0', 'AVANZA GRAND G AB 1.3 4X2 MT B 2016', '<1500', 1, 10),
(220, 'BG1730UD', '70169139.0', 'AVANZA GRAND G AB 1.3 4X2 MT B 2016', '<1500', 1, 10),
(221, 'BG1213UG', '70173514.0', 'AVANZA GRAND G AB 1.3 4X2 MT B 2016', '<1500', 1, 10),
(222, 'BG1053UG', '70172980.0', 'AVANZA GRAND G AB 1.3 4X2 MT B 2016', '<1500', 1, 10),
(223, 'BG1839UD', '70168780.0', 'AVANZA GRAND G AB 1.3 4X2 MT B 2016', '<1500', 1, 10),
(224, 'BN1138PE', '70183571.0', 'AVANZA GRAND G AB 1.3 4X2 MT B 2016', '<1500', 1, 10),
(225, 'B1071NWK', '70168636.0', 'AVANZA GRAND G AB 1.3 4X2 MT B 2016', '<1500', 1, 10),
(226, 'BG1054UG', '70172989.0', 'AVANZA GRAND G AB 1.3 4X2 MT B 2016', '<1500', 1, 10),
(227, 'BG1055UG', '70172987', 'AVANZA GRAND G AB 1.3 4X2 MT B 2016', '<1500', 1, 10),
(228, 'BG1217UG', '70173516', 'AVANZA GRAND G AB 1.3 4X2 MT B 2016', '<1500', 1, 10),
(229, 'BG1057UG', '70173203.0', 'AVANZA GRAND G AB 1.3 4X2 MT B 2016', '<1500', 1, 10),
(230, 'BG1310UG', '70173725.0', 'AVANZA GRAND G AB 1.3 4X2 MT B 2016', '<1500', 1, 10),
(231, 'BG1301UD', '70167512.0', 'AVANZA GRAND G AB 1.3 4X2 MT B 2016', '<1500', 1, 10),
(232, 'BG1051UG', '70172985.0', 'AVANZA GRAND G AB 1.3 4X2 MT B 2016', '<1500', 1, 10),
(233, 'BG1455UF', '70172394.0', 'AVANZA GRAND G AB 1.3 4X2 MT B 2016', '<1500', 1, 10),
(234, 'B1217NOR', '70171891.0', 'AVANZA GRAND G AB 1.3 4X2 MT B 2016', '<1500', 1, 10),
(235, 'B1059NWK', '70168637.0', 'AVANZA GRAND G AB 1.3 4X2 MT B 2016', '<1500', 1, 10),
(236, 'BG1049UG', '70172978.0', 'AVANZA GRAND G AB 1.3 4X2 MT B 2016', '<1500', 1, 10),
(237, 'B1316NOS', '70174690.0', 'AVANZA GRAND G AB 1.3 4X2 MT B 2016', '<1500', 1, 10),
(238, 'B1315NOS', '70174689.0', 'AVANZA GRAND G AB 1.3 4X2 MT B 2016', '<1500', 1, 10),
(239, 'BG1449NI', '70195039.0', 'AVANZA G 1.3 4X2 MT B 2017', '<1500', 1, 10),
(240, 'B1863UYO', '70151160.0', 'AVANZA G NEW AIRBAG 1.3 4X2 MT B 2015', '<1500', 1, 10),
(241, 'BG1056UG', '70173206.0', 'AVANZA GRAND G AB 1.3 4X2 MT B 2016', '<1500', 1, 10),
(242, 'BG1060UG', '70173197.0', 'AVANZA GRAND G AB 1.3 4X2 MT B 2016', '<1500', 1, 10),
(243, 'BG1050UG', '70173204.0', 'AVANZA GRAND G AB 1.3 4X2 MT B 2016', '<1500', 1, 10),
(244, 'BG1216UG', '70173515.0', 'AVANZA GRAND G AB 1.3 4X2 MT B 2016', '<1500', 1, 10),
(245, 'BG1240UG', '70173275', 'AVANZA GRAND G AB 1.3 4X2 MT B 2016', '<1500', 1, 10),
(246, 'BG1051UC', '70165943.0', 'AVANZA GRAND G AB 1.3 4X2 MT B 2016', '<1500', 1, 10),
(247, 'BG1219UG', '70173660.0', 'AVANZA GRAND G AB 1.3 4X2 MT B 2016', '<1500', 1, 10),
(248, 'BG1218UG', '70173521.0', 'AVANZA GRAND G AB 1.3 4X2 MT B 2016', '<1500', 1, 10),
(249, 'BG1214UG', '70173519.0', 'AVANZA GRAND G AB 1.3 4X2 MT B 2016', '<1500', 1, 10),
(250, 'BG1059UG', '70173201.0', 'AVANZA GRAND G AB 1.3 4X2 MT B 2016', '<1500', 1, 10),
(251, 'B1313NOS', '70174687.0', 'AVANZA GRAND G AB 1.3 4X2 MT B 2016', '<1500', 1, 10),
(252, 'BG1315UG', '70173726.0', 'AVANZA GRAND G AB 1.3 4X2 MT B 2016', '<1500', 1, 10),
(253, 'BG1052UG', '70173202.0', 'AVANZA GRAND G AB 1.3 4X2 MT B 2016', '<1500', 1, 10),
(254, 'BH1707HT', '70173219.0', 'AVANZA GRAND G AB 1.3 4X2 MT B 2016', '<1500', 1, 10),
(255, 'BM1989NS', '70173518.0', 'AVANZA GRAND G AB 1.3 4X2 MT B 2016', '<1500', 1, 10),
(256, 'BG1311UG', '70173727.0', 'AVANZA GRAND G AB 1.3 4X2 MT B 2016', '<1500', 1, 10),
(257, 'BG1446RE', '70188625.0', 'AVANZA GRAND G AB 1.3 4X2 MT B 2017', '<1500', 1, 10),
(258, 'BG1443RE', '70188622.0', 'AVANZA GRAND G AB 1.3 4X2 MT B 2017', '<1500', 1, 10),
(259, 'BG1442RE', '70188624.0', 'AVANZA GRAND G AB 1.3 4X2 MT B 2017', '<1500', 1, 10),
(260, 'BG1922RR', '70190808.0', 'AVANZA GRAND G AB 1.3 4X2 MT B 2017', '<1500', 1, 10),
(261, 'BG1918RR', '70190740.0', 'AVANZA GRAND G AB 1.3 4X2 MT B 2017', '<1500', 1, 10),
(262, 'BG1916RR', '70190739.0', 'AVANZA GRAND G AB 1.3 4X2 MT B 2017', '<1500', 1, 10),
(263, 'BG1045RR', '70190807.0', 'AVANZA GRAND G AB 1.3 4X2 MT B 2017', '<1500', 1, 10),
(264, 'BG1043RR', '70190590.0', 'AVANZA GRAND G AB 1.3 4X2 MT B 2017', '<1500', 1, 10),
(265, 'BG1040RY', '70192528.0', 'AVANZA GRAND G AB 1.3 4X2 MT B 2017', '<1500', 1, 10),
(266, 'BG1074RY', '70192526.0', 'AVANZA GRAND G AB 1.3 4X2 MT B 2017', '<1500', 1, 10),
(267, 'BG1078RY', '70192522.0', 'AVANZA GRAND G AB 1.3 4X2 MT B 2017', '<1500', 1, 10),
(268, 'BG1637UQ', '70185623.0', 'AVANZA GRAND G AB 1.3 4X2 MT B 2017', '<1500', 1, 10),
(269, 'BG1633UQ', '70185783.0', 'AVANZA GRAND G AB 1.3 4X2 MT B 2017', '<1500', 1, 10),
(270, 'BG1026RS', '70191429.0', 'AVANZA GRAND G AB 1.3 4X2 MT B 2017', '<1500', 1, 10),
(271, 'BG1638UQ', '70185624.0', 'AVANZA GRAND G AB 1.3 4X2 MT B 2017', '<1500', 1, 10),
(272, 'BG1076RY', '70192821.0', 'AVANZA GRAND G AB 1.3 4X2 MT B 2017', '<1500', 1, 10),
(273, 'BG1042RY', '70192531.0', 'AVANZA GRAND G AB 1.3 4X2 MT B 2017', '<1500', 1, 10),
(274, 'BG1635UQ', '70185622.0', 'AVANZA GRAND G AB 1.3 4X2 MT B 2017', '<1500', 1, 10),
(275, 'BG1782RE', '70189102.0', 'AVANZA GRAND VELOZ AB 1.3 4X2 AT B 2017', '<1500', 1, 10),
(276, 'BG1216RY', '70189092.0', 'AVANZA GRAND VELOZ AB 1.3 4X2 AT B 2017', '<1500', 1, 10),
(277, 'BG1716RJ', '70190589.0', 'AVANZA GRAND VELOZ AB 1.3 4X2 MT B 2017', '<1500', 1, 10),
(278, 'BN1864PE', '70192353.0', 'AVANZA GRAND VELOZ AB 1.3 4X2 MT B 2017', '<1500', 1, 10),
(279, 'BG1886RE', '70189091.0', 'AVANZA GRAND VELOZ AB 1.3 4X2 MT B 2017', '<1500', 1, 10),
(280, 'BG1794RE', '70189093.0', 'AVANZA GRAND VELOZ AB 1.3 4X2 MT B 2017', '<1500', 1, 10),
(281, 'BG1817UI', '70179001.0', 'AVANZA GRAND VELOZ AB 1.5 4X2 AT B 2016', '<1500', 1, 10),
(282, 'BG1662UI', '70179003.0', 'AVANZA GRAND VELOZ AB 1.5 4X2 AT B 2016', '<1500', 1, 10),
(283, 'BG1327UI', '70179000.0', 'AVANZA GRAND VELOZ AB 1.5 4X2 AT B 2016', '<1500', 1, 10),
(284, 'BG1058IV', '70156536.0', 'AVANZA NEW VELOZ AIRBAG 1.5 4X2 AT 2015', '<1500', 1, 10),
(285, 'BG1788IK', '70121618.0', 'AVANZA NEW VELOZ AIRBAG 1.5 4X2 MT 2014', '<1500', 1, 10),
(286, 'BG1955BS', '70123511.0', 'AVANZA NEW VELOZ AIRBAG 1.5 4X2 MT 2014', '<1500', 1, 10),
(287, 'BG1121AP', '70136715.0', 'AVANZA NEW VELOZ AIRBAG 1.5 4X2 MT 2014', '<1500', 1, 10),
(288, 'BG1778IL', '70149364.0', 'AVANZA NEW VELOZ AIRBAG 1.5 4X2 MT 2015', '<1500', 1, 10),
(289, 'BG1582IL', '70149488.0', 'AVANZA NEW VELOZ AIRBAG 1.5 4X2 MT 2015', '<1500', 1, 10),
(290, 'BG1833AP', '70139072.0', 'AYLA M NEW 1.0 4X2 MT B 2014', '<1500', 1, 10),
(291, 'BG1901QY', '70187535.0', 'AYLA X ELEGANT 1.0 4X2 MT B 2017', '<1500', 1, 10),
(292, 'BG1742QY', '70186654.0', 'CALYA G 1.2 4X2 MT B 2017', '<1500', 1, 10),
(293, 'BG1605QY', '70186655.0', 'CALYA G 1.2 4X2 MT B 2017', '<1500', 1, 10),
(294, 'BG1470AP', '70137990.0', 'CAMRY ALL NEW G 2.5 4X2 AT B 2014', '>1500<2500', 1, 9),
(295, 'BG58BS', '70171273.0', 'CAMRY V 2.5 4X2 AT B 2016', '>1500<2500', 1, 9),
(296, 'BG57BS', '70170477.0', 'CAMRY V 2.5 4X2 AT B 2016', '>1500<2500', 1, 9),
(297, 'BG36BS', '70171203.0', 'CAMRY V 2.5 4X2 AT B 2016', '>1500<2500', 1, 9),
(298, 'BG1BS', '70170482.0', 'CAMRY V 2.5 4X2 AT B 2016', '>1500<2500', 1, 9),
(299, 'BG1460ZH', '70092170.0', 'CARRY REAL VAN GX 1.5 4X2 MT B 2012', '<1500', 1, 10),
(300, 'BG1372ZH', '70092161.0', 'CARRY REAL VAN GX 1.5 4X2 MT B 2012', '<1500', 1, 10),
(301, 'BG1153ZC', '70088140.0', 'CARRY REAL VAN GX 1.5 4X2 MT B 2012', '<1500', 1, 10),
(302, 'BG1152ZC', '70088137.0', 'CARRY REAL VAN GX 1.5 4X2 MT B 2012', '<1500', 1, 10),
(303, 'BG1151ZC', '70088136.0', 'CARRY REAL VAN GX 1.5 4X2 MT B 2012', '<1500', 1, 10),
(304, 'BG1150ZC', '70088132.0', 'CARRY REAL VAN GX 1.5 4X2 MT B 2012', '<1500', 1, 10),
(305, 'BG1148ZC', '70088129.0', 'CARRY REAL VAN GX 1.5 4X2 MT B 2012', '<1500', 1, 10),
(306, 'BG1028ZH', '70091731.0', 'CARRY REAL VAN GX 1.5 4X2 MT B 2012', '<1500', 1, 10),
(307, 'BG1027ZH', '70091728.0', 'CARRY REAL VAN GX 1.5 4X2 MT B 2012', '<1500', 1, 10),
(308, 'BG1026ZH', '70091730.0', 'CARRY REAL VAN GX 1.5 4X2 MT B 2012', '<1500', 1, 10),
(309, 'BG1025ZH', '70091726.0', 'CARRY REAL VAN GX 1.5 4X2 MT B 2012', '<1500', 1, 10),
(310, 'BE2986YL', '70093410.0', 'CARRY REAL VAN GX 1.5 4X2 MT B 2012', '<1500', 1, 10),
(311, 'BG1478IB', '70112971.0', 'CARRY REAL VAN GX 1.5 4X2 MT B 2013', '<1500', 1, 10),
(312, 'BG1477IB', '70112981.0', 'CARRY REAL VAN GX 1.5 4X2 MT B 2013', '<1500', 1, 10),
(313, 'BG1476IB', '70112982.0', 'CARRY REAL VAN GX 1.5 4X2 MT B 2013', '<1500', 1, 10),
(314, 'BG1475IB', '70112976.0', 'CARRY REAL VAN GX 1.5 4X2 MT B 2013', '<1500', 1, 10),
(315, 'BG1275IH', '70119498.0', 'CARRY REAL VAN GX 1.5 4X2 MT B 2013', '<1500', 1, 10),
(316, 'BG1270IH', '70119495.0', 'CARRY REAL VAN GX 1.5 4X2 MT B 2013', '<1500', 1, 10),
(317, 'BG1048ZV', '70106858.0', 'CARRY REAL VAN GX 1.5 4X2 MT B 2013', '<1500', 1, 10),
(318, 'BG1047ZV', '70106855.0', 'CARRY REAL VAN GX 1.5 4X2 MT B 2013', '<1500', 1, 10),
(319, 'BG1474IB', '70112978.0', 'CARRY REAL VAN GX 1.5 4X2 MT B 2013', '<1500', 1, 10),
(320, 'BE2894YS', '70118119.0', 'CARRY REAL VAN GX 1.5 4X2 MT B 2013', '<1500', 1, 10),
(321, 'BE2705YL', '70094881.0', 'CARRY REAL VAN GX 1.5 4X2 MT B 2013', '<1500', 1, 10),
(322, 'BG193BS', '70176781.0', 'CIVIC ALL NEW 1.5 4X2 AT B 2016', '<1500', 1, 10),
(323, 'BG8502UI', '70182234.0', 'COLT-D FE 71 100PS 4B 4.0 4X2 BOX 2016', '>2500', 3, 7),
(324, 'BG8239UI', '70177902.0', 'COLT-D FE 71 100PS 4B 4.0 4X2 BOX 2016', '>2500', 3, 7),
(325, 'BG8240UI', '70175971.0', 'COLT-D FE 71 100PS 4B 4.0 MT D BOX 2016', '>2500', 3, 7),
(326, 'D8166DM', '70010207.0', 'COLT-D FE 71 110PS 4B 4.0 4X2 MT BOX 10', '>2500', 3, 7),
(327, 'BG8955LO', '70082220.0', 'COLT-D FE 71 110PS 4B 4.0 MT D BOX 2012', '>2500', 3, 7),
(328, 'BG8903LO', '70081935.0', 'COLT-D FE 71 110PS 4B 4.0 MT D BOX 2012', '>2500', 3, 7),
(329, 'BG8936US', '70111690.0', 'COLT-D FE 71 110PS 4B 4.0 MT D BOX 2013', '>2500', 3, 7),
(330, 'BG8238US', '70103262.0', 'COLT-D FE 71 110PS 4B 4.0 MT D BOX 2013', '>2500', 3, 7),
(331, 'BG8917US', '70110910.0', 'COLT-D FE 71 110PS 4B 4.0 MT D BOX 2013', '>2500', 3, 7),
(332, 'BG8982UR', '70101303.0', 'COLT-D FE 71 110PS 4B 4.0 MT D BOX 2013', '>2500', 3, 7),
(333, 'BG8981UR', '70101302.0', 'COLT-D FE 71 110PS 4B 4.0 MT D BOX 2013', '>2500', 3, 7),
(334, 'BG8980UR', '70102162.0', 'COLT-D FE 71 110PS 4B 4.0 MT D BOX 2013', '>2500', 3, 7),
(335, 'BG8979UR', '70102159.0', 'COLT-D FE 71 110PS 4B 4.0 MT D BOX 2013', '>2500', 3, 7),
(336, 'BG8735UV', '70117392.0', 'COLT-D FE 71 110PS 4B 4.0 MT D BOX 2013', '>2500', 3, 7),
(337, 'BG8734UV', '70117380.0', 'COLT-D FE 71 110PS 4B 4.0 MT D BOX 2013', '>2500', 3, 7),
(338, 'BG8733UV', '70117390.0', 'COLT-D FE 71 110PS 4B 4.0 MT D BOX 2013', '>2500', 3, 7),
(339, 'BG8732UV', '70117389.0', 'COLT-D FE 71 110PS 4B 4.0 MT D BOX 2013', '>2500', 3, 7),
(340, 'BG8731UV', '70117285.0', 'COLT-D FE 71 110PS 4B 4.0 MT D BOX 2013', '>2500', 3, 7),
(341, 'BG8730UV', '70117379.0', 'COLT-D FE 71 110PS 4B 4.0 MT D BOX 2013', '>2500', 3, 7),
(342, 'BG8729UV', '70117393.0', 'COLT-D FE 71 110PS 4B 4.0 MT D BOX 2013', '>2500', 3, 7),
(343, 'BG8728UV', '70117384.0', 'COLT-D FE 71 110PS 4B 4.0 MT D BOX 2013', '>2500', 3, 7),
(344, 'BG8727UV', '70117368.0', 'COLT-D FE 71 110PS 4B 4.0 MT D BOX 2013', '>2500', 3, 7),
(345, 'BG8726UV', '70117383.0', 'COLT-D FE 71 110PS 4B 4.0 MT D BOX 2013', '>2500', 3, 7),
(346, 'BG8725UV', '70117297.0', 'COLT-D FE 71 110PS 4B 4.0 MT D BOX 2013', '>2500', 3, 7),
(347, 'BG8724UV', '70117387.0', 'COLT-D FE 71 110PS 4B 4.0 MT D BOX 2013', '>2500', 3, 7),
(348, 'N8794AU', '70145006.0', 'COLT-D FE 71 110PS 4B 4.0 MT D BOX 2014', '>2500', 3, 7),
(349, 'BG8506UI', '70182230.0', 'COLT-D FE 73 110PS 6B 4.0 BOX 2016', '>2500', 3, 7),
(350, 'BG8505UI', '70182237.0', 'COLT-D FE 73 110PS 6B 4.0 BOX 2016', '>2500', 3, 7),
(351, 'BG8504UI', '70182223.0', 'COLT-D FE 73 110PS 6B 4.0 BOX 2016', '>2500', 3, 7),
(352, 'BG8503UI', '70182345.0', 'COLT-D FE 73 110PS 6B 4.0 BOX 2016', '>2500', 3, 7),
(353, 'BG8501UI', '70182343.0', 'COLT-D FE 73 110PS 6B 4.0 BOX 2016', '>2500', 3, 7),
(354, 'B9543UCG', '70085294.0', 'COLT-D FE 73 110PS 6B 4.0 MT D BOX 2012', '>2500', 3, 7),
(355, 'D8066EE', '70092964.0', 'COLT-D FE 73 110PS 6B 4.0 MT D BOX 2012', '>2500', 3, 7),
(356, 'BG8503UV', '70117408.0', 'COLT-D FE 73 110PS 6B 4.0 MT D BOX 2013', '>2500', 3, 7),
(357, 'BG8142UV', '70113447.0', 'COLT-D FE 73 110PS 6B 4.0 MT D BOX 2013', '>2500', 3, 7),
(358, 'BG8023UV', '70111682.0', 'COLT-D FE 73 110PS 6B 4.0 MT D BOX 2013', '>2500', 3, 7),
(359, 'BG8985UR', '70100548.0', 'COLT-D FE 73 110PS 6B 4.0 MT D BOX 2013', '>2500', 3, 7),
(360, 'BG8984UR', '70100550.0', 'COLT-D FE 73 110PS 6B 4.0 MT D BOX 2013', '>2500', 3, 7),
(361, 'BG8983UR', '70100552.0', 'COLT-D FE 73 110PS 6B 4.0 MT D BOX 2013', '>2500', 3, 7),
(362, 'BG8506UV', '70117554.0', 'COLT-D FE 73 110PS 6B 4.0 MT D BOX 2013', '>2500', 3, 7),
(363, 'BG8504UV', '70117407.0', 'COLT-D FE 73 110PS 6B 4.0 MT D BOX 2013', '>2500', 3, 7),
(364, 'BG8283UV', '70113477.0', 'COLT-D FE 73 110PS 6B 4.0 MT D BOX 2013', '>2500', 3, 7),
(365, 'BG8251UV', '70113442.0', 'COLT-D FE 73 110PS 6B 4.0 MT D BOX 2013', '>2500', 3, 7),
(366, 'D8849EE', '70095085.0', 'COLT-D FE 73 110PS 6B 4.0 MT D BOX 2013', '>2500', 3, 7),
(367, 'D8504EG', '70102037.0', 'COLT-D FE 73 110PS 6B 4.0 MT D BOX 2013', '>2500', 3, 7),
(368, 'D8508EG', '70102051.0', 'COLT-D FE 73 110PS 6B 4.0 MT D BOX 2013', '>2500', 3, 7),
(369, 'D8506EG', '70102060.0', 'COLT-D FE 73 110PS 6B 4.0 MT D BOX 2013', '>2500', 3, 7),
(370, 'D8957EG', '70106904.0', 'COLT-D FE 73 110PS 6B 4.0 MT D BOX 2013', '>2500', 3, 7),
(371, 'BG8585BS', '70021608.0', 'COLT-D FE71 BAK 4.0 4B 2009', '>2500', 3, 7),
(372, 'BG7708D', '70093530.0', 'COLT-D FE84G BC 136PS 4X2 MT D BUS 2012', '>2500', 3, 7),
(374, 'BG7705D', '70093540.0', 'COLT-D FE84G BC 136PS 4X2 MT D BUS 2012', '>2500', 3, 7),
(376, 'BG7702D', '70093463.0', 'COLT-D FE84G BC 136PS 4X2 MT D BUS 2012', '>2500', 3, 7),
(377, 'BG7701D', '70093465.0', 'COLT-D FE84G BC 136PS 4X2 MT D BUS 2012', '>2500', 3, 7),
(378, 'BE2737YX', '70132986.0', 'COLT-D FE84G BC 136PS 6B 4.0 BUS 2014', '>2500', 3, 6),
(379, 'BE2733YX', '70132982.0', 'COLT-D FE84G BC 136PS 6B 4.0 BUS 2014', '>2500', 3, 6),
(380, 'BE2725YX', '70132990.0', 'COLT-D FE84G BC 136PS 6B 4.0 BUS 2014', '>2500', 3, 6),
(381, 'BG9104NW', '70124755.0', 'COLT-D L300 72PS 2.5 4X2 MT D BOX 2014', '>2500', 3, 7),
(382, 'BG9884NW', '70135524.0', 'COLT-D L300 72PS STD 2.5 MT D BOX 2014', '>2500', 3, 7),
(383, 'BG9598NQ', '70100511.0', 'COLT-D L300 FD 72PS 2.5 4X2 MT D PU 2013', '>2500', 3, 7),
(384, 'BG1358AP', '70137992.0', 'CR-V ALL NEW 2.0 4X2 AT B 2014', '>1500<2500', 1, 9),
(385, 'BG9891NL', '70080116.0', 'D-MAX DC PS 3.0 4X4 MT D PU 2012', '>1500<2500', 3, 8),
(386, 'BG9887NL', '70080114.0', 'D-MAX DC PS 3.0 4X4 MT D PU 2012', '>1500<2500', 3, 8),
(387, 'BG9370NQ', '70104707.0', 'D-MAX RODEO LS PS 3.0 4X4 MT D PU 2012', '>1500<2500', 3, 8),
(388, 'BG9369NQ', '70104700.0', 'D-MAX RODEO LS PS 3.0 4X4 MT D PU 2012', '>1500<2500', 3, 8),
(389, 'BG9368NQ', '70104699.0', 'D-MAX RODEO LS PS 3.0 4X4 MT D PU 2012', '>1500<2500', 3, 8),
(390, 'BG9313NQ', '70104718.0', 'D-MAX RODEO LS PS 3.0 4X4 MT D PU 2012', '>1500<2500', 3, 8),
(391, 'BG9060NM', '70080853.0', 'D-MAX RODEO LS PS 3.0 4X4 MT D PU 2012', '>1500<2500', 3, 8),
(392, 'BG9056NM', '70080978.0', 'D-MAX RODEO LS PS 3.0 4X4 MT D PU 2012', '>1500<2500', 3, 8),
(393, 'BG9211NP', '70093415.0', 'D-MAX SC PS 3.0 4X4 MT D PU 2012', '>1500<2500', 3, 8),
(394, 'BG9050NM', '70080848.0', 'D-MAX SC PS 3.0 4X4 MT D PU 2012', '>1500<2500', 3, 8),
(395, 'BG9049NM', '70080812.0', 'D-MAX SC PS 3.0 4X4 MT D PU 2012', '>1500<2500', 3, 8),
(396, 'KT7832AO', '70142760.0', 'DUTRO 130 HD PS 6B 5.8 4X4 MT D BUS 2014', '>2500', 3, 7),
(397, 'BG8956UO', '70085749.0', 'DYNA 110 FT PS 6B 4.0 4X2 MT D BOX 2012', '>2500', 3, 7),
(398, 'BG8722UV', '70119934.0', 'DYNA 110 FT PS 6B 4.0 4X2 MT D BOX 2012', '>2500', 3, 7),
(399, 'BG8663UV', '70119569.0', 'DYNA 110 FT PS 6B 4.0 4X2 MT D BOX 2012', '>2500', 3, 7),
(400, 'BG8661UV', '70119564.0', 'DYNA 110 FT PS 6B 4.0 4X2 MT D BOX 2012', '>2500', 3, 7),
(401, 'BG8660UV', '70119576.0', 'DYNA 110 FT PS 6B 4.0 4X2 MT D BOX 2012', '>2500', 3, 7),
(402, 'BG8960UO', '70085731.0', 'DYNA 110 FT PS 6B 4.0 4X2 MT D BOX 2012', '>2500', 3, 7),
(403, 'BG8959UO', '70085765.0', 'DYNA 110 FT PS 6B 4.0 4X2 MT D BOX 2012', '>2500', 3, 7),
(404, 'BG8739UQ', '70089756.0', 'DYNA 110 FT PS 6B 4.0 4X2 MT D BOX 2012', '>2500', 3, 7),
(405, 'BG8738UQ', '70089747.0', 'DYNA 110 FT PS 6B 4.0 4X2 MT D BOX 2012', '>2500', 3, 7),
(406, 'BG8735UQ', '70089762.0', 'DYNA 110 FT PS 6B 4.0 4X2 MT D BOX 2012', '>2500', 3, 7),
(407, 'BG8733UQ', '70089765.0', 'DYNA 110 FT PS 6B 4.0 4X2 MT D BOX 2012', '>2500', 3, 7),
(408, 'BG8731UQ', '70089737.0', 'DYNA 110 FT PS 6B 4.0 4X2 MT D BOX 2012', '>2500', 3, 7),
(409, 'BG8730UQ', '70089780.0', 'DYNA 110 FT PS 6B 4.0 4X2 MT D BOX 2012', '>2500', 3, 7),
(410, 'BG8662UV', '70119574.0', 'DYNA 110 FT PS 6B 4.0 4X2 MT D BOX 2012', '>2500', 3, 7),
(411, 'BG8587UO', '70079452.0', 'DYNA 110 FT PS 6B 4.0 4X2 MT D BOX 2012', '>2500', 3, 7),
(412, 'BG8657UQ', '70088282.0', 'DYNA 110 FT PS 6B PS 4.0 4X2 MT CHS 2012', '>2500', 3, 7),
(413, 'BG8796UL', '70056276.0', 'DYNA 110 PS ST 4B 4.0 4X2 MT D BOX 11', '>2500', 3, 7),
(414, 'BG8794UL', '70056273.0', 'DYNA 110 PS ST 4B 4.0 4X2 MT D BOX 11', '>2500', 3, 7),
(415, 'BG8793UL', '70056272.0', 'DYNA 110 PS ST 4B 4.0 4X2 MT D BOX 11', '>2500', 3, 7),
(416, 'BG8490UM', '70061578.0', 'DYNA 110 PS ST 4B 4.0 4X2 MT D BOX 11', '>2500', 3, 7),
(417, 'BG8343UM', '70062214.0', 'DYNA 110 PS ST 4B 4.0 4X2 MT D BOX 11', '>2500', 3, 7),
(418, 'BG8342UM', '70062213.0', 'DYNA 110 PS ST 4B 4.0 4X2 MT D BOX 11', '>2500', 3, 7),
(419, 'BG8328UM', '70063916.0', 'DYNA 110 PS ST 4B 4.0 4X2 MT D BOX 11', '>2500', 3, 7),
(420, 'BG8345UM', '70062209.0', 'DYNA 110 PS ST 4B 4.0 4X2 MT D BOX 11', '>2500', 3, 7),
(421, 'BG8801UL', '70056282.0', 'DYNA 110 PS ST 4B 4.0 4X2 MT D BOX 11', '>2500', 3, 7),
(422, 'BG8346UM', '70062210.0', 'DYNA 110 PS ST 4B 4.0 4X2 MT D BOX 11', '>2500', 3, 7),
(423, 'BG8327UM', '70063905.0', 'DYNA 110 PS ST 4B PS 4.0 MT D BOX 11', '>2500', 3, 7),
(424, 'BG8926UN', '70077171.0', 'DYNA 110 ST PS 4B 4.0 4X2 MT D BOX 2012', '>2500', 3, 7),
(425, 'BG8876UN', '70077179.0', 'DYNA 110 ST PS 4B 4.0 4X2 MT D BOX 2012', '>2500', 3, 7),
(426, 'BG8875UN', '70077183.0', 'DYNA 110 ST PS 4B 4.0 4X2 MT D BOX 2012', '>2500', 3, 7),
(427, 'BG8874UN', '70077191.0', 'DYNA 110 ST PS 4B 4.0 4X2 MT D BOX 2012', '>2500', 3, 7),
(428, 'BG8873UN', '70077185.0', 'DYNA 110 ST PS 4B 4.0 4X2 MT D BOX 2012', '>2500', 3, 7),
(429, 'H1370PW', '70081889.0', 'DYNA HT 130PS HI GEAR 4.0 4X2 TRK 2012', '>2500', 3, 7),
(430, 'H1356PW', '70080412.0', 'DYNA HT 130PS HI GEAR 4.0 4X2 TRK 2012', '>2500', 3, 7),
(431, 'BG9026NU', '70135123.0', 'ELF NKR55 E2 C/O LWB 2.7 MT D BUS 2014', '>2500', 3, 7),
(432, 'BG1427UG', '70174493.0', 'EVALIA ST 1.5 4X2 MT B 2016', '<1500', 1, 10),
(433, 'BG1043UI', '70178034.0', 'EVALIA ST 1.5 4X2 MT B 2016', '<1500', 1, 10),
(434, 'BG1244IA', '70158641.0', 'EVALIA SV 1.5 4X2 MT B 2014', '<1500', 1, 10),
(435, 'BG1639QY', '70186375.0', 'FORTUNER G 2.4 4X2 MT D 2017', '>1500<2500', 3, 8),
(436, 'B1325UJP', '70194289.0', 'FORTUNER G LUX 2.4 4X2 AT D 2017', '>1500<2500', 3, 8),
(437, 'B1293UJP', '70194288.0', 'FORTUNER G LUX 2.4 4X2 AT D 2017', '>1500<2500', 3, 8),
(438, 'B1306UJP', '70194287.0', 'FORTUNER G LUX 2.4 4X2 AT D 2017', '>1500<2500', 3, 8),
(439, 'B1279UJP', '70194286.0', 'FORTUNER G LUX 2.4 4X2 AT D 2017', '>1500<2500', 3, 8),
(440, 'B1324UJP', '70194285.0', 'FORTUNER G LUX 2.4 4X2 AT D 2017', '>1500<2500', 3, 8),
(441, 'B1300UJP', '70194284.0', 'FORTUNER G LUX 2.4 4X2 AT D 2017', '>1500<2500', 3, 8),
(442, 'BG1483IN', '70153596.0', 'FORTUNER G LUX NEW MC 2.7 4X2 AT B 2015', '>2500', 1, 6),
(443, 'BG88UT', '70126880.0', 'FORTUNER V NEW 2.7 4X4 AT B 2014', '>2500', 1, 6),
(444, 'DA8639PH', '70135383.0', 'FORTUNER V NEW MC 2.7 4X4 AT B 2014', '>2500', 1, 6),
(445, 'BG77UT', '70164969.0', 'FORTUNER V NEW MC 2.7 4X4 AT B 2015', '>2500', 1, 6),
(446, 'BG8519DE', '70144854.0', 'FUSO FM 517HS 220PS 6B 8.0 4X2 TRK 2014', '>2500', 3, 3),
(447, 'BG8518DE', '70144860.0', 'FUSO FM 517HS 220PS 6B 8.0 4X2 TRK 2014', '>2500', 3, 3),
(448, 'BH9606AS', '70127306.0', 'GRAN MAX 3W 1.3 4X2 MT B PU 2014', '<1500', 1, 10),
(449, 'BG1723OU', '70211830.0', 'GRAN MAX D MB FH 1.3 4X2 MT B 2018', '<1500', 1, 10),
(450, 'BG1838OS', '70211230.0', 'GRAN MAX D MB FH 1.3 4X2 MT B 2018', '<1500', 1, 10),
(451, 'BG1804OU', '70211831.0', 'GRAN MAX D MB FH 1.3 4X2 MT B 2018', '<1500', 1, 10),
(452, 'BG9195NT', '70139671.0', 'GRAN MAX AC PS 1.5 4X2 MT B BOX 2014', '<1500', 1, 10),
(453, 'BG9074NU', '70155287.0', 'GRAN MAX AC PS 1.5 4X2 MT B DLV 2015', '<1500', 1, 10),
(454, 'BN9007HB', '70094092.0', 'GRAN MAX AC PS 1.5 4X2 MT B PU 2013', '<1500', 1, 10),
(455, 'B1757UYP', '70156657.0', 'GRAN MAX MB 1.5 D PS 4X2 MT B 2015', '<1500', 1, 10),
(456, 'BG9665NW', '70130336.0', 'GRAN MAX BV AC 1.3 4X2 MT B 2014', '<1500', 1, 10),
(457, 'BG9664NW', '70130332.0', 'GRAN MAX BV AC 1.3 4X2 MT B 2014', '<1500', 1, 10),
(458, 'BG9654NW', '70130334.0', 'GRAN MAX BV AC 1.3 4X2 MT B 2014', '<1500', 1, 10),
(459, 'BG9653NW', '70130333.0', 'GRAN MAX BV AC 1.3 4X2 MT B 2014', '<1500', 1, 10),
(460, 'BG9605NW', '70134500.0', 'GRAN MAX BV AC 1.3 4X2 MT B 2014', '<1500', 1, 10),
(461, 'BG9694NW', '70131375.0', 'GRAN MAX BV AC 1.3 4X2 MT B 2014', '<1500', 1, 10),
(462, 'BG9630NW', '70133869.0', 'GRAN MAX BV AC 1.3 4X2 MT B 2014', '<1500', 1, 10),
(463, 'BG9628NW', '70133866.0', 'GRAN MAX BV AC 1.3 4X2 MT B 2014', '<1500', 1, 10),
(464, 'BG9627NW', '70133868.0', 'GRAN MAX BV AC 1.3 4X2 MT B 2014', '<1500', 1, 10),
(465, 'BG9604NW', '70132688.0', 'GRAN MAX BV AC 1.3 4X2 MT B 2014', '<1500', 1, 10),
(466, 'BG9603NW', '70132693.0', 'GRAN MAX BV AC 1.3 4X2 MT B 2014', '<1500', 1, 10),
(467, 'BG9602NW', '70132701.0', 'GRAN MAX BV AC 1.3 4X2 MT B 2014', '<1500', 1, 10),
(468, 'BG9601NW', '70132702.0', 'GRAN MAX BV AC 1.3 4X2 MT B 2014', '<1500', 1, 10),
(469, 'BG9511NW', '70130688.0', 'GRAN MAX BV AC 1.3 4X2 MT B 2014', '<1500', 1, 10),
(470, 'BA8818BQ', '70132152.0', 'GRAN MAX BV AC 1.3 4X2 MT B 2014', '<1500', 1, 10),
(471, 'B9103UCN', '70131880.0', 'GRAN MAX BV AC 1.3 4X2 MT B 2014', '<1500', 1, 10),
(472, 'L9079GF', '70159216.0', 'GRAN MAX BV AC 1.3 4X2 MT B 2015', '<1500', 1, 10),
(473, 'BG9072NS', '70159018.0', 'GRAN MAX BV AC 1.3 4X2 MT B 2015', '<1500', 1, 10),
(474, 'BG9069NS', '70159016.0', 'GRAN MAX BV AC 1.3 4X2 MT B 2015', '<1500', 1, 10),
(475, 'BG9067NS', '70159019.0', 'GRAN MAX BV AC 1.3 4X2 MT B 2015', '<1500', 1, 10),
(476, 'BG9083NU', '70144920.0', 'GRAN MAX BV AC 1.3 4X2 MT B 2015', '<1500', 1, 10),
(477, 'BG9183NS', '70156820.0', 'GRAN MAX BV AC 1.3 4X2 MT B 2015', '<1500', 1, 10),
(478, 'B9742FCE', '70179530.0', 'GRAN MAX BV AC 1.3 4X2 MT B 2016', '<1500', 1, 10),
(479, 'B9733FCE', '70179456.0', 'GRAN MAX BV AC 1.3 4X2 MT B 2016', '<1500', 1, 10),
(480, 'B9731FCE', '70179528.0', 'GRAN MAX BV AC 1.3 4X2 MT B 2016', '<1500', 1, 10),
(481, 'B9730FCE', '70179527.0', 'GRAN MAX BV AC 1.3 4X2 MT B 2016', '<1500', 1, 10),
(482, 'B9633FCE', '70177373.0', 'GRAN MAX BV AC 1.3 4X2 MT B 2016', '<1500', 1, 10),
(483, 'B9632FCE', '70177392.0', 'GRAN MAX BV AC 1.3 4X2 MT B 2016', '<1500', 1, 10),
(484, 'B9401FCE', '70172366.0', 'GRAN MAX BV AC 1.3 4X2 MT B 2016', '<1500', 1, 10),
(485, 'B9400FCE', '70172339.0', 'GRAN MAX BV AC 1.3 4X2 MT B 2016', '<1500', 1, 10),
(486, 'B9537UCQ', '70174936.0', 'GRAN MAX BV AC 1.3 4X2 MT B 2016', '<1500', 1, 10),
(487, 'B9536UCQ', '70174937.0', 'GRAN MAX BV AC 1.3 4X2 MT B 2016', '<1500', 1, 10),
(488, 'B9447FCF', '70184245.0', 'GRAN MAX BV AC 1.3 4X2 MT B 2016', '<1500', 1, 10),
(489, 'BG9172NH', '70187589.0', 'GRAN MAX BV AC 1.3 4X2 MT B 2017', '<1500', 1, 10),
(490, 'BG9675NH', '70192806.0', 'GRAN MAX BV AC 1.3 4X2 MT B 2017', '<1500', 1, 10),
(491, 'BG9881NH', '70192929.0', 'GRAN MAX BV AC 1.3 4X2 MT B 2017', '<1500', 1, 10),
(492, 'BG9880NH', '70192928.0', 'GRAN MAX BV AC 1.3 4X2 MT B 2017', '<1500', 1, 10),
(493, 'BG9883NH', '70192930.0', 'GRAN MAX BV AC 1.3 4X2 MT B 2017', '<1500', 1, 10),
(494, 'BG9882NH', '70192926.0', 'GRAN MAX BV AC 1.3 4X2 MT B 2017', '<1500', 1, 10),
(495, 'BG9884NH', '70192925.0', 'GRAN MAX BV AC 1.3 4X2 MT B 2017', '<1500', 1, 10),
(496, 'BG9416NR', '70175731.0', 'GRAN MAX BV AC DUAL AB 1.3 MT B 2016', '<1500', 1, 10),
(497, 'BG9415NR', '70176788.0', 'GRAN MAX BV AC DUAL AB 1.3 MT B 2016', '<1500', 1, 10),
(498, 'BG9794NR', '70181363.0', 'GRAN MAX BV AC DUAL AB 1.3 MT B 2016', '<1500', 1, 10),
(499, 'BG9579NR', '70179032.0', 'GRAN MAX BV AC DUAL AB 1.3 MT B 2016', '<1500', 1, 10),
(500, 'BG9578NR', '70178931.0', 'GRAN MAX BV AC DUAL AB 1.3 MT B 2016', '<1500', 1, 10),
(501, 'BG1131AP', '70137084.0', 'GRAN MAX D MB 1.3 4X2 MT B 2014', '<1500', 1, 10),
(502, 'BG1130AP', '70137086.0', 'GRAN MAX D MB 1.3 4X2 MT B 2014', '<1500', 1, 10),
(503, 'BG1048AP', '70138971.0', 'GRAN MAX D MB 1.3 4X2 MT B 2014', '<1500', 1, 10),
(504, 'BG1047AP', '70138965.0', 'GRAN MAX D MB 1.3 4X2 MT B 2014', '<1500', 1, 10),
(505, 'BG1046AP', '70138958.0', 'GRAN MAX D MB 1.3 4X2 MT B 2014', '<1500', 1, 10),
(506, 'BG1045AP', '70139996.0', 'GRAN MAX D MB 1.3 4X2 MT B 2014', '<1500', 1, 10),
(507, 'BG1044AP', '70139749.0', 'GRAN MAX D MB 1.3 4X2 MT B 2014', '<1500', 1, 10),
(508, 'BG1043AP', '70138969.0', 'GRAN MAX D MB 1.3 4X2 MT B 2014', '<1500', 1, 10),
(509, 'BN1231PB', '70136033.0', 'GRAN MAX D MB 1.3 4X2 MT B 2014', '<1500', 1, 10),
(510, 'BG1484IE', '70142462.0', 'GRAN MAX D MB 1.3 4X2 MT B 2014', '<1500', 1, 10),
(511, 'BG1278RP', '70192805.0', 'GRAN MAX D MB FH 1.3 4X2 MT B 2017', '<1500', 1, 10),
(512, 'BG1147RP', '70192799.0', 'GRAN MAX D MB FH 1.3 4X2 MT B 2017', '<1500', 1, 10),
(513, 'BG1134RY', '70193381.0', 'GRAN MAX D MB FH 1.3 4X2 MT B 2017', '<1500', 1, 10),
(514, 'BG1131RY', '70193380.0', 'GRAN MAX D MB FH 1.3 4X2 MT B 2017', '<1500', 1, 10),
(515, 'BG1894RP', '70193382.0', 'GRAN MAX D MB FH 1.3 4X2 MT B 2017', '<1500', 1, 10),
(516, 'BG1895RP', '70193379.0', 'GRAN MAX D MB FH 1.3 4X2 MT B 2017', '<1500', 1, 10),
(517, 'B1645UYR', '70157772.0', 'GRAN MAX MB 1.3 D 4X2 MT B 2015', '<1500', 1, 10),
(518, 'BN1955PB', '70148907.0', 'GRAN MAX MB 1.3 D 4X2 MT B 2015', '<1500', 1, 10),
(519, 'BN1695PB', '70144290.0', 'GRAN MAX MB 1.3 D 4X2 MT B 2015', '<1500', 1, 10),
(520, 'BG1296IQ', '70144256.0', 'GRAN MAX MB 1.3 D 4X2 MT B 2015', '<1500', 1, 10),
(521, 'B1117UYR', '70158177.0', 'GRAN MAX MB 1.3 D 4X2 MT B 2015', '<1500', 1, 10),
(522, 'B1112UYR', '70158167.0', 'GRAN MAX MB 1.3 D 4X2 MT B 2015', '<1500', 1, 10),
(523, 'B1074UYR', '70158183.0', 'GRAN MAX MB 1.3 D 4X2 MT B 2015', '<1500', 1, 10),
(524, 'BG1302IQ', '70144254.0', 'GRAN MAX MB 1.3 D 4X2 MT B 2015', '<1500', 1, 10),
(525, 'B1101UYR', '70158182.0', 'GRAN MAX MB 1.3 D 4X2 MT B 2015', '<1500', 1, 10),
(526, 'B1102UYR', '70158163.0', 'GRAN MAX MB 1.3 D 4X2 MT B 2015', '<1500', 1, 10),
(527, 'BG1298IQ', '70144258.0', 'GRAN MAX MB 1.3 D 4X2 MT B 2015', '<1500', 1, 10),
(528, 'B1096UYR', '70158176.0', 'GRAN MAX MB 1.3 D 4X2 MT B 2015', '<1500', 1, 10),
(529, 'BN1239PE', '70185964.0', 'GRAN MAX MB 1.3 D 4X2 MT B 2016', '<1500', 1, 10),
(530, 'BN1238PE', '70185963.0', 'GRAN MAX MB 1.3 D 4X2 MT B 2016', '<1500', 1, 10),
(531, 'BG1634UT', '70185908.0', 'GRAN MAX MB 1.3 D 4X2 MT B 2016', '<1500', 1, 10),
(532, 'BG1633UT', '70185907.0', 'GRAN MAX MB 1.3 D 4X2 MT B 2016', '<1500', 1, 10),
(533, 'BG1496UR', '70184520.0', 'GRAN MAX MB 1.3 D 4X2 MT B 2016', '<1500', 1, 10),
(534, 'BG1041UT', '70185797.0', 'GRAN MAX MB 1.3 D 4X2 MT B 2016', '<1500', 1, 10),
(535, 'BG1459UT', '70185800.0', 'GRAN MAX MB 1.3 D 4X2 MT B 2016', '<1500', 1, 10),
(536, 'BG1453UT', '70185801.0', 'GRAN MAX MB 1.3 D 4X2 MT B 2016', '<1500', 1, 10),
(537, 'BG1452UT', '70185798.0', 'GRAN MAX MB 1.3 D 4X2 MT B 2016', '<1500', 1, 10),
(538, 'BG1406UR', '70183811.0', 'GRAN MAX MB 1.3 D 4X2 MT B 2016', '<1500', 1, 10),
(539, 'BG1394UR', '70183809.0', 'GRAN MAX MB 1.3 D 4X2 MT B 2016', '<1500', 1, 10),
(540, 'B1099UYR', '70158181.0', 'GRAN MAX MB 1.3 D FF 4X2 MT B 2015', '<1500', 1, 10),
(541, 'B1100UYR', '70158160.0', 'GRAN MAX MB 1.3 D FF 4X2 MT B 2015', '<1500', 1, 10),
(542, 'B1755UYP', '70156682.0', 'GRAN MAX MB 1.5 D PS 4X2 MT B 2015', '<1500', 1, 10),
(543, 'L1808KZ', '70154850.0', 'GRAN MAX MB 1.5 D PS 4X2 MT B 2015', '<1500', 1, 10),
(544, 'B1847UYP', '70156683.0', 'GRAN MAX MB 1.5 D PS 4X2 MT B 2015', '<1500', 1, 10),
(545, 'BG1262UD', '70168005.0', 'GRAN MAX MB 1.5 D PS 4X2 MT B 2016', '<1500', 1, 10),
(546, 'BG1781UG', '70177280.0', 'GRAN MAX MB DUAL AB 1.3 D 4X2 MT B 2016', '<1500', 1, 10),
(547, 'BG1780UG', '70176785.0', 'GRAN MAX MB DUAL AB 1.3 D 4X2 MT B 2016', '<1500', 1, 10),
(548, 'BG1779UG', '70177279.0', 'GRAN MAX MB DUAL AB 1.3 D 4X2 MT B 2016', '<1500', 1, 10),
(549, 'BG1778UG', '70177281.0', 'GRAN MAX MB DUAL AB 1.3 D 4X2 MT B 2016', '<1500', 1, 10),
(550, 'BG1540UH', '70181348.0', 'GRAN MAX MB DUAL AB 1.3 D 4X2 MT B 2016', '<1500', 1, 10),
(551, 'BG1539UH', '70181347.0', 'GRAN MAX MB DUAL AB 1.3 D 4X2 MT B 2016', '<1500', 1, 10),
(552, 'BN8506PA', '70139306.0', 'GRAN MAX STD 1.3 4X2 MT B BOX 2014', '<1500', 1, 10),
(553, 'BG9756NR', '70182120.0', 'GRAN MAX STD 1.3 4X2 MT B BOX PKG 2016', '<1500', 1, 10),
(554, 'BG9762NR', '70180113.0', 'GRAN MAX STD 1.3 4X2 MT B BOX PKG 2016', '<1500', 1, 10),
(555, 'BG9761NR', '70181062.0', 'GRAN MAX STD 1.3 4X2 MT B BOX PKG 2016', '<1500', 1, 10),
(556, 'BG9760NR', '70180115.0', 'GRAN MAX STD 1.3 4X2 MT B BOX PKG 2016', '<1500', 1, 10),
(557, 'BG9759NR', '70180102.0', 'GRAN MAX STD 1.3 4X2 MT B BOX PKG 2016', '<1500', 1, 10),
(558, 'BG9758NR', '70180111.0', 'GRAN MAX STD 1.3 4X2 MT B BOX PKG 2016', '<1500', 1, 10),
(559, 'BG9757NR', '70180107.0', 'GRAN MAX STD 1.3 4X2 MT B BOX PKG 2016', '<1500', 1, 10),
(560, 'BH9639AS', '70128228.0', 'GRAN MAX STD 1.3 4X2 MT B PU 2014', '<1500', 1, 10),
(561, 'BH9628AS', '70127807.0', 'GRAN MAX STD 1.3 4X2 MT B PU 2014', '<1500', 1, 10),
(562, 'BH9651AS', '70128229.0', 'GRAN MAX STD 1.3 4X2 MT B PU 2014', '<1500', 1, 10),
(563, 'BH9655AS', '70128227.0', 'GRAN MAX STD 1.3 4X2 MT B PU 2014', '<1500', 1, 10),
(564, 'BG9840NU', '70155505.0', 'GRAN MAX STD 1.3 4X2 MT B PU 2015', '<1500', 1, 10),
(565, 'BG9839NU', '70155506.0', 'GRAN MAX STD 1.3 4X2 MT B PU 2015', '<1500', 1, 10),
(566, 'BE9182CS', '70158490.0', 'GRAN MAX STD 1.3 4X2 MT B PU 2015', '<1500', 1, 10),
(567, 'BG9837NU', '70155507.0', 'GRAN MAX STD 1.3 4X2 MT B PU 2015', '<1500', 1, 10),
(568, 'BG9844NU', '70155497.0', 'GRAN MAX STD 1.3 4X2 MT B PU 2015', '<1500', 1, 10),
(569, 'BG9836NU', '70155501.0', 'GRAN MAX STD 1.3 4X2 MT B PU 2015', '<1500', 1, 10),
(570, 'BG1704DG', '70133078.0', 'H-1 FL ROYALE GASOLINE 2.4 4X2 AT B 2014', '>1500<2500', 1, 9),
(571, 'BG1703DG', '70133082.0', 'H-1 FL ROYALE GASOLINE 2.4 4X2 AT B 2014', '>1500<2500', 1, 9),
(572, 'BG1702DG', '70133083.0', 'H-1 FL ROYALE GASOLINE 2.4 4X2 AT B 2014', '>1500<2500', 1, 9),
(573, 'BG1509AK', '70132248.0', 'H-1 FL ROYALE GASOLINE 2.4 4X2 AT B 2014', '>1500<2500', 1, 8),
(574, 'BG1485AJ', '70130714.0', 'H-1 FL ROYALE GASOLINE 2.4 4X2 AT B 2014', '>1500<2500', 1, 8),
(575, 'BG1148AL', '70132704.0', 'H-1 FL ROYALE GASOLINE 2.4 4X2 AT B 2014', '>1500<2500', 1, 8),
(576, 'BG7193D', '70140206.0', 'HIACE COMMUTER GL 2.5 4X2 MT D AMP 2014', '>1500<2500', 3, 8),
(577, 'BG7060AO', '70130706.0', 'HIACE STD 2.5 4X2 MT D 2014', '>1500<2500', 3, 9),
(578, 'BG7013AO', '70133558.0', 'HIACE STD 2.5 4X2 MT D 2014', '>1500<2500', 3, 9),
(579, 'BG7003AO', '70130898.0', 'HIACE STD 2.5 4X2 MT D 2014', '>1500<2500', 3, 9),
(580, 'BG7002AO', '70130910.0', 'HIACE STD 2.5 4X2 MT D 2014', '>1500<2500', 3, 9),
(581, 'BG7001AO', '70130897.0', 'HIACE STD 2.5 4X2 MT D 2014', '>1500<2500', 3, 9),
(582, 'BE2745YX', '70133589.0', 'HIACE STD 2.5 4X2 MT D 2014', '>1500<2500', 3, 9),
(583, 'BG9845NT', '70141385.0', 'HILUX DC E AIRBAG 2.5 4X4 MT D PU 2014', '>1500<2500', 3, 8);
INSERT INTO `kendaraan` (`idkendaraan`, `nopol`, `equipment`, `tipe`, `silinder`, `idbbm`, `rasio`) VALUES
(584, 'BG9844NT', '70141179.0', 'HILUX DC E AIRBAG 2.5 4X4 MT D PU 2014', '>1500<2500', 3, 8),
(585, 'BG9847NT', '70141173.0', 'HILUX DC E AIRBAG 2.5 4X4 MT D PU 2014', '>1500<2500', 3, 8),
(586, 'BG9879NR', '70182031.0', 'HILUX DC G 2.5 4X4 MT D PU 2016', '>1500<2500', 3, 8),
(587, 'BG9453NR', '70174492.0', 'HILUX DC G 2.5 4X4 MT D PU 2016', '>1500<2500', 3, 8),
(588, 'BG9252NR', '70171202.0', 'HILUX DC G 2.5 4X4 MT D PU 2016', '>1500<2500', 3, 8),
(589, 'BG9673NH', '70191546.0', 'HILUX DC G 2.5 4X4 MT D PU 2017', '>1500<2500', 3, 8),
(590, 'BG9499NH', '70189689.0', 'HILUX DC G 2.5 4X4 MT D PU 2017', '>1500<2500', 3, 8),
(591, 'BG9778NV', '70120693.0', 'HILUX DC G AIRBAG 2.5 4X4 MT D PU 2014', '>1500<2500', 3, 8),
(592, 'BG9752NV', '70120198.0', 'HILUX DC G AIRBAG 2.5 4X4 MT D PU 2014', '>1500<2500', 3, 8),
(593, 'BG9750NV', '70120204.0', 'HILUX DC G AIRBAG 2.5 4X4 MT D PU 2014', '>1500<2500', 3, 8),
(594, 'BG9729NV', '70120199.0', 'HILUX DC G AIRBAG 2.5 4X4 MT D PU 2014', '>1500<2500', 3, 8),
(595, 'BG9709NV', '70120207.0', 'HILUX DC G AIRBAG 2.5 4X4 MT D PU 2014', '>1500<2500', 3, 8),
(596, 'BG9015NW', '70122342.0', 'HILUX DC G AIRBAG 2.5 4X4 MT D PU 2014', '>1500<2500', 3, 8),
(597, 'BG9014NW', '70122332.0', 'HILUX DC G AIRBAG 2.5 4X4 MT D PU 2014', '>1500<2500', 3, 8),
(598, 'BG9728NV', '70120203.0', 'HILUX DC G AIRBAG 2.5 4X4 MT D PU 2014', '>1500<2500', 3, 8),
(599, 'BG9772NV', '70120692.0', 'HILUX DC G AIRBAG 2.5 4X4 MT D PU 2014', '>1500<2500', 3, 8),
(600, 'BG9748NV', '70120196.0', 'HILUX DC G AIRBAG 2.5 4X4 MT D PU 2014', '>1500<2500', 3, 8),
(601, 'BG9749NV', '70120117.0', 'HILUX DC G AIRBAG 2.5 4X4 MT D PU 2014', '>1500<2500', 3, 8),
(602, 'BG9710NV', '70120197.0', 'HILUX DC G AIRBAG 2.5 4X4 MT D PU 2014', '>1500<2500', 3, 8),
(603, 'KH8127GJ', '70083306.0', 'HILUX DC G NEW 2.5 4X4 MT D PU 2012', '>1500<2500', 3, 8),
(604, 'BG9741NR', '70182083.0', 'HILUX SC 2.0 L 4X2 MT B PU 2016', '>1500<2500', 1, 9),
(605, 'BG1397RJ', '70189094.0', 'HRV E 1.5 4X2 AT B 2017', '<1500', 1, 10),
(606, 'BM1053NP', '70131010.0', 'INNOVA E AIRBAG 2.0 4X2 AT B 2014', '>1500<2500', 1, 9),
(607, 'B1700URO', '70128042.0', 'INNOVA E AIRBAG 2.0 4X2 AT B 2014', '>1500<2500', 1, 9),
(608, 'B1928URH', '70121530.0', 'INNOVA E AIRBAG 2.0 4X2 AT B 2014', '>1500<2500', 1, 9),
(609, 'BG1567AC', '70125246.0', 'INNOVA E AIRBAG 2.0 4X2 MT B 2014', '>1500<2500', 1, 9),
(610, 'BN1656PB', '70141446.0', 'INNOVA E AIRBAG MC 2.0 4X2 MT B 2014', '>1500<2500', 1, 9),
(611, 'BG1558AP', '70137991.0', 'INNOVA E AIRBAG MC 2.0 4X2 MT B 2014', '>1500<2500', 1, 9),
(612, 'B1779UYN', '70151365.0', 'INNOVA E AIRBAG MC 2.0 4X2 MT B 2015', '>1500<2500', 1, 9),
(613, 'B1761UYN', '70151425.0', 'INNOVA E AIRBAG MC 2.0 4X2 MT B 2015', '>1500<2500', 1, 9),
(614, 'BG1663UU', '70196979.0', 'INNOVA G 2.0 4X2 AT B 2016', '>1500<2500', 1, 9),
(615, 'BG1659UU', '70196801.0', 'INNOVA G 2.0 4X2 AT B 2016', '>1500<2500', 1, 9),
(616, 'BG1667UU', '70196802.0', 'INNOVA G 2.0 4X2 AT B 2016', '>1500<2500', 1, 9),
(617, 'BARU336273', '70193881.0', 'INNOVA G 2.0 4X2 AT B 2017', '>1500<2500', 1, 9),
(618, 'BN1530PD', '70172936.0', 'INNOVA G 2.0 4X2 MT B 2016', '>1500<2500', 1, 9),
(619, 'BH1203HT', '70171371.0', 'INNOVA G 2.0 4X2 MT B 2016', '>1500<2500', 1, 9),
(620, 'BN1827PD', '70179911.0', 'INNOVA G 2.0 4X2 MT B 2016', '>1500<2500', 1, 9),
(621, 'BN1226PD', '70167287.0', 'INNOVA G 2.0 4X2 MT B 2016', '>1500<2500', 1, 9),
(622, 'BN1225PE', '70184516.0', 'INNOVA G 2.0 4X2 MT B 2016', '>1500<2500', 1, 9),
(623, 'BN1065PE', '70182993.0', 'INNOVA G 2.0 4X2 MT B 2016', '>1500<2500', 1, 9),
(624, 'BG1871UE', '70172081.0', 'INNOVA G 2.0 4X2 MT B 2016', '>1500<2500', 1, 9),
(625, 'BG1841UB', '70164882.0', 'INNOVA G 2.0 4X2 MT B 2016', '>1500<2500', 1, 9),
(626, 'BG1792UG', '70175315.0', 'INNOVA G 2.0 4X2 MT B 2016', '>1500<2500', 1, 9),
(627, 'BG1869NQ', '70194756.0', 'NEW INNOVA G 2.0 4X2 MT B 2017', '>1500<2500', 1, 9),
(628, 'BG1593UF', '70172439.0', 'INNOVA G 2.0 4X2 MT B 2016', '>1500<2500', 1, 9),
(629, 'BG1386UT', '70183568.0', 'INNOVA G 2.0 4X2 MT B 2016', '>1500<2500', 1, 9),
(630, 'BG1299UD', '70167547.0', 'INNOVA G 2.0 4X2 MT B 2016', '>1500<2500', 1, 9),
(631, 'BG1028UI', '70175895.0', 'INNOVA G 2.0 4X2 MT B 2016', '>1500<2500', 1, 9),
(632, 'BN1565PD', '70173733.0', 'INNOVA G 2.0 4X2 MT B 2016', '>1500<2500', 1, 9),
(633, 'BG1738UF', '70172937.0', 'INNOVA G 2.0 4X2 MT B 2016', '>1500<2500', 1, 9),
(634, 'B1431UIP', '70184751.0', 'INNOVA G 2.0 4X2 MT B 2016', '>1500<2500', 1, 9),
(635, 'BG1870RY', '70192982.0', 'INNOVA G 2.0 4X2 MT B 2017', '>1500<2500', 1, 9),
(636, 'BG1367RP', '70192379.0', 'INNOVA G 2.0 4X2 MT B 2017', '>1500<2500', 1, 9),
(637, 'BG1637QY', '70186370.0', 'INNOVA G 2.0 4X2 MT B 2017', '>1500<2500', 1, 9),
(638, 'BG1187QY', '70186039.0', 'INNOVA G 2.0 4X2 MT B 2017', '>1500<2500', 1, 9),
(639, 'BG1810UU', '70196504.0', 'NEW INNOVA G 2.0 4X2 MT B 2017', '>1500<2500', 1, 9),
(640, 'BG1596RE', '70189090.0', 'INNOVA G 2.0 4X2 MT B 2017', '>1500<2500', 1, 9),
(641, 'BG1501RA', '70187176.0', 'INNOVA G 2.0 4X2 MT B 2017', '>1500<2500', 1, 9),
(642, 'BG1402RA', '70187175.0', 'INNOVA G 2.0 4X2 MT B 2017', '>1500<2500', 1, 9),
(643, 'BG1186RJ', '70189584.0', 'INNOVA G 2.0 4X2 MT B 2017', '>1500<2500', 1, 9),
(644, 'BN1520PE', '70188971.0', 'INNOVA G 2.0 4X2 MT B 2017', '>1500<2500', 1, 9),
(645, 'BN1853PE', '70192373.0', 'INNOVA G 2.0 4X2 MT B 2017', '>1500<2500', 1, 9),
(646, 'BG1013PM', '70186607.0', 'INNOVA G 2.0 4X2 MT B 2017', '>1500<2500', 1, 9),
(647, 'BG1805RE', '70189288.0', 'INNOVA G 2.0 4X2 MT B 2017', '>1500<2500', 1, 9),
(648, 'BG1178RR', '70190803.0', 'INNOVA G 2.0 4X2 MT B 2017', '>1500<2500', 1, 9),
(649, 'B1850UYO', '70197584.0', 'INNOVA G AIRBAG MC 2.0 4X2 MT B 2015', '>1500<2500', 3, 8),
(650, 'BG1452US', '70151154.0', 'NEW INNOVA G 2.4 4X2 MT D 2017', '>1500<2500', 3, 8),
(651, 'BG1455US', '70197760.0', 'NEW INNOVA G 2.4 4X2 MT D 2017', '>1500<2500', 3, 8),
(652, 'BG1348UI', '70176970.0', 'INNOVA G 2.4 4X2 MT D 2016', '>1500<2500', 3, 8),
(653, 'BG1299UG', '70173665.0', 'INNOVA G 2.4 4X2 MT D 2016', '>1500<2500', 3, 8),
(654, 'BG1092UE', '70169387.0', 'INNOVA G 2.4 4X2 MT D 2016', '>1500<2500', 3, 8),
(655, 'BG1549RR', '70191264.0', 'INNOVA G 2.4 4X2 MT D 2017', '>1500<2500', 3, 8),
(656, 'BG1047RR', '70190805.0', 'INNOVA G 2.4 4X2 MT D 2017', '>1500<2500', 3, 8),
(657, 'BG1357RY', '70192822.0', 'INNOVA G 2.4 4X2 MT D 2017', '>1500<2500', 3, 8),
(658, 'B1685URI', '70123539.0', 'INNOVA G AIRBAG 2.0 4X2 AT B 2013', '>1500<2500', 1, 9),
(659, 'B1681URI', '70123538.0', 'INNOVA G AIRBAG 2.0 4X2 AT B 2013', '>1500<2500', 1, 9),
(660, 'B1823URP', '70129390.0', 'INNOVA G AIRBAG 2.0 4X2 AT B 2014', '>1500<2500', 1, 9),
(661, 'B1611URP', '70129741.0', 'INNOVA G AIRBAG 2.0 4X2 AT B 2014', '>1500<2500', 1, 9),
(662, 'BG997BS', '70113511.0', 'INNOVA G AIRBAG 2.0 4X2 MT B 2013', '>1500<2500', 1, 9),
(663, 'BG191BS', '70116021.0', 'INNOVA G AIRBAG 2.0 4X2 MT B 2013', '>1500<2500', 1, 9),
(664, 'BG1578AG', '70128386.0', 'INNOVA G AIRBAG 2.0 4X2 MT B 2014', '>1500<2500', 1, 9),
(665, 'BG1545DG', '70129221.0', 'INNOVA G AIRBAG 2.0 4X2 MT B 2014', '>1500<2500', 1, 9),
(666, 'BG1544DG', '70129366.0', 'INNOVA G AIRBAG 2.0 4X2 MT B 2014', '>1500<2500', 1, 9),
(667, 'BG1543DG', '70128384.0', 'INNOVA G AIRBAG 2.0 4X2 MT B 2014', '>1500<2500', 1, 9),
(668, 'BG1542DG', '70129518.0', 'INNOVA G AIRBAG 2.0 4X2 MT B 2014', '>1500<2500', 1, 9),
(669, 'BG1541DG', '70128715.0', 'INNOVA G AIRBAG 2.0 4X2 MT B 2014', '>1500<2500', 1, 9),
(670, 'BG1540DG', '70129367.0', 'INNOVA G AIRBAG 2.0 4X2 MT B 2014', '>1500<2500', 1, 9),
(671, 'BG1479DG', '70127725.0', 'INNOVA G AIRBAG 2.0 4X2 MT B 2014', '>1500<2500', 1, 9),
(672, 'BG1474DG', '70128385.0', 'INNOVA G AIRBAG 2.0 4X2 MT B 2014', '>1500<2500', 1, 9),
(673, 'BG1472DG', '70128711.0', 'INNOVA G AIRBAG 2.0 4X2 MT B 2014', '>1500<2500', 1, 9),
(674, 'BG1329DG', '70127729.0', 'INNOVA G AIRBAG 2.0 4X2 MT B 2014', '>1500<2500', 1, 9),
(675, 'BG1328DG', '70128723.0', 'INNOVA G AIRBAG 2.0 4X2 MT B 2014', '>1500<2500', 1, 9),
(676, 'BG1244AJ', '70129225.0', 'INNOVA G AIRBAG 2.0 4X2 MT B 2014', '>1500<2500', 1, 9),
(677, 'BG1243AJ', '70129617.0', 'INNOVA G AIRBAG 2.0 4X2 MT B 2014', '>1500<2500', 1, 9),
(678, 'BE2480YY', '70128200.0', 'INNOVA G AIRBAG 2.0 4X2 MT B 2014', '>1500<2500', 1, 9),
(679, 'BE2477YY', '70128186.0', 'INNOVA G AIRBAG 2.0 4X2 MT B 2014', '>1500<2500', 1, 9),
(680, 'BE2474YY', '70128190.0', 'INNOVA G AIRBAG 2.0 4X2 MT B 2014', '>1500<2500', 1, 9),
(681, 'BE2470YY', '70128210.0', 'INNOVA G AIRBAG 2.0 4X2 MT B 2014', '>1500<2500', 1, 9),
(682, 'BE2467YY', '70128170.0', 'INNOVA G AIRBAG 2.0 4X2 MT B 2014', '>1500<2500', 1, 9),
(683, 'BE2465YY', '70128176.0', 'INNOVA G AIRBAG 2.0 4X2 MT B 2014', '>1500<2500', 1, 9),
(684, 'BE2462YY', '70128205.0', 'INNOVA G AIRBAG 2.0 4X2 MT B 2014', '>1500<2500', 1, 9),
(685, 'BN1635BS', '70119735.0', 'INNOVA G AIRBAG 2.0 4X2 MT B 2014', '>1500<2500', 1, 9),
(686, 'BN1634BS', '70120210.0', 'INNOVA G AIRBAG 2.0 4X2 MT B 2014', '>1500<2500', 1, 9),
(687, 'BN1669PA', '70125703.0', 'INNOVA G AIRBAG 2.0 4X2 MT B 2014', '>1500<2500', 1, 9),
(688, 'B1852URS', '70132605.0', 'INNOVA G AIRBAG 2.0 4X2 MT B 2014', '>1500<2500', 1, 9),
(689, 'BG996BS', '70113505.0', 'INNOVA G AIRBAG 2.5 4X2 MT D 2013', '>1500<2500', 3, 8),
(690, 'BG995BS', '70113500.0', 'INNOVA G AIRBAG 2.5 4X2 MT D 2013', '>1500<2500', 3, 8),
(691, 'BG1514AE', '70126775.0', 'INNOVA G AIRBAG 2.5 4X2 MT D 2014', '>1500<2500', 3, 8),
(692, 'AD9363CK', '70122674.0', 'INNOVA G AIRBAG 2.5 4X2 MT D 2014', '>1500<2500', 3, 8),
(693, 'BG1148AA', '70122282.0', 'INNOVA G AIRBAG 2.5 4X2 MT D 2014', '>1500<2500', 3, 8),
(694, 'BG1519AE', '70126879.0', 'INNOVA G AIRBAG 2.5 4X2 MT D 2014', '>1500<2500', 3, 8),
(695, 'B1559UYM', '70151658.0', 'INNOVA G AIRBAG MC 2.0 4X2 AT B 2015', '>1500<2500', 1, 9),
(696, 'BG1806AV', '70139302.0', 'INNOVA G AIRBAG MC 2.0 4X2 MT B 2014', '>1500<2500', 1, 9),
(697, 'BG1447AV', '70139304.0', 'INNOVA G AIRBAG MC 2.0 4X2 MT B 2014', '>1500<2500', 1, 9),
(698, 'BG1232AP', '70137289.0', 'INNOVA G AIRBAG MC 2.0 4X2 MT B 2014', '>1500<2500', 1, 9),
(699, 'BG1808AV', '70139236.0', 'INNOVA G AIRBAG MC 2.0 4X2 MT B 2014', '>1500<2500', 1, 9),
(700, 'B1789UYO', '70156137.0', 'INNOVA G AIRBAG MC 2.0 4X2 MT B 2015', '>1500<2500', 1, 9),
(701, 'B1765UYN', '70151300.0', 'INNOVA G AIRBAG MC 2.0 4X2 MT B 2015', '>1500<2500', 1, 9),
(702, 'B1630UYP', '70156419.0', 'INNOVA G AIRBAG MC 2.0 4X2 MT B 2015', '>1500<2500', 1, 9),
(703, 'BN1744PB', '70145152.0', 'INNOVA G AIRBAG MC 2.0 4X2 MT B 2015', '>1500<2500', 1, 9),
(704, 'B1988UYO', '70155790.0', 'INNOVA G AIRBAG MC 2.0 4X2 MT B 2015', '>1500<2500', 1, 9),
(705, 'B1964UYO', '70155789.0', 'INNOVA G AIRBAG MC 2.0 4X2 MT B 2015', '>1500<2500', 1, 9),
(706, 'B1845UYO', '70155613.0', 'INNOVA G AIRBAG MC 2.0 4X2 MT B 2015', '>1500<2500', 1, 9),
(707, 'B1718UYN', '70151298.0', 'INNOVA G AIRBAG MC 2.0 4X2 MT B 2015', '>1500<2500', 1, 9),
(708, 'B1665UYP', '70151676.0', 'INNOVA G AIRBAG MC 2.0 4X2 MT B 2015', '>1500<2500', 1, 9),
(709, 'B1628UYP', '70151286.0', 'INNOVA G AIRBAG MC 2.0 4X2 MT B 2015', '>1500<2500', 1, 9),
(710, 'B1967UYO', '70155793.0', 'INNOVA G AIRBAG MC 2.0 4X2 MT B 2015', '>1500<2500', 1, 9),
(711, 'B1816UYO', '70151291.0', 'INNOVA G AIRBAG MC 2.0 4X2 MT B 2015', '>1500<2500', 1, 9),
(712, 'B1947UYO', '70155788.0', 'INNOVA G AIRBAG MC 2.0 4X2 MT B 2015', '>1500<2500', 1, 9),
(713, 'BG1264UE', '70169452.0', 'INNOVA G LUX 2.0 4X2 MT B 2016', '>1500<2500', 1, 9),
(714, 'BG998BS', '70121596.0', 'INNOVA G LUX AIRBAG 2.0 4X2 AT B 2014', '>1500<2500', 1, 9),
(715, 'BG990BS', '70124616.0', 'INNOVA G LUX AIRBAG 2.0 4X2 AT B 2014', '>1500<2500', 1, 9),
(716, 'BG756BS', '70121608.0', 'INNOVA G LUX AIRBAG 2.0 4X2 AT B 2014', '>1500<2500', 1, 9),
(717, 'B1729URK', '70124609.0', 'INNOVA G LUX AIRBAG 2.0 4X2 AT B 2014', '>1500<2500', 1, 9),
(718, 'BG1194UA', '70161882.0', 'INNOVA G NEW 2.0 4X2 MT B 2015', '>1500<2500', 1, 9),
(719, 'BG1179ZS', '70104041.0', 'INNOVA G NEW 2.5 4X2 MT D 2013', '>1500<2500', 3, 8),
(720, 'BG1445UE', '70170084.0', 'INNOVA Q 2.0 4X2 MT B 2016', '>1500<2500', 1, 9),
(721, 'BG1734UD', '70168778.0', 'INNOVA Q 2.4 4X2 MT D 2016', '>1500<2500', 3, 10),
(722, 'BG1189RJ', '70189586.0', 'INNOVA Q VENTURER 2.0 4X2 MT B 2017', '>1500<2500', 1, 9),
(723, 'BG1282QY', '70186146.0', 'INNOVA V 2.0 4X2 AT B 2017', '>1500<2500', 1, 9),
(724, 'bg1072ur', '70181122.0', 'INNOVA V 2.0 4X2 MT B 2016', '>1500<2500', 1, 9),
(725, 'BG1041QY', '70185625.0', 'INNOVA V 2.0 4X2 MT B 2017', '>1500<2500', 1, 9),
(726, 'BN1902PE', '70192820.0', 'INNOVA V 2.0 4X2 MT B 2017', '>1500<2500', 1, 9),
(727, 'BG1495RP', '70191668.0', 'INNOVA V 2.4 4X2 MT D 2017', '>1500<2500', 3, 8),
(728, 'BG1597IK', '70120864.0', 'INNOVA V AIRBAG 2.0 4X2 AT B 2014', '>1500<2500', 1, 9),
(729, 'BG1375IR', '70147078.0', 'INNOVA V AIRBAG MC 2.0 4X2 AT B 2015', '>1500<2500', 1, 9),
(730, 'BG1496NO', '70193378.0', 'INNOVA V LUX 2.0 4X2 AT B 2017', '>1500<2500', 1, 9),
(731, 'BN1314PD', '70169748.0', 'INNOVA V LUX 2.0 4X2 MT B 2016', '>1500<2500', 1, 9),
(732, 'B1482URF', '70118145.0', 'INNOVA V LUX AIRBAG 2.0 4X2 AT B 2014', '>1500<2500', 1, 9),
(733, 'BG1410AB', '70123206.0', 'LUXIO X MC 1.5 4X2 MT B 2014', '<1500', 1, 10),
(734, 'BARU337601', '70194281.0', 'NEW INNOVA G 2.0 4X2 MT B 2017', '>1500<2500', 1, 9),
(735, 'BARU337429', '70194283.0', 'NEW INNOVA G 2.0 4X2 MT B 2017', '>1500<2500', 1, 9),
(736, 'BARU337500', '70194282.0', 'NEW INNOVA G 2.0 4X2 MT B 2017', '>1500<2500', 1, 9),
(737, 'BARU337195', '70194280.0', 'NEW INNOVA G 2.0 4X2 MT B 2017', '>1500<2500', 1, 9),
(738, 'BARU337396', '70194279.0', 'NEW INNOVA G 2.0 4X2 MT B 2017', '>1500<2500', 1, 9),
(739, 'B1868UJI', '70118010.0', 'OUTLANDER GLS 2.0 4X2 AT B 2013', '>1500<2500', 1, 9),
(740, 'L1684JZ', '70126068.0', 'OUTLANDER GLS 2.0 4X2 AT B 2014', '>1500<2500', 1, 9),
(741, 'B1191UJJ', '70120804.0', 'OUTLANDER PX 2.0 4X2 AT B 2014', '>1500<2500', 1, 9),
(742, 'BG1659AO', '70134788.0', 'PAJERO NEW SPORT GLX 2.5 4X4 MT D 2014', '>1500<2500', 3, 8),
(743, 'BG1658AO', '70135726.0', 'PAJERO NEW SPORT GLX 2.5 4X4 MT D 2014', '>1500<2500', 3, 8),
(744, 'BARU000835', '70214843.0', 'PAJERO SPORT GLX 2.5 4X4 MT D 2018', '>1500<2500', 3, 8),
(745, 'BARU000838', '70214842.0', 'PAJERO SPORT GLX 2.5 4X4 MT D 2018', '>1500<2500', 3, 8),
(746, 'BG1813AO', '70135026.0', 'PAJERO NEW SPORT GLX 2.5 4X4 MT D 2014', '>1500<2500', 3, 8),
(747, 'BG1673AO', '70134813.0', 'PAJERO NEW SPORT GLX 2.5 4X4 MT D 2014', '>1500<2500', 3, 8),
(748, 'BG1612IE', '70143055.0', 'PAJERO SPORT GLX 2.5 4X4 MT D 2014', '>1500<2500', 3, 8),
(749, 'BG1613IE', '70143063.0', 'PAJERO SPORT GLX 2.5 4X4 MT D 2014', '>1500<2500', 3, 8),
(750, 'BG9090FS', '70109329.0', 'PANTHER GD 3W  PS 2.5 4X2 MT D PU 2013', '>1500<2500', 3, 8),
(751, 'BG9562NV', '70119479.0', 'PANTHER GD 3W  PS 2.5 4X2 MT D PU 2014', '>1500<2500', 3, 8),
(752, 'BG9959NW', '70134145.0', 'PANTHER GD 3W  PS 2.5 4X2 MT D PU 2014', '>1500<2500', 3, 8),
(753, 'BG9958NW', '70134147.0', 'PANTHER GD 3W  PS 2.5 4X2 MT D PU 2014', '>1500<2500', 3, 8),
(754, 'BG9631NT', '70143845.0', 'PANTHER GD 3W  PS 2.5 4X2 MT D PU 2014', '>1500<2500', 3, 8),
(755, 'BG9552NW', '70131571.0', 'PANTHER GD 3W  PS 2.5 4X2 MT D PU 2014', '>1500<2500', 3, 8),
(756, 'BG1262IV', '70156963.0', 'PANTHER LS FF 2.5 4X2 MT D 2015', '>1500<2500', 3, 8),
(757, 'BG1261IV', '70156961.0', 'PANTHER LS FF 2.5 4X2 MT D 2015', '>1500<2500', 3, 8),
(758, 'BG1453ZL', '70095719.0', 'PANTHER LV FF 2.5 4X2 MT D 2013', '>1500<2500', 3, 8),
(759, 'BG1277IP', '70146464.0', 'PANTHER LV FF 2.5 4X2 MT D 2015', '>1500<2500', 3, 8),
(760, 'BG9270NS', '70161329.0', 'PANTHER NEW TURBO LC 2.5 4X2 D BOX 2015', '>1500<2500', 3, 8),
(761, 'BG9703NS', '70165486.0', 'PANTHER TURBO FD 2.5 4X2 MT D PU 2015', '>1500<2500', 3, 8),
(762, 'BG9446NS', '70159643.0', 'PANTHER TURBO GD 2.5 4X2 MT D PU 2015', '>1500<2500', 3, 8),
(763, 'BG9443NS', '70160654.0', 'PANTHER TURBO GD 2.5 4X2 MT D PU 2015', '>1500<2500', 3, 8),
(764, 'BG9442NS', '70160653.0', 'PANTHER TURBO GD 2.5 4X2 MT D PU 2015', '>1500<2500', 3, 8),
(765, 'BG9085NU', '70144890.0', 'PANTHER TURBO GD 2.5 4X2 MT D PU 2015', '>1500<2500', 3, 8),
(766, 'BN8021PB', '70167575.0', 'PANTHER TURBO GD 2.5 4X2 MT D PU 2016', '>1500<2500', 3, 8),
(767, 'BN8016PB', '70167553.0', 'PANTHER TURBO GD 2.5 4X2 MT D PU 2016', '>1500<2500', 3, 8),
(768, 'BG9107NR', '70168246.0', 'PANTHER TURBO GD 2.5 4X2 MT D PU 2016', '>1500<2500', 3, 8),
(769, 'BG9106NR', '70168247.0', 'PANTHER TURBO GD 2.5 4X2 MT D PU 2016', '>1500<2500', 3, 8),
(770, 'BG9138NQ', '70102831.0', 'RANGER ALL NEW DC BASE 2.2 4X4 PU 2012', '>1500<2500', 3, 8),
(771, 'BG9137NQ', '70102826.0', 'RANGER ALL NEW DC BASE 2.2 4X4 PU 2012', '>1500<2500', 3, 8),
(772, 'BG9884DJ', '70133959.0', 'RANGER ALL NEW DC XLS+ 2.2 4X4 MT D 2014', '>1500<2500', 3, 8),
(773, 'BG9883DJ', '70133955.0', 'RANGER ALL NEW DC XLS+ 2.2 4X4 MT D 2014', '>1500<2500', 3, 8),
(774, 'BG9072NE', '70061516.0', 'RANGER SC BASE 2.5 4X4 MT D PU 11', '>1500<2500', 3, 8),
(775, 'BG1562UG', '70174491.0', 'RUSH G 1.5 4X2 MT B 2016', '<1500', 1, 10),
(776, 'BG1193UH', '70179951.0', 'RUSH G 1.5 4X2 MT B 2016', '<1500', 1, 10),
(777, 'BG1669IQ', '70146553.0', 'RUSH G LTD AIRBAG 1.5 4X2 AT B 2015', '<1500', 1, 10),
(778, 'BG9655NQ', '70106813.0', 'STRADA TRITON EXCEED  2.5 4X4 MT PU 2013', '>1500<2500', 3, 8),
(779, 'BG9620NE', '70065618.0', 'STRADA TRITON GLS EXCEED 2.5 MT D PU 11', '>1500<2500', 3, 8),
(780, 'BG9309NV', '70115398.0', 'STRADA TRITON GLS-AB 2.5 4X4 MT PU 2013', '>1500<2500', 3, 8),
(781, 'BG9310NV', '70115343.0', 'STRADA TRITON GLS-AB 2.5 4X4 MT PU 2013', '>1500<2500', 3, 8),
(782, 'BG9308NV', '70115928.0', 'STRADA TRITON GLS-AB 2.5 4X4 MT PU 2013', '>1500<2500', 3, 8),
(783, 'BG9315NV', '70115931.0', 'STRADA TRITON GLS-AB 2.5 4X4 MT PU 2013', '>1500<2500', 3, 8),
(784, 'BG9040DK', '70124545.0', 'STRADA TRITON HDX DC 2.8 4X4 MT PU 2013', '>1500<2500', 3, 8),
(785, 'BG9439DJ', '70106444.0', 'STRADA TRITON HDX DC 2.8 4X4 MT PU 2013', '>1500<2500', 3, 8),
(786, 'BG9438NW', '70117022.0', 'STRADA TRITON HDX DC 2.8 4X4 MT PU 2013', '>1500<2500', 3, 8),
(787, 'BG9437NW', '70117015.0', 'STRADA TRITON HDX DC 2.8 4X4 MT PU 2013', '>1500<2500', 3, 8),
(788, 'BG9428DJ', '70104130.0', 'STRADA TRITON HDX DC 2.8 4X4 MT PU 2013', '>1500<2500', 3, 8),
(789, 'BG9217NW', '70124617.0', 'STRADA TRITON HDX DC 2.8 4X4 MT PU 2013', '>1500<2500', 3, 8),
(790, 'BG9043DK', '70124619.0', 'STRADA TRITON HDX DC 2.8 4X4 MT PU 2013', '>1500<2500', 3, 8),
(791, 'BG9436DJ', '70106442.0', 'STRADA TRITON HDX DC 2.8 4X4 MT PU 2013', '>1500<2500', 3, 8),
(792, 'BG9789NT', '70143178.0', 'STRADA TRITON HDX DC 2.8 4X4 MT PU 2014', '>1500<2500', 3, 8),
(793, 'BG9790NT', '70143152.0', 'STRADA TRITON HDX DC 2.8 4X4 MT PU 2014', '>1500<2500', 3, 8),
(794, 'BG9788NT', '70143136.0', 'STRADA TRITON HDX DC 2.8 4X4 MT PU 2014', '>1500<2500', 3, 8),
(795, 'BG9236NU', '70147527.0', 'STRADA TRITON HDX SC 2.8 4X4 MT PU 2014', '>1500<2500', 3, 8),
(796, 'BG9450NT', '70140707', 'STRADA TRITON HDX SC 2.8 4X4 MT PU 2014', '>1500<2500', 3, 8),
(797, 'BG9657NS', '70162843.0', 'STRADA TRITON NEW GLS DC 2.5 4X4 MT D 15', '>1500<2500', 3, 8),
(798, 'BG9652NS', '70162823.0', 'STRADA TRITON NEW GLS DC 2.5 4X4 MT D 15', '>1500<2500', 3, 8),
(799, 'BG9651NS', '70162839.0', 'STRADA TRITON NEW GLS DC 2.5 4X4 MT D 15', '>1500<2500', 3, 8),
(800, 'BG9235NS', '70155979.0', 'STRADA TRITON NEW GLS DC 2.5 4X4 MT D 15', '>1500<2500', 3, 8),
(801, 'BG9653NS', '70162829.0', 'STRADA TRITON NEW GLS DC 2.5 4X4 MT D 15', '>1500<2500', 3, 8),
(802, 'BG9656NS', '70162837.0', 'STRADA TRITON NEW GLS DC 2.5 4X4 MT D 15', '>1500<2500', 3, 8),
(803, 'BG9654NS', '70162835.0', 'STRADA TRITON NEW GLS DC 2.5 4X4 MT D 15', '>1500<2500', 3, 8),
(804, 'BG9764NS', '70162858.0', 'STRADA TRITON NEW GLS DC 2.5 4X4 MT D 15', '>1500<2500', 3, 8),
(805, 'BG9763NS', '70162856.0', 'STRADA TRITON NEW GLS DC 2.5 4X4 MT D 15', '>1500<2500', 3, 8),
(806, 'BG9052NR', '70166128.0', 'STRADA TRITON NEW GLS DC 2.5 4X4 MT D 15', '>1500<2500', 3, 8),
(807, 'BG9655NS', '70162841.0', 'STRADA TRITON NEW GLS DC 2.5 4X4 MT D 15', '>1500<2500', 3, 8),
(808, 'BG9607DK', '70159684.0', 'STRADA TRITON NEW GLS DC 2.5 4X4 MT D 15', '>1500<2500', 3, 8),
(809, 'BG9606DK', '70159683.0', 'STRADA TRITON NEW GLS DC 2.5 4X4 MT D 15', '>1500<2500', 3, 8),
(810, 'BG9605DK', '70159682.0', 'STRADA TRITON NEW GLS DC 2.5 4X4 MT D 15', '>1500<2500', 3, 8),
(811, 'BG9939NU', '70154886.0', 'STRADA TRITON NEW GLS DC 2.5 4X4 MT D PU', '>1500<2500', 3, 8),
(812, 'BG9936NU', '70154887.0', 'STRADA TRITON NEW GLS DC 2.5 4X4 MT D PU', '>1500<2500', 3, 8),
(813, 'BG9932NU', '70154888.0', 'STRADA TRITON NEW GLS DC 2.5 4X4 MT D PU', '>1500<2500', 3, 8),
(814, 'BG9931NU', '70154882.0', 'STRADA TRITON NEW GLS DC 2.5 4X4 MT D PU', '>1500<2500', 3, 8),
(815, 'BG9930NU', '70154881.0', 'STRADA TRITON NEW GLS DC 2.5 4X4 MT D PU', '>1500<2500', 3, 8),
(816, 'BG9938NU', '70154885.0', 'STRADA TRITON NEW GLS DC 2.5 4X4 MT D PU', '>1500<2500', 3, 8),
(817, 'BG9935NU', '70154880.0', 'STRADA TRITON NEW GLS DC 2.5 4X4 MT D PU', '>1500<2500', 3, 8),
(818, 'BG9934NU', '70154884.0', 'STRADA TRITON NEW GLS DC 2.5 4X4 MT D PU', '>1500<2500', 3, 8),
(819, 'BG9937NU', '70154873.0', 'STRADA TRITON NEW GLS DC 2.5 4X4 MT D PU', '>1500<2500', 3, 8),
(820, 'BG9660NR', '70178305.0', 'STRADA TRITON NEW GLS DC MTD PU 2016', '>1500<2500', 3, 8),
(821, 'BG9658NR', '70178307.0', 'STRADA TRITON NEW GLS DC MTD PU 2016', '>1500<2500', 3, 8),
(822, 'BG9404NR', '70172674.0', 'STRADA TRITON NEW GLS DC MTD PU 2016', '>1500<2500', 3, 8),
(823, 'BG9403NR', '70172673.0', 'STRADA TRITON NEW GLS DC MTD PU 2016', '>1500<2500', 3, 8),
(824, 'BG9402NR', '70172736.0', 'STRADA TRITON NEW GLS DC MTD PU 2016', '>1500<2500', 3, 8),
(825, 'BG9297NR', '70170668.0', 'STRADA TRITON NEW GLS DC MTD PU 2016', '>1500<2500', 3, 8),
(826, 'BG9211NR', '70169214.0', 'STRADA TRITON NEW GLS DC MTD PU 2016', '>1500<2500', 3, 8),
(827, 'BG9209NR', '70169559.0', 'STRADA TRITON NEW GLS DC MTD PU 2016', '>1500<2500', 3, 8),
(828, 'BG9098NR', '70167260.0', 'STRADA TRITON NEW GLS DC MTD PU 2016', '>1500<2500', 3, 8),
(829, 'BG9682NR', '70178701.0', 'STRADA TRITON NEW GLS DC MTD PU 2016', '>1500<2500', 3, 8),
(830, 'BG9298NR', '70170666.0', 'STRADA TRITON NEW GLS DC MTD PU 2016', '>1500<2500', 3, 8),
(831, 'BG9296NR', '70170664.0', 'STRADA TRITON NEW GLS DC MTD PU 2016', '>1500<2500', 3, 8),
(832, 'BG9212NR', '70169608.0', 'STRADA TRITON NEW GLS DC MTD PU 2016', '>1500<2500', 3, 8),
(833, 'BG9210NR', '70169560.0', 'STRADA TRITON NEW GLS DC MTD PU 2016', '>1500<2500', 3, 8),
(834, 'BG9208NR', '70169213.0', 'STRADA TRITON NEW GLS DC MTD PU 2016', '>1500<2500', 3, 8),
(835, 'BG9659NR', '70178176.0', 'STRADA TRITON NEW GLS DC MTD PU 2016', '>1500<2500', 3, 8),
(836, 'BG9151NH', '70185395.0', 'STRADA TRITON NEW GLS DC MTD PU 2016', '>1500<2500', 3, 8),
(837, 'BG9307NR', '70171964.0', 'STRADA TRITON NEW HDX DC 2.5 4X4 MT D 15', '>1500<2500', 3, 8),
(838, 'BG9262NR', '70171966.0', 'STRADA TRITON NEW HDX DC 2.5 4X4 MT D 15', '>1500<2500', 3, 8),
(839, 'BG9633NS', '70162757.0', 'STRADA TRITON NEW HDX SC 2.5 4X4 MT D 15', '>1500<2500', 3, 8),
(840, 'BG9632NS', '70162847.0', 'STRADA TRITON NEW HDX SC 2.5 4X4 MT D 15', '>1500<2500', 3, 8),
(841, 'BG9630NS', '70162753.0', 'STRADA TRITON NEW HDX SC 2.5 4X4 MT D 15', '>1500<2500', 3, 8),
(842, 'BG9629NS', '70162755.0', 'STRADA TRITON NEW HDX SC 2.5 4X4 MT D 15', '>1500<2500', 3, 8),
(843, 'BG9622NS', '70162396.0', 'STRADA TRITON NEW HDX SC 2.5 4X4 MT D 15', '>1500<2500', 3, 8),
(844, 'BG9619NS', '70162397.0', 'STRADA TRITON NEW HDX SC 2.5 4X4 MT D 15', '>1500<2500', 3, 8),
(845, 'BG9617NS', '70162399.0', 'STRADA TRITON NEW HDX SC 2.5 4X4 MT D 15', '>1500<2500', 3, 8),
(846, 'BG9974NS', '70166275.0', 'STRADA TRITON NEW HDX SC 2.5 4X4 MT D 15', '>1500<2500', 3, 8),
(847, 'BG9973NS', '70166276.0', 'STRADA TRITON NEW HDX SC 2.5 4X4 MT D 15', '>1500<2500', 3, 8),
(848, 'BG9022NR', '70166616.0', 'STRADA TRITON NEW HDX SC 2.5 4X4 MT D 15', '>1500<2500', 3, 8),
(849, 'BG9631NS', '70162848.0', 'STRADA TRITON NEW HDX SC 2.5 4X4 MT D 15', '>1500<2500', 3, 8),
(850, 'BG9621NS', '70162392.0', 'STRADA TRITON NEW HDX SC 2.5 4X4 MT D 15', '>1500<2500', 3, 8),
(851, 'BG9620NS', '70162389.0', 'STRADA TRITON NEW HDX SC 2.5 4X4 MT D 15', '>1500<2500', 3, 8),
(852, 'BG9618NS', '70162394.0', 'STRADA TRITON NEW HDX SC 2.5 4X4 MT D 15', '>1500<2500', 3, 8),
(853, 'BG9633NR', '70180512.0', 'STRADA TRITON NEW HDX SC 2.5 MTD PU 2016', '>1500<2500', 3, 8),
(854, 'BG9147NT', '70135641.0', 'STRADA TRITON TRB GLS-AB 2.5 4X4 PU 2014', '>1500<2500', 3, 8),
(855, 'BG9065NT', '70134929.0', 'STRADA TRITON TRB GLS-AB 2.5 4X4 PU 2014', '>1500<2500', 3, 8),
(856, 'BG9035NT', '70135041.0', 'STRADA TRITON TRB GLS-AB 2.5 4X4 PU 2014', '>1500<2500', 3, 8),
(857, 'BG9688NW', '70129233.0', 'STRADA TRITON TRB GLS-AB 2.5 4X4 PU 2014', '>1500<2500', 3, 8),
(858, 'BG9089NT', '70135108.0', 'STRADA TRITON TRB GLS-AB 2.5 4X4 PU 2014', '>1500<2500', 3, 8),
(859, 'BG9028NT', '70135056.0', 'STRADA TRITON TRB GLS-AB 2.5 4X4 PU 2014', '>1500<2500', 3, 8),
(860, 'BG9010NT', '70134967.0', 'STRADA TRITON TRB GLS-AB 2.5 4X4 PU 2014', '>1500<2500', 3, 8),
(861, 'BG9149NT', '70135469.0', 'STRADA TRITON TRB GLS-AB 2.5 4X4 PU 2014', '>1500<2500', 3, 8),
(862, 'BG9143NT', '70135661', 'STRADA TRITON TRB GLS-AB 2.5 4X4 PU 2014', '>1500<2500', 3, 8),
(863, 'BG9150NT', '70135484.0', 'STRADA TRITON TRB GLS-AB 2.5 4X4 PU 2014', '>1500<2500', 3, 8),
(864, 'BG9145NT', '70135675.0', 'STRADA TRITON TRB GLS-AB 2.5 4X4 PU 2014', '>1500<2500', 3, 8),
(865, 'BG9142NT', '70135634.0', 'STRADA TRITON TRB GLS-AB 2.5 4X4 PU 2014', '>1500<2500', 3, 8),
(866, 'BG9141NT', '70135630.0', 'STRADA TRITON TRB GLS-AB 2.5 4X4 PU 2014', '>1500<2500', 3, 8),
(867, 'BG9095NT', '70135114.0', 'STRADA TRITON TRB GLS-AB 2.5 4X4 PU 2014', '>1500<2500', 3, 8),
(868, 'BG9034NT', '70135053.0', 'STRADA TRITON TRB GLS-AB 2.5 4X4 PU 2014', '>1500<2500', 3, 8),
(869, 'BG9987NW', '70134977.0', 'STRADA TRITON TRB GLS-AB 2.5 4X4 PU 2014', '>1500<2500', 3, 8),
(870, 'BG9687NW', '70129383.0', 'STRADA TRITON TRB GLS-AB 2.5 4X4 PU 2014', '>1500<2500', 3, 8),
(871, 'BG9146NT', '70135111.0', 'STRADA TRITON TRB GLS-AB 2.5 4X4 PU 2014', '>1500<2500', 3, 8),
(872, 'BG9093NT', '70135117.0', 'STRADA TRITON TRB GLS-AB 2.5 4X4 PU 2014', '>1500<2500', 3, 8),
(873, 'BG9091NT', '70135110.0', 'STRADA TRITON TRB GLS-AB 2.5 4X4 PU 2014', '>1500<2500', 3, 8),
(874, 'BG9088NT', '70135119.0', 'STRADA TRITON TRB GLS-AB 2.5 4X4 PU 2014', '>1500<2500', 3, 8),
(875, 'BG9037NT', '70134960.0', 'STRADA TRITON TRB GLS-AB 2.5 4X4 PU 2014', '>1500<2500', 3, 8),
(876, 'BG9031NT', '70135049.0', 'STRADA TRITON TRB GLS-AB 2.5 4X4 PU 2014', '>1500<2500', 3, 8),
(877, 'BG9029NT', '70135063.0', 'STRADA TRITON TRB GLS-AB 2.5 4X4 PU 2014', '>1500<2500', 3, 8),
(878, 'BG9026NT', '70134938.0', 'STRADA TRITON TRB GLS-AB 2.5 4X4 PU 2014', '>1500<2500', 3, 8),
(879, 'BG9021NT', '70134973.0', 'STRADA TRITON TRB GLS-AB 2.5 4X4 PU 2014', '>1500<2500', 3, 8),
(880, 'BG9020NT', '70134932.0', 'STRADA TRITON TRB GLS-AB 2.5 4X4 PU 2014', '>1500<2500', 3, 8),
(881, 'BG9019NT', '70134975.0', 'STRADA TRITON TRB GLS-AB 2.5 4X4 PU 2014', '>1500<2500', 3, 8),
(882, 'BG9013NT', '70134988.0', 'STRADA TRITON TRB GLS-AB 2.5 4X4 PU 2014', '>1500<2500', 3, 8),
(883, 'BG9138NT', '70135655.0', 'STRADA TRITON TRB GLS-AB 2.5 4X4 PU 2014', '>1500<2500', 3, 8),
(884, 'BG9087NT', '70135107.0', 'STRADA TRITON TRB GLS-AB 2.5 4X4 PU 2014', '>1500<2500', 3, 8),
(885, 'BG9086NT', '70135116.0', 'STRADA TRITON TRB GLS-AB 2.5 4X4 PU 2014', '>1500<2500', 3, 8),
(886, 'BG9014NT', '70134935.0', 'STRADA TRITON TRB GLS-AB 2.5 4X4 PU 2014', '>1500<2500', 3, 8),
(887, 'BG9859NW', '70131794.0', 'STRADA TRITON TRB GLS-DC 2.5 4X4 PU 2014', '>1500<2500', 3, 8),
(888, 'BG9192NU', '70146637.0', 'STRADA TRITON TRB GLS-DC 2.5 4X4 PU 2014', '>1500<2500', 3, 8),
(889, 'BG9136NU', '70145391.0', 'STRADA TRITON TRB GLS-DC 2.5 4X4 PU 2014', '>1500<2500', 3, 8),
(890, 'BG9134NU', '70145323.0', 'STRADA TRITON TRB GLS-DC 2.5 4X4 PU 2014', '>1500<2500', 3, 8),
(891, 'BG9133NU', '70145327.0', 'STRADA TRITON TRB GLS-DC 2.5 4X4 PU 2014', '>1500<2500', 3, 8),
(892, 'BG9128NU', '70145387.0', 'STRADA TRITON TRB GLS-DC 2.5 4X4 PU 2014', '>1500<2500', 3, 8),
(893, 'BG9127NU', '70145365.0', 'STRADA TRITON TRB GLS-DC 2.5 4X4 PU 2014', '>1500<2500', 3, 8),
(894, 'BG9887NW', '70132570.0', 'STRADA TRITON TRB GLS-DC 2.5 4X4 PU 2014', '>1500<2500', 3, 8),
(895, 'BG9190NU', '70146638.0', 'STRADA TRITON TRB GLS-DC 2.5 4X4 PU 2014', '>1500<2500', 3, 8),
(896, 'BG9137NU', '70145373.0', 'STRADA TRITON TRB GLS-DC 2.5 4X4 PU 2014', '>1500<2500', 3, 8),
(897, 'BG9131NU', '70145344.0', 'STRADA TRITON TRB GLS-DC 2.5 4X4 PU 2014', '>1500<2500', 3, 8),
(898, 'BG9125NU', '70145324.0', 'STRADA TRITON TRB GLS-DC 2.5 4X4 PU 2014', '>1500<2500', 3, 8),
(899, 'BG9377NW', '70125713.0', 'STRADA TRITON TRB GLS-DC 2.5 4X4 PU 2014', '>1500<2500', 3, 8),
(900, 'BM8472TQ', '70139783.0', 'STRADA TRITON TRB GLS-DC 2.5 4X4 PU 2014', '>1500<2500', 3, 8),
(901, 'BG9193NU', '70146854.0', 'STRADA TRITON TRB GLS-DC 2.5 4X4 PU 2014', '>1500<2500', 3, 8),
(902, 'BG9135NU', '70145325.0', 'STRADA TRITON TRB GLS-DC 2.5 4X4 PU 2014', '>1500<2500', 3, 8),
(903, 'BG9132NU', '70145340.0', 'STRADA TRITON TRB GLS-DC 2.5 4X4 PU 2014', '>1500<2500', 3, 8),
(904, 'BG9130NU', '70145364.0', 'STRADA TRITON TRB GLS-DC 2.5 4X4 PU 2014', '>1500<2500', 3, 8),
(905, 'BG9129NU', '70145347.0', 'STRADA TRITON TRB GLS-DC 2.5 4X4 PU 2014', '>1500<2500', 3, 8),
(906, 'BG1246UQ', '70185717.0', 'TERIOS R 1.5 4X2 MT B 2016', '<1500', 1, 10),
(907, 'BG1943RP', '70192823.0', 'TERIOS R 1.5 4X2 MT B 2017', '<1500', 1, 10),
(908, 'BG1384RY', '70192798.0', 'TERIOS R 1.5 4X2 MT B 2017', '<1500', 1, 10),
(909, 'BG1597UC', '70167358.0', 'TERIOS X EXTRA 1.5 4X2 MT B 2016', '<1500', 1, 10),
(910, 'BG1737UF', '70173194.0', 'VIOS E 1.5 4X2 MT B 2016', '<1500', 1, 10),
(911, 'F1245DG', '70085300.0', 'VIOS G ALL NEW 1.5 4X2 AT B 2012', '<1500', 1, 10),
(912, 'BG1336UB', '70163911.0', 'XENIA GREAT M STD AB 1.0 4X2 MT B 2015', '<1500', 1, 10),
(913, 'BG1335UB', '70163913.0', 'XENIA GREAT M STD AB 1.0 4X2 MT B 2015', '<1500', 1, 10),
(914, 'BG1184UC', '70166819.0', 'XENIA GREAT M STD AB 1.0 4X2 MT B 2015', '<1500', 1, 10),
(915, 'BG1183UC', '70166817.0', 'XENIA GREAT M STD AB 1.0 4X2 MT B 2015', '<1500', 1, 10),
(916, 'BG1261UD', '70168002.0', 'XENIA GREAT R STD 1.3 4X2 MT B 2016', '<1500', 1, 10),
(917, 'BN1263PD', '70169462.0', 'XENIA GREAT R STD 1.3 4X2 MT B 2016', '<1500', 1, 10),
(918, 'BG1715UF', '70172779.0', 'XENIA GREAT R STD 1.3 4X2 MT B 2016', '<1500', 1, 10),
(919, 'BG1710UF', '70173950.0', 'XENIA GREAT R STD 1.3 4X2 MT B 2016', '<1500', 1, 10),
(920, 'BG1499UN', '70182033.0', 'XENIA GREAT R STD 1.3 4X2 MT B 2016', '<1500', 1, 10),
(921, 'BG1359UB', '70164959.0', 'XENIA GREAT R STD 1.3 4X2 MT B 2016', '<1500', 1, 10),
(922, 'BG1334UB', '70164952.0', 'XENIA GREAT R STD 1.3 4X2 MT B 2016', '<1500', 1, 10),
(923, 'BG1332UB', '70164955.0', 'XENIA GREAT R STD 1.3 4X2 MT B 2016', '<1500', 1, 10),
(924, 'BG1262UI', '70176973.0', 'XENIA GREAT R STD 1.3 4X2 MT B 2016', '<1500', 1, 10),
(925, 'BG1714UF', '70172741.0', 'XENIA GREAT R STD 1.3 4X2 MT B 2016', '<1500', 1, 10),
(926, 'BG1713UF', '70172742.0', 'XENIA GREAT R STD 1.3 4X2 MT B 2016', '<1500', 1, 10),
(927, 'BG1712UF', '70172745.0', 'XENIA GREAT R STD 1.3 4X2 MT B 2016', '<1500', 1, 10),
(928, 'BG1711UF', '70172730.0', 'XENIA GREAT R STD 1.3 4X2 MT B 2016', '<1500', 1, 10),
(929, 'BG1709UF', '70172784.0', 'XENIA GREAT R STD 1.3 4X2 MT B 2016', '<1500', 1, 10),
(930, 'BG1708UF', '70172724.0', 'XENIA GREAT R STD 1.3 4X2 MT B 2016', '<1500', 1, 10),
(931, 'BG1042UG', '70172781.0', 'XENIA GREAT R STD 1.3 4X2 MT B 2016', '<1500', 1, 10),
(932, 'BG1041UG', '70172783.0', 'XENIA GREAT R STD 1.3 4X2 MT B 2016', '<1500', 1, 10),
(933, 'BP1641HQ', '70160645.0', 'XENIA GREAT X DLX AB 1.3 4X2 MT B 2015', '<1500', 1, 10),
(934, 'BG1304UH', '70179008.0', 'XENIA GREAT X STD 1.3 4X2 MT B 2016', '<1500', 1, 10),
(935, 'BG1069UH', '70179004.0', 'XENIA GREAT X STD 1.3 4X2 MT B 2016', '<1500', 1, 10),
(936, 'BG1068UH', '70178885.0', 'XENIA GREAT X STD 1.3 4X2 MT B 2016', '<1500', 1, 10),
(937, 'BG1067UH', '70178873.0', 'XENIA GREAT X STD 1.3 4X2 MT B 2016', '<1500', 1, 10),
(938, 'BG1851UN', '70182758.0', 'XENIA GREAT X STD 1.3 4X2 MT B 2016', '<1500', 1, 10),
(939, 'BG1850UN', '70182763.0', 'XENIA GREAT X STD 1.3 4X2 MT B 2016', '<1500', 1, 10),
(940, 'BG1541IL', '70149575.0', 'XENIA R DG SPORTY Airbag 1.3 4X2 MT 2015', '<1500', 1, 10),
(941, 'BG1853ZR', '70103846.0', 'XENIA R NEW Airbag 1.3 4X2 MT B 2013', '<1500', 1, 10),
(942, 'BG1852ZR', '70105788.0', 'XENIA R NEW Airbag 1.3 4X2 MT B 2013', '<1500', 1, 10),
(943, 'BG1851ZR', '70104054.0', 'XENIA R NEW Airbag 1.3 4X2 MT B 2013', '<1500', 1, 10),
(944, 'BG1850ZR', '70104138.0', 'XENIA R NEW Airbag 1.3 4X2 MT B 2013', '<1500', 1, 10),
(945, 'BG1848ZR', '70104061.0', 'XENIA R NEW Airbag 1.3 4X2 MT B 2013', '<1500', 1, 10),
(946, 'BG1845ZR', '70103848.0', 'XENIA R NEW Airbag 1.3 4X2 MT B 2013', '<1500', 1, 10),
(947, 'BG1843ZR', '70104135.0', 'XENIA R NEW Airbag 1.3 4X2 MT B 2013', '<1500', 1, 10),
(948, 'BG1193ZV', '70107905.0', 'XENIA R NEW Airbag 1.3 4X2 MT B 2013', '<1500', 1, 10),
(949, 'BG1783IK', '70121656.0', 'XENIA R NEW Airbag 1.3 4X2 MT B 2014', '<1500', 1, 10),
(950, 'BG1782IK', '70121658.0', 'XENIA R NEW Airbag 1.3 4X2 MT B 2014', '<1500', 1, 10),
(951, 'BG1781IK', '70121660.0', 'XENIA R NEW Airbag 1.3 4X2 MT B 2014', '<1500', 1, 10),
(952, 'BG1705AC', '70126694.0', 'XENIA R NEW Airbag 1.3 4X2 MT B 2014', '<1500', 1, 10),
(953, 'BG1703AC', '70126691.0', 'XENIA R NEW Airbag 1.3 4X2 MT B 2014', '<1500', 1, 10),
(954, 'BG1629IK', '70121661.0', 'XENIA R NEW Airbag 1.3 4X2 MT B 2014', '<1500', 1, 10),
(955, 'BG1190AA', '70121662.0', 'XENIA R NEW Airbag 1.3 4X2 MT B 2014', '<1500', 1, 10),
(956, 'BE2045YY', '70125751.0', 'XENIA R NEW Airbag 1.3 4X2 MT B 2014', '<1500', 1, 10),
(957, 'BG1815AO', '70136505.0', 'XENIA X DG Airbag 1.3 4X2 MT B 2014', '<1500', 1, 10),
(958, 'BG1721AP', '70139073.0', 'XENIA X DG PLUS Airbag 1.3 4X2 MT B 2014', '<1500', 1, 10),
(959, 'L1546BW', '70071415.0', 'XENIA X NEW 1.3 4X2 MT B 2012', '<1500', 1, 10),
(960, 'B1523UZD', '70090040.0', 'XENIA X STD NEW 1.3 4X2 MT B 2012', '<1500', 1, 10),
(961, 'B1233NOS', '70175011.0', 'AVANZA GRAND G AB 1.3 4X2 MT B 2016', '<1500', 1, 10),
(962, 'BN1451BS', '70121084.0', 'INNOVA G AIRBAG 2.0 4X2 MT B 2014', '>1500<2500', 1, 9),
(963, 'BG9015NT', '70135045.0', 'STRADA TRITON TRB GLS-AB 2.5 4X4 PU 2014', '>1500<2500', 3, 8),
(964, 'BG9419ND', NULL, 'RANGER DC XLT-D PLUS 2.5 4X4 MT D PU 11', '>1500<2500', 3, 8),
(965, 'B1764UYN', '70151295.0', 'INNOVA G AIRBAG MC 2.0 4X2 MT B 2015', '>1500<2500', 1, 9),
(966, 'BG1684NQ', '70195196.0', 'HRV E 1.5 4X2 AT B 2017', '<1500', 1, 10),
(967, 'B1744UYN', '70151292.0', 'INNOVA G AIRBAG MC 2.0 4X2 MT B 2015', '>1500<2500', 1, 9),
(968, 'BG9049NW', '70123368.0', 'HILUX DC G AIRBAG 2.5 4X4 MT D PU 2014', '>1500<2500', 3, 8),
(969, 'B1252UYI', '70147631.0', 'INNOVA G AIRBAG MC 2.0 4X2 MT B 2015', '>1500<2500', 1, 9),
(970, 'BG1756UG', '70175423.0', 'INNOVA G 2.4 4X2 MT D 2016', '>1500<2500', 3, 8),
(971, 'BG1824AB', '70123496.0', 'AVANZA G NEW AIRBAG 1.3 4X2 MT B 2014', '<1500', 1, 10),
(972, 'BG1049RR', '70191456.0', 'INNOVA Q VENTURER 2.0 4X2 AT B 2017', '>1500<2500', 1, 9),
(973, 'B1471NOS', '70174502.0', 'AVANZA GRAND G AB 1.3 4X2 MT B 2016', '<1500', 1, 10),
(974, 'B1211UIA', '70166714.0', 'XENIA GREAT R STD 1.3 4X2 MT B 2016', '<1500', 1, 10),
(975, 'B1798UYO', '70154397.0', 'INNOVA G AIRBAG MC 2.0 4X2 MT B 2015', '>1500<2500', 1, 9),
(976, 'BK1556UZ', '70151950.0', 'INNOVA E AIRBAG MC 2.0 4X2 MT B 2015', '>1500<2500', 1, 9),
(977, 'BK1727UZ', '70151473.0', 'INNOVA G AIRBAG MC 2.5 4X2 MT D 2015', '>1500<2500', 3, 8),
(978, 'B1736UYN', '70151352.0', 'INNOVA G AIRBAG MC 2.0 4X2 MT B 2015', '>1500<2500', 1, 9),
(979, 'B1768UYN', '70151350.0', 'INNOVA G AIRBAG MC 2.0 4X2 MT B 2015', '>1500<2500', 1, 9),
(980, 'BG1539IM', '70149316.0', 'INNOVA G AIRBAG MC 2.0 4X2 MT B 2015', '>1500<2500', 1, 9),
(981, 'B1397UYI', '70147621.0', 'INNOVA G AIRBAG MC 2.0 4X2 MT B 2015', '>1500<2500', 1, 9),
(982, 'B1364UYD', '70142996.0', 'AVANZA G NEW AIRBAG 1.3 4X2 MT B 2015', '<1500', 1, 10),
(983, 'B1422URZ', '70140244.0', 'AVANZA G NEW AIRBAG 1.3 4X2 MT B 2014', '<1500', 1, 10),
(984, 'BH1119HN', '70137495.0', 'AVANZA G NEW AIRBAG 1.3 4X2 MT B 2014', '<1500', 1, 10),
(985, 'BG1665AO', '70134793.0', 'PAJERO NEW SPORT GLX 2.5 4X4 MT D 2014', '>1500<2500', 3, 8),
(986, 'BG1372AO', '70134784.0', 'INNOVA G AIRBAG MC 2.0 4X2 MT B 2014', '>1500<2500', 1, 9),
(987, 'BM1451NR', '70132559.0', 'INNOVA E AIRBAG 2.0 4X2 MT B 2014', '>1500<2500', 1, 9),
(988, 'BG1479AG', '70126878.0', 'INNOVA G AIRBAG 2.5 4X2 MT D 2014', '>1500<2500', 3, 8),
(989, 'BG1021AG', '70126774.0', 'INNOVA G AIRBAG 2.5 4X2 MT D 2014', '>1500<2500', 3, 8),
(990, 'BG1795AC', '70125248.0', 'INNOVA E AIRBAG 2.0 4X2 MT B 2014', '>1500<2500', 1, 9),
(991, 'BG1565AC', '70124834.0', 'INNOVA E AIRBAG 2.0 4X2 MT B 2014', '>1500<2500', 1, 9),
(992, 'BG1566AC', '70124827.0', 'INNOVA E AIRBAG 2.0 4X2 MT B 2014', '>1500<2500', 1, 9),
(993, 'B1297URI', '70121725.0', 'INNOVA V NEW 2.0 4X2 MT B 2013', '>1500<2500', 1, 9),
(994, 'B1145URI', '70121653.0', 'INNOVA G AIRBAG 2.0 4X2 MT B 2013', '>1500<2500', 1, 9),
(995, 'BG1610IK', '70120863.0', 'INNOVA G AIRBAG 2.5 4X2 AT D 2014', '>1500<2500', 3, 8),
(996, 'BG1128IJ', '70116493.0', 'INNOVA G AIRBAG 2.0 4X2 MT B 2013', '>1500<2500', 1, 9),
(997, 'BG1130IJ', '70116492.0', 'INNOVA G AIRBAG 2.0 4X2 MT B 2013', '>1500<2500', 1, 9),
(998, 'BG1863IJ', '70116194.0', 'INNOVA G AIRBAG 2.0 4X2 MT B 2013', '>1500<2500', 1, 9),
(999, 'BG1693ID', '70114448.0', 'PAJERO NEW SPORT DAKAR 2.5 4X4 AT D 2013', '>1500<2500', 3, 8),
(1000, 'BG1097IB', '70111777.0', 'AVANZA G NEW AIRBAG 1.3 4X2 MT B 2013', '<1500', 1, 10),
(1001, 'BG1276IB', '70111584.0', 'AVANZA G NEW AIRBAG 1.3 4X2 MT B 2013', '<1500', 1, 10),
(1002, 'B1366UOJ', '70066003.0', 'AVANZA G NEW 1.3 4X2 MT B 2012', '<1500', 1, 10),
(1003, 'BE2474YU', '70150448', 'INNOVA V LUX AIRBAG MC 2.0 4X2 MT B 2015', '>1500<2500', 1, 9),
(1004, 'BA1888BQ', NULL, 'GRAN MAX', '<1500', 1, 10),
(1005, 'BG1649NQ', '70195197.0', 'CR-V NEW 2.0 4X2 AT B 2017', '>1500<2500', 1, 9),
(1006, 'BG1230AP', '70137988.0', 'ALTIS V ALL NEW COROLLA 1.8 4X2 AT 2014', '>1500<2500', 1, 9),
(1007, 'BG9312NV', '70115869.0', 'STRADA TRITON GLS-AB 2.5 4X4 MT PU 2013', '>1500<2500', 3, 8),
(1008, 'BG9794NT', '70143200.0', 'STRADA TRITON HDX DC 2.8 4X4 MT PU 2014', '>1500<2500', 3, 8),
(1009, 'BG1512AE', '70126268.0', 'INNOVA G AIRBAG 2.0 4X2 MT B 2014', '>1500<2500', 1, 9),
(1010, 'BM8317TQ', '70138356.0', 'HILUX DC G AIRBAG 2.5 4X4 MT D PU 2014', '>1500<2500', 3, 8),
(1011, 'B1156UZZ', '70113207.0', 'AVANZA G NEW AIRBAG 1.3 4X2 MT B 2013', '<1500', 1, 10),
(1012, 'BG9784NT', '70143147.0', 'STRADA TRITON HDX DC 2.8 4X4 MT PU 2014', '>1500<2500', 3, 8),
(1013, 'BG9886NW', '70132538.0', 'STRADA TRITON TRB GLS-DC 2.5 4X4 PU 2014', '>1500<2500', 3, 8),
(1014, 'BG9305NL', '70072870.0', 'STRADA TRITON GLS-DC 2.5 4X4 MT PU 2012', '>1500<2500', 3, 8),
(1015, 'BG9032NT', '70135066.0', 'STRADA TRITON TRB GLS-AB 2.5 4X4 PU 2014', '>1500<2500', 3, 8),
(1016, 'B1730UYN', '70151288.0', 'INNOVA G AIRBAG MC 2.0 4X2 MT B 2015', '>1500<2500', 1, 9),
(1017, 'B1206NOS', '70174642.0', 'AVANZA GRAND G AB 1.3 4X2 MT B 2016', '<1500', 1, 10),
(1018, 'B1494UYM', '70151722.0', 'AVANZA G NEW AIRBAG 1.3 4X2 MT B 2015', '<1500', 1, 10),
(1019, 'B1833UYO', '70151742.0', 'AVANZA G NEW AIRBAG 1.3 4X2 MT B 2015', '<1500', 1, 10),
(1020, 'BARU338551', '70196802.0', 'NEW INNOVA G 2.0 4X2 MT B 2017', '>1500<2500', 1, 9),
(1021, 'BARU339946', '70196801.0', 'NEW INNOVA G 2.0 4X2 MT B 2017', '>1500<2500', 1, 9),
(1022, 'BARU340640', '70196979.0', 'NEW INNOVA G 2.0 4X2 MT B 2017', '>1500<2500', 1, 9),
(1023, 'B7469FAA', '70140442.0', 'ELF NQR 71 125PS 4.6 4X2 EM XD CU 2014', '>2500', 3, 7),
(1025, 'BG9379NV', NULL, 'STRADA TRITON HDX SC 2.8 4X4 MT PU 2013', '>1500<2500', 3, 8),
(1026, 'BG9313NV', NULL, 'STRADA TRITON GLS-AB 2.5 4X4 MT PU 2013', '>1500<2500', 3, 8),
(1027, 'BH1078HM', NULL, 'INNOVA DIESEL', '>1500<2500', 3, 8),
(1028, 'B1902NOR', NULL, 'AVANZA GRAND G AB 1.3 4X2 MT B 2016', '<1500', 1, 10),
(1029, 'BG1955NQ', NULL, 'NEW INNOVA G 2.0 4X2 MT B 2017', '>1500<2500', 1, 9),
(1030, 'BG1386AP', NULL, 'CR-V', '>1500<2500', 1, 9),
(1031, 'BG1766AG', NULL, 'INNOVA', '>1500<2500', 1, 9),
(1032, 'BG1562UQ', NULL, 'Aavanza G 2016', '<1500', 1, 10),
(1033, 'BG1503UU', NULL, 'innova', '>1500<2500', 1, 9),
(1034, 'BG9787NT', '70143139', 'STRADA TRITON HDX DC 2.8 4X4 MT PU 2014', '>1500<2500', 3, 8),
(1036, 'B1210NOR', '70172288', 'AVANZA GRAND G AB 1.3 4X2 MT B 2016', '<1500', 1, 10),
(1037, 'BG1426UU', '70197763', 'GRAN MAX D MB FH 1.3 4X2 MT B 2017', '<1500', 1, 10),
(1038, 'BG9965NT', NULL, 'HILUX DC E AIRBAG 2.5 4X4 MT D PU 2014', '>1500<2500', 3, 8),
(1039, 'BN1452BS', NULL, 'INNOVA G AIRBAG 2.0 4X2 MT B 2014', '>1500<2500', 1, 9),
(1040, 'BG9827NH', NULL, 'GRAN MAX BV AC 1.3 4X2 MT B 2017', '<1500', 1, 10),
(1041, 'BARU024996', NULL, 'NEW INNOVA G 2.4 4X2 MT D 2017', '>1500<2500', 3, 8),
(1042, 'BARU023015', '70197584', 'NEW INNOVA G 2.4 4X2 MT D 2017', '>1500<2500', 3, 8),
(1043, 'BARU024821', '70197761', 'NEW INNOVA G 2.4 4X2 MT D 2017', '>1500<2500', 3, 8),
(1044, 'BG1090URY', NULL, 'INNOVA', '>1500<2500', 1, 9),
(1045, 'BARU338678', NULL, 'NEW INNOVA G 2.0 4X2 MT B 2017', '>1500<2500', 1, 9),
(1046, 'BARU339128', NULL, 'NEW INNOVA G 2.0 4X2 MT B 2017', '>1500<2500', 1, 9),
(1047, 'BARU340438', NULL, 'NEW INNOVA G 2.0 4X2 MT B 2017', '>1500<2500', 1, 9),
(1048, 'BARU340452', NULL, 'NEW INNOVA G 2.0 4X2 MT B 2017', '>1500<2500', 1, 9),
(1049, 'BG1683UH', '70193323', 'INNOVA BENSIN', '>1500<2500', 1, 9),
(1050, 'B2610UFO ', NULL, 'INNOVA A/T BARU', '>1500<2500', 1, 9),
(1051, 'B2468UFO', NULL, 'INNOVA A/T BARU', '>1500<2500', 1, 9),
(1052, 'B2438UFO', NULL, 'INNOVA A/T BARU', '>1500<2500', 1, 9),
(1053, 'BG1022NI', '70196435', 'GRAN MAX D MB FH 1.3 4X2 MT B 2017', '<1500', 1, 10),
(1054, 'BG1301UG', '70173661', 'INNOVA G 2.4 4X2 AT D 2016', '>1500<2500', 3, 8),
(1055, 'BARU339627', '70195869', 'NEW INNOVA G 2.0 4X2 AT B 2017', '>1500<2500', 1, 9),
(1056, 'B1811UYO', '70151285', 'INNOVA G AIRBAG MC 2.0 4X2 MT B 2015', '>1500<2500', 1, 9),
(1057, 'DA8670BI', '70115815', 'FORTUNER V NEW 2.7 4X4 AT B 2013', '>2500', 1, 6),
(1058, 'BH1706HT', '70173226', 'AVANZA GRAND G AB 1.3 4X2 MT B 2016', '<1500', 1, 10),
(1059, 'BG1228IA', '70159207', 'INNOVA G AIRBAG MC 2.0 4X2 MT B 2015', '>1500<2500', 1, 9),
(1060, 'BG9152NT', '70135713', 'STRADA TRITON TRB GLS-AB 2.5 4X4 PU 2014', '>1500<2500', 3, 8),
(1061, 'BG1270AO', '70136471', 'INNOVA G AIRBAG MC 2.0 4X2 MT B 2014', '>1500<2500', 1, 9),
(1062, 'BG9993NT', '70141175', 'HILUX DC E AIRBAG 2.5 4X4 MT D PU 2014', '>1500<2500', 3, 8),
(1063, 'B1097UYR', '70158180', 'GRAN MAX MB 1.3 D 4X2 MT B 2015', '<1500', 1, 10),
(1064, 'BG8357IL', '70221752', 'GRAN MAX BV AC 1.3 4X2 MT B 2018', '<1500', 1, 10),
(1065, 'B9504FCG', '70198144', 'GRAN MAX BV AC 1.3 4X2 MT B 2017', '<1500', 1, 10),
(1066, 'BG1721UU', '70196451', 'AVANZA GRAND G AB 1.3 4X2 MT B 2017', '<1500', 1, 10),
(1067, 'B9152FCF', '70182947', 'GRAN MAX BV AC 1.3 4X2 MT B 2017', '<1500', 1, 10),
(1068, 'B9183FCF', '70183033', 'GRAN MAX BV AC 1.3 4X2 MT B 2017', '<1500', 1, 10),
(1069, 'B9319FCF', '70183458', 'GRAN MAX BV AC 1.3 4X2 MT B 2017', '<1500', 1, 10),
(1070, 'BH9916AS', '70135917', 'COLT-D L300 72PS STD 2.5 MT D BOX 2014', '<1500', 3, 10),
(1071, 'B9594FCI', '70220669', 'GRAN MAX BV AC 1.3 4X2 MT B 2018', '<1500', 1, 10),
(1072, 'BG8359IL', '70221750', 'GRAN MAX BV AC 1.3 4X2 MT B 2018', '<1500', 1, 10),
(1073, 'B9778UCL', '70117707', 'DUTRO 110 SD PS 4B 4.0 4X2MT  BOX 2013', 'SolarTruck', 3, 7),
(1074, 'B9776UCL', '70117957', 'DUTRO 110 SD PS 4B 4.0 4X2MT  BOX 2013', 'SolarTruck', 3, 7),
(1075, 'BG8961IH', '70215355', 'GRAN MAX BV 1.3 4X2 MT B 2018', '<1500', 1, 10),
(1076, 'BG8960IH', '70215354', 'GRAN MAX BV 1.3 4X2 MT B 2018', '<1500', 1, 10),
(1077, 'BG1938UU', '70196446', 'AVANZA GRAND G AB 1.3 4X2 MT B 2017', '<1500', 1, 10),
(1078, 'BG9131NI', '70195742', 'STRADA TRITON NEW HDX SC 2.5 MT PU 2017', '>1500<2500', 3, 8),
(1079, 'BG8387IM', '70119479', 'PANTHER GD 3W PS 2.5 4X2 MT D PU 2014', '<1500', 3, 10),
(1080, 'BG1415RX', '70223351', 'AVANZA G 1.3 4X2 MT B 2019', '<1500', 1, 10),
(1081, 'BG1416RX', '70223349', 'AVANZA G 1.3 4X2 MT B 2019', '<1500', 1, 10),
(1082, 'BG1417RX', '70223347', 'AVANZA G 1.3 4X2 MT B 2019', '<1500', 1, 10),
(1083, 'BG1422RX', '70223345', 'AVANZA G 1.3 4X2 MT B 2019', '<1500', 1, 10),
(1084, 'BN1733PH', '70223359', 'AVANZA G 1.3 4X2 MT B 2019', '<1500', 1, 10),
(1085, 'BH1705HT', '70173205', 'AVANZA GRAND G AB 1.3 4X2 MT B 2016', '<1500', 1, 10),
(1086, 'BA1824OW', '70195296', 'AVANZA GRAND G AB 1.3 4X2 MT B 2017', '<1500', 1, 10),
(1087, 'BH9314AT', '70142451', 'GRAN MAX BV AC 1.3 4X2 MT B 2014', '<1500', 1, 10),
(1088, 'BARU020829', '70224601', ' STRADA TRITON HDX SC 2.5 MT PU 2019', '>1500<2500', 3, 8),
(1089, 'BARU071779', '70224600', 'STRADA TRITON NEW HDX DC 2.5 MT PU 2018', '>1500<2500', 3, 8),
(1090, 'BARU071962', '70224599', 'STRADA TRITON NEW HDX DC 2.5 MT PU 2018', '>1500<2500', 3, 8),
(1091, 'BARU071776', '70224597', 'STRADA TRITON NEW HDX DC 2.5 MT PU 2018', '>1500<2500', 3, 8),
(1092, 'B1101NWK', '70172053', 'AVANZA GRAND G AB 1.3 4X2 MT B 2016', '<1500', 1, 10),
(1093, 'BG1014NI', '70194783', 'NEW INNOVA G 2.0 4X2 MT B 2017', '>1500<2500', 1, 9),
(1094, 'BG9686NW', '70129385', 'STRADA TRITON TRB GLS-AB 2.5 4X4 PU 2014', '>1500<2500', 3, 8),
(1095, 'BH1090HP', '70148706', 'AVANZA G NEW AIRBAG 1.3 4X2 MT B 2015', '<1500', 1, 10),
(1096, 'BG1857IV', '70158632', 'INNOVA G AIRBAG MC 2.0 4X2 MT B 2015', '>1500<2500', 1, 9),
(1097, 'B1040NWK', '70168761', 'AVANZA GRAND G AB 1.3 4X2 MT B 2016', '<1500', 1, 10),
(1098, 'BG8723IM', '70120207', 'HILUX DC G AIRBAG 2.5 4X4 MT D PU 2014', '>1500<2500', 3, 8),
(1099, 'BG1198NI', '70195464', 'AVANZA G 1.3 4X2 MT B 2017', '<1500', 1, 10),
(1100, 'BH9629AS', '70127800', 'GRAN MAX STD 1.3 4X2 MT B PU 2014', '<1500', 1, 10),
(1101, 'BH9675AV', '70176592', 'STRADA TRITON NEW HDX DC 2.5 MT D 2016', '>1500<2500', 3, 8),
(1102, 'B2797UKX', '70225318', 'XENIA X DLX 1.3 4X2 MT B 2019', '<1500', 1, 10),
(1103, 'BA1833OW', '70195349', 'AVANZA GRAND G AB 1.3 4X2 MT B 2017', '<1500', 1, 10),
(1104, 'BG1862NQ', '70194747', 'NEW INNOVA G 2.0 4X2 MT B 2017', '>1500<2500', 1, 9),
(1105, 'BH1178NG', '70210113', 'INNOVA G 2.0 4X2 MT B 2018', '>1500<2500', 1, 9),
(1106, 'BH1136HW', '70184224', 'GRAN MAX MB 1.3 D 4X2 MT B 2016', '<1500', 1, 10),
(1107, 'BE2460YU', '70150451', 'INNOVA V LUX AIRBAG MC 2.0 4X2 MT B 2015', '>1500<2500', 1, 9),
(1108, 'BH8756MN', '70215607', 'GRAN MAX BV 1.3 4X2 MT B 2018', '<1500', 1, 10),
(1109, 'BG1843NQ', '70194737', 'NEW INNOVA G 2.0 4X2 MT B 2017', '>1500<2500', 1, 9),
(1110, 'BG1805UU', '70196464', 'AVANZA GRAND G AB 1.3 4X2 MT B 2017', '<1500', 1, 10),
(1111, 'BG1820UU', '70196440', 'AVANZA GRAND G AB 1.3 4X2 MT B 2017', '<1500', 1, 10),
(1112, 'BH1056HM', '70127309', 'INNOVA E AIRBAG 2.5 4X2 MT D 2014', '>1500<2500', 3, 9),
(1113, 'BH9507AV', '70169098', 'HILUX DC G NEW 2.5 4X4 MT D PU 2015', '>1500<2500', 3, 8),
(1114, 'BG1239NI', '70195470', 'AVANZA G 1.3 4X2 MT B 2017', '<1500', 1, 10),
(1115, 'BH9679AV', '70176587', 'STRADA TRITON NEW HDX DC 2.5 MT D 2016', '>1500<2500', 3, 8),
(1116, 'BG8724IM', '-', 'HILUX DC G AIRBAG 2.5 4X4 MT D PU 2014', '>1500<2500', 3, 8),
(1117, 'B1986UID', '70171170', 'INNOVA G 2.0 4X2 AT B 2016', '>1500<2500', 1, 9),
(1118, 'B1204NOS', '70174643', 'AVANZA GRAND G AB 1.3 4X2 MT B 2016', '<1500', 1, 10),
(1119, 'B2383UFA', '70187455', 'INNOVA G 2.0 4X2 MT B 2017', '>1500<2500', 1, 9),
(1120, 'BH1799NC', '70195162', 'AVANZA GRAND G AB 1.3 4X2 MT B 2017', '<1500', 1, 10),
(1121, 'BA1812OW', '70195305', 'AVANZA GRAND G AB 1.3 4X2 MT B 2017', '<1500', 1, 10),
(1122, 'BA1816OW', '70195310', 'AVANZA GRAND G AB 1.3 4X2 MT B 2017', '<1500', 1, 10),
(1123, 'BA1846OW', '70195397', 'AVANZA GRAND G AB 1.3 4X2 MT B 2017', '<1500', 1, 10),
(1124, 'BH1785NC', '70195469', 'AVANZA GRAND G AB 1.3 4X2 MT B 2017', '<1500', 1, 10),
(1125, 'BH1167NG', '70210104', 'AVANZA G 1.3 4X2 MT B 2018', '<1500', 1, 10),
(1126, 'BH1179NG', '70210115', 'INNOVA G 2.0 4X2 MT B 2018', '>1500<2500', 1, 9),
(1127, 'BH9678AV', '70176588', 'STRADA TRITON NEW HDX DC 2.5 MT D 2016', '>1500<2500', 3, 8),
(1128, 'BG1452NI', '70195038', 'AVANZA G 1.3 4X2 MT B 2017', '<1500', 1, 10),
(1129, 'BA1722OW', '70195353', 'AVANZA GRAND G AB 1.3 4X2 MT B 2017', '<1500', 1, 10),
(1130, 'BA1732OW', '70195370', 'AVANZA GRAND G AB 1.3 4X2 MT B 2017', '<1500', 1, 10),
(1131, 'BM1990NJ', '70196107', 'AVANZA GRAND G AB 1.3 4X2 MT B 2017', '<1500', 1, 10),
(1132, 'BA1728OW', '70195315', 'AVANZA GRAND G AB 1.3 4X2 MT B 2017', '<1500', 1, 10),
(1133, 'BK8159DD', '70170688', 'PANTHER TURBO GD 2.5 4X2 MT D PU 2016', '>1500<2500', 3, 8),
(1134, 'BK9528DD', '-', 'PANTHER TURBO GD 2.5 4X2 MT D PU 2016', '>1500<2500', 3, 8),
(1135, 'BG1145NI', '70194733', 'NEW INNOVA G 2.0 4X2 MT B 2017', '>1500<2500', 1, 9),
(1136, 'BG1161NI', '70194762', 'NEW INNOVA G 2.0 4X2 MT B 2017', '>1500<2500', 1, 9),
(1137, 'BG1847NQ', '70194730', 'NEW INNOVA G 2.0 4X2 MT B 2017', '>1500<2500', 1, 9),
(1138, 'BG1960NQ', '70194786', 'NEW INNOVA G 2.0 4X2 MT B 2017', '>1500<2500', 1, 9),
(1139, 'BG1950NQ', '70194775', 'NEW INNOVA G 2.0 4X2 MT B 2017', '>1500<2500', 1, 9),
(1140, 'BG1954NQ', '70194784', 'NEW INNOVA G 2.0 4X2 MT B 2017', '>1500<2500', 1, 9),
(1141, 'BG1848NQ', '70194719', 'NEW INNOVA G 2.0 4X2 MT B 2017', '>1500<2500', 1, 9),
(1142, 'BG1859NQ', '70194751', 'NEW INNOVA G 2.0 4X2 MT B 2017', '>1500<2500', 1, 9),
(1143, 'BG1860NQ', '70194752', 'NEW INNOVA G 2.0 4X2 MT B 2017', '>1500<2500', 1, 9),
(1144, 'BG1721NQ', '70194279', 'NEW INNOVA G 2.0 4X2 MT B 2017', '>1500<2500', 1, 9),
(1145, 'BG1150NI', '70194772', 'NEW INNOVA G 2.0 4X2 MT B 2017', '>1500<2500', 1, 9),
(1146, 'BG1136NI', '70194742', 'NEW INNOVA G 2.0 4X2 MT B 2017', '>1500<2500', 1, 9),
(1147, 'BG1141NI', '70194738', 'NEW INNOVA G 2.0 4X2 MT B 2017', '>1500<2500', 1, 9),
(1148, 'BG1126NI', '70194764', 'NEW INNOVA G 2.0 4X2 MT B 2017', '>1500<2500', 1, 9),
(1149, 'BG1712NQ', '70194282', 'NEW INNOVA G 2.0 4X2 MT B 2017', '>1500<2500', 1, 9),
(1150, 'BG1845NQ', '70194768', 'NEW INNOVA G 2.0 4X2 MT B 2017', '>1500<2500', 1, 9),
(1151, 'BG1864NQ', '70194750', 'NEW INNOVA G 2.0 4X2 MT B 2017', '>1500<2500', 1, 9),
(1152, 'BG1866NQ', '70194754', 'NEW INNOVA G 2.0 4X2 MT B 2017', '>1500<2500', 1, 9),
(1153, 'BG1959NQ', '70194787', 'NEW INNOVA G 2.0 4X2 MT B 2017', '>1500<2500', 1, 9);
INSERT INTO `kendaraan` (`idkendaraan`, `nopol`, `equipment`, `tipe`, `silinder`, `idbbm`, `rasio`) VALUES
(1154, 'BH8381MI', '70139625', 'COLT-D FE 71 110PS 4B 4.0 MT D BOX 2014', '>1500<2500', 3, 8),
(1155, 'BG9039DK', '70124620', 'STRADA TRITON HDX DC 2.8 4X4 MT PU 2013', '>1500<2500', 3, 8),
(1156, 'BG1797UU', '70196465', 'AVANZA GRAND G AB 1.3 4X2 MT B 2017', '<1500', 1, 10),
(1157, 'baru091424', '70221604', 'COLT-D FE 74S 125PS 6B 4.0 MT D CHS 2018', 'SolarTruck', 3, 6),
(1158, 'B9416FCI', '70219420', 'GRAN MAX BV AC 1.3 4X2 MT B 2018', '<1500', 1, 10),
(1159, 'BA1835OW', '70195334', 'AVANZA GRAND G AB 1.3 4X2 MT B 2017', '<1500', 1, 10),
(1160, 'BG1704UU', '70196457', 'AVANZA GRAND G AB 1.3 4X2 MT B 2017', '<1500', 1, 10),
(1161, 'BA1719OW', '70195364', 'AVANZA GRAND G AB 1.3 4X2 MT B 2017', '<1500', 1, 10),
(1162, 'BE9692CR', '70154284', 'APV MEGA CARRY AC+PS 1.5 4X2 MT PU 2015', '<1500', 1, 10),
(1163, 'BH1546NK', '70219486', 'AVANZA E 1.3 4X2 MT B 2018', '<1500', 1, 10),
(1164, 'BH1056NK', '70218199', 'AVANZA E 1.3 4X2 MT B 2018', '<1500', 1, 10),
(1165, 'BH1055NK', '70218198', 'AVANZA E 1.3 4X2 MT B 2018', '<1500', 1, 10),
(1166, 'BH1939NE', '70204219', 'AVANZA G 1.3 4X2 AT B 2018', '<1500', 1, 10),
(1167, 'BH1681NC', '70195161', 'AVANZA G 1.3 4X2 MT B 2017', '<1500', 1, 10),
(1168, 'BH1662NC', '70195146', 'AVANZA G 1.3 4X2 MT B 2017', '<1500', 1, 10),
(1169, 'BG1446NI', '70195042', 'AVANZA G 1.3 4X2 MT B 2017', '<1500', 1, 10),
(1170, 'BH1617HW', '70186577', 'AVANZA GRAND G AB 1.3 4X2 AT B 2017', '<1500', 1, 10),
(1171, 'BH1918HT', '70176436', 'AVANZA GRAND G AB 1.3 4X2 MT B 2016', '<1500', 1, 10),
(1172, 'B1327NOS', '70174693', 'AVANZA GRAND G AB 1.3 4X2 MT B 2016', '<1500', 1, 10),
(1173, 'B1326NOS', '70174691', 'AVANZA GRAND G AB 1.3 4X2 MT B 2016', '<1500', 1, 10),
(1174, 'B1287NOS', '70174659', 'AVANZA GRAND G AB 1.3 4X2 MT B 2016', '<1500', 1, 10),
(1178, 'BH1704HT', '70173227.0', 'AVANZA GRAND G AB 1.3 4X2 MT B 2016', '<1500', 1, 10),
(1181, 'BG1460UF', '70172387.0', 'AVANZA GRAND G AB 1.3 4X2 MT B 2016', '<1500', 1, 10),
(1182, 'B1044NWK', '70168700.0', 'AVANZA GRAND G AB 1.3 4X2 MT B 2016', '<1500', 1, 10),
(1183, 'B1052NWK', '70168699.0', 'AVANZA GRAND G AB 1.3 4X2 MT B 2016', '<1500', 1, 10),
(1185, 'BG1715UU', '70196449.0', 'AVANZA GRAND G AB 1.3 4X2 MT B 2017', '<1500', 1, 10),
(1187, 'BH1656NC', '70195468.0', 'AVANZA GRAND G AB 1.3 4X2 MT B 2017', '<1500', 1, 10),
(1188, 'BG1226NI', '70195459.0', 'AVANZA GRAND G AB 1.3 4X2 MT B 2017', '<1500', 1, 10),
(1189, 'BA1828OW', '70195406.0', 'AVANZA GRAND G AB 1.3 4X2 MT B 2017', '<1500', 1, 10),
(1190, 'BA1726OW', '70195377.0', 'AVANZA GRAND G AB 1.3 4X2 MT B 2017', '<1500', 1, 10),
(1191, 'BA1733OW', '70195374.0', 'AVANZA GRAND G AB 1.3 4X2 MT B 2017', '<1500', 1, 10),
(1192, 'BA1713OW', '70195312.0', 'AVANZA GRAND G AB 1.3 4X2 MT B 2017', '<1500', 1, 10),
(1193, 'BA1712OW', '70195301.0', 'AVANZA GRAND G AB 1.3 4X2 MT B 2017', '<1500', 1, 10),
(1195, 'BH1677NC', '70195155.0', 'AVANZA GRAND G AB 1.3 4X2 MT B 2017', '<1500', 1, 10),
(1196, 'BG1459NI', '70195046.0', 'AVANZA GRAND G AB 1.3 4X2 MT B 2017', '<1500', 1, 10),
(1197, 'BG1461NI', '70195029.0', 'AVANZA GRAND G AB 1.3 4X2 MT B 2017', '<1500', 1, 10),
(1198, 'BH1067NA', '70185836.0', 'AVANZA GRAND G AB 1.3 4X2 MT B 2017', '<1500', 1, 10),
(1199, 'BH1309HV', '70180149.0', 'AVANZA GRAND VELOZ AB 1.5 4X2 AT B 2016', '<1500', 1, 10),
(1200, 'BH1618HW', '70186757.0', 'CALYA G 1.2 4X2 MT B 2017', '<1500', 1, 10),
(1201, 'B1993UAG', '70210324.0', 'CAMRY V 2.5 4X2 AT B 2018', '>1500<2500', 1, 9),
(1202, 'B1987UAG', '70210323.0', 'CAMRY V 2.5 4X2 AT B 2018', '>1500<2500', 1, 9),
(1203, 'BH8561MI', '70182236.0', 'COLT-D FE 71 100PS 4B 4.0 4X2 BOX 2016', 'TRUCK', 3, 6),
(1204, 'BH8536MI', '70176003.0', 'COLT-D FE 71 100PS 4B 4.0 4X2 BOX 2016', 'TRUCK', 3, 6),
(1205, 'BH8535MI', '70176002.0', 'COLT-D FE 71 100PS 4B 4.0 4X2 BOX 2016', 'TRUCK', 3, 6),
(1206, 'B9489UCG', '70086372.0', 'COLT-D FE 71 110PS 4B 4.0 MT D BOX 2012', 'TRUCK', 3, 6),
(1207, 'BG8250UV', '70115784.0', 'COLT-D FE 71 110PS 4B 4.0 MT D BOX 2013', 'TRUCK', 3, 6),
(1208, 'BG8192UW', '70125273.0', 'COLT-D FE 71 110PS 4B 4.0 MT D BOX 2014', 'TRUCK', 3, 6),
(1209, 'BH8560MI', '70182235.0', 'COLT-D FE 73 110PS 6B 4.0 BOX 2016', 'TRUCK', 3, 6),
(1210, 'BH8534MI', '70178227.0', 'COLT-D FE 73 110PS 6B 4.0 BOX 2016', 'TRUCK', 3, 6),
(1211, 'BH8127MI', '70112057.0', 'COLT-D FE 73 110PS 6B 4.0 MT D BOX 2013', 'TRUCK', 3, 6),
(1212, 'D8963EG', '70107573.0', 'COLT-D FE 73 110PS 6B 4.0 MT D BOX 2013', 'TRUCK', 3, 6),
(1213, 'D8117EH', '70106903.0', 'COLT-D FE 73 110PS 6B 4.0 MT D BOX 2013', 'TRUCK', 3, 6),
(1214, 'D8965EG', '70105563.0', 'COLT-D FE 73 110PS 6B 4.0 MT D BOX 2013', 'TRUCK', 3, 6),
(1215, 'D8107EH', '70105534.0', 'COLT-D FE 73 110PS 6B 4.0 MT D BOX 2013', 'TRUCK', 3, 6),
(1216, 'D8543EG', '70102706.0', 'COLT-D FE 73 110PS 6B 4.0 MT D BOX 2013', 'TRUCK', 3, 6),
(1217, 'D8963EE', '70095096.0', 'COLT-D FE 73 110PS 6B 4.0 MT D BOX 2013', 'TRUCK', 3, 6),
(1218, 'BH8385MI', '70139622.0', 'COLT-D FE 73 110PS 6B 4.0 MT D BOX 2014', 'TRUCK', 3, 6),
(1219, 'L9658GF', '70164358.0', 'COLT-D FE 73 110PS 6B 4.0 MT D BOX 2015', 'TRUCK', 3, 6),
(1220, 'L9622GF', '70163641.0', 'COLT-D FE 73 110PS 6B 4.0 MT D BOX 2015', 'TRUCK', 3, 6),
(1221, 'L9485GF', '70162591.0', 'COLT-D FE 73 110PS 6B 4.0 MT D BOX 2015', 'TRUCK', 3, 6),
(1222, 'L9487GF', '70162585.0', 'COLT-D FE 73 110PS 6B 4.0 MT D BOX 2015', 'TRUCK', 3, 6),
(1223, 'L9496GF', '70162515.0', 'COLT-D FE 73 110PS 6B 4.0 MT D BOX 2015', 'TRUCK', 3, 6),
(1224, 'BH8298MI', '70127887.0', 'COLT-D FE 74 125PS 6B 4.0 MT BOX 2014', 'TRUCK', 3, 6),
(1225, 'BH8399MN', '70212284.0', 'COLT-D FE 74S 125PS 6B 4.0 MT D CHS 2018', 'TRUCK', 3, 6),
(1226, 'BH9742AS', '70131882.0', 'COLT-D L300 72PS 2.5 4X2 MT D BOX 2014', '>1500<2500', 3, 8),
(1227, 'BH9550AV', '70176001.0', 'COLT-D L300 72PS 2.5 4X2 MT D BOX 2016', '>1500<2500', 3, 8),
(1228, 'BH9553AV', '70176000.0', 'COLT-D L300 72PS 2.5 4X2 MT D BOX 2016', '>1500<2500', 3, 8),
(1229, 'BH9552AV', '70175999.0', 'COLT-D L300 72PS 2.5 4X2 MT D BOX 2016', '>1500<2500', 3, 8),
(1230, 'BH8364MO', '70217880.0', 'COLT-D L300 72PS STD 2.5 D BOX PKG 2018', '>1500<2500', 3, 8),
(1231, 'BG9830NI', '70209196.0', 'COLT-D L300 72PS STD 2.5 D BOX PKG 2018', '>1500<2500', 3, 8),
(1232, 'BH8941MN', '70216538.0', 'D-MAX DC VGS 2.5 4X4 MT D PU 2018', '>1500<2500', 3, 8),
(1233, 'BH8940MN', '70216537.0', 'D-MAX DC VGS 2.5 4X4 MT D PU 2018', '>1500<2500', 3, 8),
(1235, 'B9464UCL', '70117593.0', 'DYNA 110 FT 6B PS 4.0 4X2 MT D BOX 2013', 'TRUCK', 3, 6),
(1236, 'B9348UCL', '70117587.0', 'DYNA 110 FT 6B PS 4.0 4X2 MT D BOX 2013', 'TRUCK', 3, 6),
(1237, 'B9890UCG', '70088144.0', 'DYNA 110 PS ST 4B PS 4.0 MT D BOX 2012', 'TRUCK', 3, 6),
(1238, 'B9303UCG', '70086423.0', 'DYNA 110 PS ST 4B PS 4.0 MT D BOX 2012', 'TRUCK', 3, 6),
(1239, 'B9872UCG', '70085638.0', 'DYNA 110 PS ST 4B PS 4.0 MT D BOX 2012', 'TRUCK', 3, 6),
(1240, 'B9072UCG', '70082487.0', 'DYNA 110 PS ST 4B PS 4.0 MT D BOX 2012', 'TRUCK', 3, 6),
(1241, 'BH8198MI', '70117307.0', 'DYNA 110ST 4B PS 4.0 4X2 MT D BOX 2013', 'TRUCK', 3, 6),
(1242, 'BH8199MI', '70117306.0', 'DYNA 110ST 4B PS 4.0 4X2 MT D BOX 2013', 'TRUCK', 3, 6),
(1243, 'BH8196MI', '70117305.0', 'DYNA 110ST 4B PS 4.0 4X2 MT D BOX 2013', 'TRUCK', 3, 6),
(1244, 'BH8197MI', '70117304.0', 'DYNA 110ST 4B PS 4.0 4X2 MT D BOX 2013', 'TRUCK', 3, 6),
(1245, 'BH1203HQ', '70157838.0', 'EVALIA SV 1.5 4X2 MT B 2014', '<1500', 1, 10),
(1246, 'B1470UJR', '70211143.0', 'FORTUNER G LUX 2.4 4X2 AT D 2018', '>1500<2500', 3, 8),
(1247, 'B1233UJR', '70210037.0', 'FORTUNER G LUX 2.4 4X2 AT D 2018', '>1500<2500', 3, 8),
(1248, 'BH9572AV', '70176108.0', 'GRAN MAX AC PS DUAL AB 1.5 MT B BOX 2016', '<1500', 1, 10),
(1249, 'BH9597AV', '70176095.0', 'GRAN MAX AC PS DUAL AB 1.5 MT B BOX 2016', '<1500', 1, 10),
(1250, 'BH9602AV', '70175876.0', 'GRAN MAX AC PS DUAL AB 1.5 MT B BOX 2016', '<1500', 1, 10),
(1251, 'BH9599AV', '70175875.0', 'GRAN MAX AC PS DUAL AB 1.5 MT B BOX 2016', '<1500', 1, 10),
(1252, 'BH9598AV', '70175874.0', 'GRAN MAX AC PS DUAL AB 1.5 MT B BOX 2016', '<1500', 1, 10),
(1253, 'BH9601AV', '70175870.0', 'GRAN MAX AC PS DUAL AB 1.5 MT B BOX 2016', '<1500', 1, 10),
(1254, 'BH8974MN', '70217882.0', 'GRAN MAX BV 1.3 4X2 MT B 2018', '<1500', 1, 10),
(1256, 'BH8755MN', '70215606.0', 'GRAN MAX BV 1.3 4X2 MT B 2018', '<1500', 1, 10),
(1258, 'BH9732AS', '70132013.0', 'GRAN MAX BV AC 1.3 4X2 MT B 2014', '<1500', 1, 10),
(1259, 'BH8136MM', '70186377.0', 'GRAN MAX BV AC 1.3 4X2 MT B 2017', '<1500', 1, 10),
(1260, 'B9603FCI', '70220668.0', 'GRAN MAX BV AC 1.3 4X2 MT B 2018', '<1500', 1, 10),
(1261, 'BH8807MM', '70204465.0', 'GRAN MAX BV AC 1.3 4X2 MT B 2018', '<1500', 1, 10),
(1262, 'BH8806MM', '70204464.0', 'GRAN MAX BV AC 1.3 4X2 MT B 2018', '<1500', 1, 10),
(1263, 'BH8065MN', '70207959.0', 'GRAN MAX BV AC DUAL AB 1.3 4X2 MT B 2018', '<1500', 1, 10),
(1264, 'BH8064MN', '70207957.0', 'GRAN MAX BV AC DUAL AB 1.3 4X2 MT B 2018', '<1500', 1, 10),
(1265, 'BH9629AV', '70178058.0', 'GRAN MAX BV AC DUAL AB 1.3 MT B 2016', '<1500', 1, 10),
(1266, 'BH9627AV', '70178056.0', 'GRAN MAX BV AC DUAL AB 1.3 MT B 2016', '<1500', 1, 10),
(1267, 'BH9586AV', '70176052.0', 'GRAN MAX BV AC DUAL AB 1.3 MT B 2016', '<1500', 1, 10),
(1268, 'BH9587AV', '70176026.0', 'GRAN MAX BV AC DUAL AB 1.3 MT B 2016', '<1500', 1, 10),
(1269, 'BH9588AV', '70176009.0', 'GRAN MAX BV AC DUAL AB 1.3 MT B 2016', '<1500', 1, 10),
(1270, 'BH1803HN', '70140927.0', 'GRAN MAX D MB 1.3 4X2 MT B 2014', '<1500', 1, 10),
(1271, 'BH1370HK', '70123392.0', 'GRAN MAX D MB 1.3 4X2 MT B 2014', '<1500', 1, 10),
(1272, 'BH1419NB', '70193172.0', 'GRAN MAX D MB FH 1.3 4X2 MT B 2017', '<1500', 1, 10),
(1273, 'BH1572HW', '70186756.0', 'GRAN MAX D MB FH 1.3 4X2 MT B 2017', '<1500', 1, 10),
(1274, 'BH1531NI', '70216789.0', 'GRAN MAX D MB FH 1.3 4X2 MT B 2018', '<1500', 1, 10),
(1275, 'BH1530NI', '70216788.0', 'GRAN MAX D MB FH 1.3 4X2 MT B 2018', '<1500', 1, 10),
(1276, 'BH1657NH', '70214184.0', 'GRAN MAX D MB FH 1.3 4X2 MT B 2018', '<1500', 1, 10),
(1277, 'BH1523NG', '70210290.0', 'GRAN MAX D MB FH 1.3 4X2 MT B 2018', '<1500', 1, 10),
(1278, 'BH1479NG', '70210289.0', 'GRAN MAX D MB FH 1.3 4X2 MT B 2018', '<1500', 1, 10),
(1279, 'BH1478NG', '70210288.0', 'GRAN MAX D MB FH 1.3 4X2 MT B 2018', '<1500', 1, 10),
(1280, 'BH1927NF', '70209332.0', 'GRAN MAX D MB FH 1.3 4X2 MT B 2018', '<1500', 1, 10),
(1281, 'BH1268NF', '70205956.0', 'GRAN MAX D MB FH 1.3 4X2 MT B 2018', '<1500', 1, 10),
(1282, 'B1163UYR', '70157775.0', 'GRAN MAX MB 1.3 D 4X2 MT B 2015', '<1500', 1, 10),
(1283, 'BH1323HO', '70143908.0', 'GRAN MAX MB 1.3 D 4X2 MT B 2015', '<1500', 1, 10),
(1285, 'BH1135HW', '70184223.0', 'GRAN MAX MB 1.3 D 4X2 MT B 2016', '<1500', 1, 10),
(1286, 'BH1137HW', '70184220.0', 'GRAN MAX MB 1.3 D 4X2 MT B 2016', '<1500', 1, 10),
(1287, 'BH1361HV', '70180417.0', 'GRAN MAX MB DUAL AB 1.3 D 4X2 MT B 2016', '<1500', 1, 10),
(1288, 'BH1360HV', '70180412.0', 'GRAN MAX MB DUAL AB 1.3 D 4X2 MT B 2016', '<1500', 1, 10),
(1289, 'BH8579MM', '70198729.0', 'GRAN MAX STD 1.3 4X2 MT B BOX PKG 2017', '<1500', 1, 10),
(1290, 'BH8317MO', '70220367.0', 'GRAN MAX STD 1.3 4X2 MT B BOX PKG 2018', '<1500', 1, 10),
(1292, 'BH9208LH', '70159004.0', 'HILUX DC G NEW 2.5 4X4 MT D PU 2015', '>1500<2500', 3, 8),
(1293, 'BH1437NC', '70193897.0', 'HRV E 1.5 4X2 AT B 2017', '<1500', 1, 10),
(1294, 'BH1018NH', '70212222.0', 'HRV E 1.5 4X2 AT B 2018', '<1500', 1, 10),
(1296, 'B1380UYN', '70152378.0', 'INNOVA E AIRBAG MC 2.0 4X2 MT B 2015', '>1500<2500', 1, 9),
(1297, 'BH1398HW', '70184345.0', 'INNOVA G 2.0 4X2 AT B 2016', '>1500<2500', 1, 9),
(1298, 'BH1615HW', '70186583.0', 'INNOVA G 2.0 4X2 AT B 2017', '>1500<2500', 1, 9),
(1299, 'KT1521ZV', '70180716.0', 'INNOVA G 2.0 4X2 MT B 2016', '>1500<2500', 1, 9),
(1300, 'BH1157HT', '70170162.0', 'INNOVA G 2.0 4X2 MT B 2016', '>1500<2500', 1, 9),
(1301, 'BH1981NA', '70193477.0', 'INNOVA G 2.0 4X2 MT B 2017', '>1500<2500', 1, 9),
(1302, 'BH1068NA', '70185837.0', 'INNOVA G 2.0 4X2 MT B 2017', '>1500<2500', 1, 9),
(1303, 'BH2642XX', '70225968.0', 'INNOVA G 2.0 4X2 MT B 2019', '>1500<2500', 1, 9),
(1304, 'BG1755UG', '70175424.0', 'INNOVA G 2.4 4X2 MT D 2016', '>1500<2500', 3, 9),
(1305, 'H9161CY', '70157639.0', 'INNOVA G AIRBAG MC 2.0 4X2 AT B 2015', '>1500<2500', 1, 9),
(1306, 'BK1656IC', '70141921.0', 'INNOVA G AIRBAG MC 2.0 4X2 MT B 2014', '>1500<2500', 1, 9),
(1309, 'BG1827US', '70198861.0', 'NEW AVANZA G 1.3 4X2 MT B 2017', '<1500', 1, 10),
(1310, 'BH1718NC', '70196514.0', 'NEW INNOVA G 2.0 4X2 AT B 2017', '>1500<2500', 1, 9),
(1311, 'BH1379NE', '70200404.0', 'NEW INNOVA G 2.0 4X2 MT B 2017', '>1500<2500', 1, 9),
(1312, 'BH1380NE', '70200403.0', 'NEW INNOVA G 2.0 4X2 MT B 2017', '>1500<2500', 1, 9),
(1313, 'BG1015NI', '70194790.0', 'NEW INNOVA G 2.0 4X2 MT B 2017', '>1500<2500', 1, 9),
(1314, 'BG1020NI', '70194788.0', 'NEW INNOVA G 2.0 4X2 MT B 2017', '>1500<2500', 1, 9),
(1315, 'BG1957NQ', '70194780.0', 'NEW INNOVA G 2.0 4X2 MT B 2017', '>1500<2500', 1, 9),
(1316, 'BG1844NQ', '70194759.0', 'NEW INNOVA G 2.0 4X2 MT B 2017', '>1500<2500', 1, 9),
(1317, 'BG1861NQ', '70194732.0', 'NEW INNOVA G 2.0 4X2 MT B 2017', '>1500<2500', 1, 9),
(1318, 'BG1719NQ', '70194280.0', 'NEW INNOVA G 2.0 4X2 MT B 2017', '>1500<2500', 1, 9),
(1319, 'B1307UJK', '70135820.0', 'OUTLANDER PX 2.0 4X2 AT B 2014', '>1500<2500', 1, 9),
(1320, 'BM9712TO', '70130636.0', 'PANTHER FD PS 2.5 4X2 MT D PU 2014', '>1500<2500', 3, 8),
(1321, 'BH9183AV', '70162652.0', 'PANTHER NEW TURBO LC 2.5 4X2 D BOX 2015', '>1500<2500', 3, 8),
(1322, 'BH9716AV', '70180094.0', 'PANTHER TURBO GD 2.5 4X2 MT D PU 2016', '>1500<2500', 3, 8),
(1324, 'BH8132MO', '70215604.0', 'STRADA TRITON NEW GLS DC 2.5 MT D PU 18', '>1500<2500', 3, 8),
(1327, 'BH9677AV', '70176586.0', 'STRADA TRITON NEW HDX DC 2.5 MT D 2016', '>1500<2500', 3, 8),
(1328, 'BH8903MI', '70187784.0', 'STRADA TRITON NEW HDX SC 2.5 MT D BOX 16', '>1500<2500', 3, 8),
(1329, 'BH8906MI', '70187781.0', 'STRADA TRITON NEW HDX SC 2.5 MT D BOX 16', '>1500<2500', 3, 8),
(1330, 'BARU072014', '70221735.0', 'STRADA TRITON NEW HDX SC 2.5 MT PU 2018', '>1500<2500', 3, 8),
(1331, 'BARU055231', '70216536.0', 'STRADA TRITON NEW HDX SC 2.5 MT PU 2018', '>1500<2500', 3, 8),
(1332, 'BARU055224', '70216535.0', 'STRADA TRITON NEW HDX SC 2.5 MT PU 2018', '>1500<2500', 3, 8),
(1334, 'BH1416NB', '70191371.0', 'TERIOS R 1.5 4X2 MT B 2017', '<1500', 1, 10),
(1335, 'BH1357NM', '70222403.0', 'TERIOS R 1.5 4X2 MT B 2019', '<1500', 1, 10),
(1336, 'BH1521HV', '70180434.0', 'TERIOS X EXTRA 1.5 4X2 MT B 2016', '<1500', 1, 10),
(1337, 'BH1443HV', '70180433.0', 'TERIOS X EXTRA 1.5 4X2 MT B 2016', '<1500', 1, 10),
(1338, 'BH1080HS', '70163771.0', 'XENIA GREAT M STD AB 1.0 4X2 MT B 2015', '<1500', 1, 10),
(1339, 'BH1078HS', '70163625.0', 'XENIA GREAT M STD AB 1.0 4X2 MT B 2015', '<1500', 1, 10),
(1340, 'BH1466HV', '70180436.0', 'XENIA GREAT R STD 1.3 4X2 MT B 2016', '<1500', 1, 10),
(1341, 'BH1356HS', '70165459.0', 'XENIA GREAT R STD 1.3 4X2 MT B 2016', '<1500', 1, 10),
(1342, 'BH1527NE', '70204212.0', 'XENIA GREAT R STD 1.3 4X2 MT B 2018', '<1500', 1, 10),
(1343, 'BH1530NE', '70204210.0', 'XENIA GREAT R STD 1.3 4X2 MT B 2018', '<1500', 1, 10),
(1344, 'BH1945HP', '70155583.0', 'XENIA GREAT X DLX AB 1.3 4X2 MT B 2015', '<1500', 1, 10),
(1345, 'BH1686HV', '70181772.0', 'XENIA GREAT X STD 1.3 4X2 MT B 2016', '<1500', 1, 10),
(1346, 'BH1371HJ', '70121644', 'XENIA R NEW Airbag 1.3 4X2 MT B 2014', '<1500', 1, 10),
(1347, 'BH1456HJ', '70121643', 'XENIA R NEW Airbag 1.3 4X2 MT B 2014', '<1500', 1, 10),
(1430, 'B1563NOR', '70172622', 'AVANZA GRAND G AB 1.3 4X2 MT B 2016', '<1500', 1, 10),
(1431, 'BG8326ID', '70210710', 'GRAN MAX BV AC 1.3 4X2 MT B 2018', '<1500', 1, 10),
(1432, 'BA1965OW', '70195395', 'AVANZA GRAND G AB 1.3 4X2 MT B 2017', '<1500', 1, 10),
(1433, 'BG1695ZA', '70221599', 'GRAN MAX D MB FH 1.3 4X2 MT B 2019', '<1500', 1, 10),
(1434, 'BG1719UU', '70196448', 'AVANZA GRAND G AB 1.3 4X2 MT B 2017', '<1500', 1, 10),
(1435, 'BG1653UX', '70226791', 'FORTUNER VRZ 2.4 4X4 AT D 2019', '>1500<2500', 3, 8),
(1436, 'BA1739OW', '70195359', 'AVANZA GRAND G AB 1.3 4X2 MT B 2017', '<1500', 1, 10),
(1437, 'BARU056954', '70227366', 'INNOVA G 2.4 4X2 MT D 2019', '>1500<2500', 3, 8),
(1438, 'BG1202NI', '70195453', 'AVANZA G 1.3 4X2 MT B 2017', '<1500', 1, 10),
(1439, 'BG8627IM', '70120693', 'HILUX DC G AIRBAG 2.5 4X4 MT D PU 2014', '>1500<2500', 3, 8);

-- --------------------------------------------------------

--
-- Table structure for table `ongkir`
--

CREATE TABLE IF NOT EXISTS `ongkir` (
`idongkir` int(10) NOT NULL,
  `dari` char(100) DEFAULT NULL,
  `tujuan` char(100) DEFAULT NULL,
  `km` int(10) DEFAULT NULL,
  `biaya_transport` double DEFAULT NULL,
  `biaya_asdp` double DEFAULT NULL,
  `biaya_tol` double DEFAULT NULL,
  `biaya_lain` double DEFAULT NULL,
  `jasa_driver` double DEFAULT NULL
) ENGINE=InnoDB  DEFAULT CHARSET=latin1 AUTO_INCREMENT=196 ;

--
-- Dumping data for table `ongkir`
--

INSERT INTO `ongkir` (`idongkir`, `dari`, `tujuan`, `km`, `biaya_transport`, `biaya_asdp`, `biaya_tol`, `biaya_lain`, `jasa_driver`) VALUES
(1, 'PALEMBANG', 'BATURAJA', 206, 80000, 0, 0, 20000, 24000),
(2, 'BATURAJA', 'PALEMBANG', 206, 80000, 0, 0, 20000, 24000),
(3, 'PALEMBANG', 'CURUP', 365, 160000, 0, 0, 20000, 149000),
(4, 'CURUP', 'PALEMBANG', 365, 160000, 0, 0, 20000, 149000),
(5, 'PANGKAL PINANG', 'MENTOK', 136, 80000, 0, 0, 20000, 24000),
(6, 'MENTOK', 'PANGKAL PINANG', 136, 80000, 0, 0, 20000, 24000),
(7, 'PALEMBANG', 'BAYUNG LINCIR', 210, 120000, 0, 0, 20000, 24000),
(8, 'BAYUNG LINCIR', 'PALEMBANG', 210, 120000, 0, 0, 20000, 24000),
(9, 'PALEMBANG', 'BELITUNG', 345, 700000, 2825000, 0, 250000, 149000),
(10, 'BELITUNG', 'PALEMBANG', 345, 700000, 2825000, 0, 250000, 149000),
(11, 'PALEMBANG', 'BENGKULU', 494, 240000, 0, 0, 20000, 149000),
(12, 'BENGKULU', 'PALEMBANG', 494, 240000, 0, 0, 20000, 149000),
(13, 'PALEMBANG', 'BETUNG', 67, 50000, 0, 0, 20000, 0),
(14, 'BETUNG', 'PALEMBANG', 67, 50000, 0, 0, 20000, 0),
(15, 'PALEMBANG', 'GRISSIK', 178, 90000, 0, 0, 20000, 24000),
(16, 'GRISSIK', 'PALEMBANG', 178, 90000, 0, 0, 20000, 24000),
(17, 'PALEMBANG', 'INDRALAYA', 32, 25000, 0, 0, 20000, 0),
(18, 'INDRALAYA', 'PALEMBANG', 32, 25000, 0, 0, 20000, 0),
(19, 'PALEMBANG', 'JAMBI', 315, 145000, 0, 0, 20000, 149000),
(20, 'JAMBI', 'PALEMBANG', 315, 145000, 0, 0, 20000, 149000),
(21, 'PALEMBANG', 'K TUNGKAL/P. LUMUT', 385, 215000, 0, 0, 20000, 149000),
(22, 'K TUNGKAL/P. LUMUT', 'PALEMBANG', 385, 215000, 0, 0, 20000, 149000),
(23, 'PALEMBANG', 'MURATARA VIA LINGGAU', 359, 160000, 0, 0, 20000, 149000),
(24, 'MURATARA VIA LINGGAU', 'PALEMBANG', 359, 160000, 0, 0, 20000, 149000),
(25, 'PALEMBANG', 'MUARA RUPIT', 378, 160000, 0, 0, 20000, 149000),
(26, 'MUARA RUPIT', 'PALEMBANG', 378, 160000, 0, 0, 20000, 149000),
(27, 'PALEMBANG', 'PEKANBARU', 730, 320000, 0, 0, 20000, 274000),
(28, 'PEKANBARU', 'PALEMBANG', 730, 320000, 0, 0, 20000, 274000),
(29, 'PALEMBANG', 'K TUNGKAL/PETRO CHINA', 380, 180000, 0, 0, 20000, 149000),
(30, 'K TUNGKAL/PETRO CHINA', 'PALEMBANG', 380, 180000, 0, 0, 20000, 149000),
(31, 'PALEMBANG', 'KAYU AGUNG', 85, 45000, 0, 0, 20000, 0),
(32, 'KAYU AGUNG', 'PALEMBANG', 85, 45000, 0, 0, 20000, 0),
(33, 'PALEMBANG', 'KEMANG', 207, 100000, 0, 0, 20000, 24000),
(34, 'KEMANG', 'PALEMBANG', 207, 100000, 0, 0, 20000, 24000),
(35, 'PALEMBANG', 'LAHAT', 227, 90000, 0, 0, 20000, 24000),
(36, 'LAHAT', 'PALEMBANG', 227, 90000, 0, 0, 20000, 24000),
(37, 'PALEMBANG', 'LAMPUNG VIA BERINGIN', 499, 200000, 0, 0, 20000, 149000),
(38, 'LAMPUNG VIA BERINGIN', 'PALEMBANG', 499, 200000, 0, 0, 20000, 149000),
(39, 'PALEMBANG', 'SOKA', 379, 160000, 0, 0, 20000, 149000),
(40, 'SOKA', 'PALEMBANG', 379, 160000, 0, 0, 20000, 149000),
(41, 'PALEMBANG', 'LUBUK LINGGAU', 327, 160000, 0, 0, 20000, 149000),
(42, 'LUBUK LINGGAU', 'PALEMBANG', 327, 160000, 0, 0, 20000, 149000),
(43, 'PALEMBANG', 'MARTAPURA', 234, 90000, 0, 0, 20000, 24000),
(44, 'MARTAPURA', 'PALEMBANG', 234, 90000, 0, 0, 20000, 24000),
(45, 'PALEMBANG', 'MUSI RAWAS', 302, 100000, 0, 0, 20000, 149000),
(46, 'MUSI RAWAS', 'PALEMBANG', 302, 100000, 0, 0, 20000, 149000),
(47, 'PALEMBANG', 'MBUNGO /SAL I', 592, 255000, 0, 0, 20000, 149000),
(48, 'MBUNGO /SAL I', 'PALEMBANG', 592, 255000, 0, 0, 20000, 149000),
(49, 'PALEMBANG', 'MBUNGO /SAL II', 577, 210000, 0, 0, 20000, 149000),
(50, 'MBUNGO /SAL II', 'PALEMBANG', 577, 210000, 0, 0, 20000, 149000),
(51, 'PALEMBANG', 'MUARA BULIAN', 382, 150000, 0, 0, 20000, 149000),
(52, 'MUARA BULIAN', 'PALEMBANG', 382, 150000, 0, 0, 20000, 149000),
(53, 'PALEMBANG', 'MUARA BUNGO', 560, 310000, NULL, NULL, 20000, 149000),
(54, 'MUARA BUNGO', 'PALEMBANG', 560, 310000, NULL, NULL, 20000, 149000),
(55, 'PALEMBANG', 'MUARA DUA', 275, 120000, NULL, NULL, 20000, 149000),
(56, 'PALEMBANG', 'MUARA ENIM', 184, 80000, NULL, NULL, 20000, 24000),
(57, 'MUARA ENIM', 'PALEMBANG', 184, 80000, NULL, NULL, 20000, 24000),
(58, 'PALEMBANG', 'MUARA LAKITAN', 250, 120000, NULL, NULL, 20000, 24000),
(59, 'MUARA LAKITAN', 'PALEMBANG', 250, 120000, NULL, NULL, 20000, 24000),
(60, 'PALEMBANG', 'PAGAR ALAM', 294, 100000, NULL, NULL, 20000, 149000),
(61, 'PAGAR ALAM', 'PALEMBANG', 294, 100000, NULL, NULL, 20000, 149000),
(62, 'PALEMBANG', 'PANGKAL PINANG', 300, 180000, 775000, NULL, 20000, 149000),
(63, 'PANGKAL PINANG', 'PALEMBANG', 300, 180000, 775000, NULL, 20000, 149000),
(64, 'PANGKAL PINANG', 'SUNGAI LIAT', 32, 25000, NULL, NULL, 20000, 0),
(65, 'SUNGAI LIAT', 'PANGKAL PINANG', 32, 25000, NULL, NULL, 20000, 0),
(66, 'PANGKAL PINANG', 'KOBA', 60, 50000, NULL, NULL, 20000, 0),
(67, 'KOBA', 'PANGKAL PINANG', 60, 50000, NULL, NULL, 20000, 0),
(68, 'PANGKAL PINANG', 'TOBOALI', 118, 80000, NULL, NULL, 20000, 24000),
(69, 'TOBOALI', 'PANGKAL PINANG', 118, 80000, NULL, NULL, 20000, 24000),
(70, 'PALEMBANG', 'PENDOPO', 170, 150000, NULL, NULL, 20000, 24000),
(71, 'PENDOPO', 'PALEMBANG', 170, 150000, NULL, NULL, 20000, 24000),
(72, 'PALEMBANG', 'PKL. BALAI', 48, 50000, NULL, NULL, 20000, 0),
(73, 'PKL. BALAI', 'PALEMBANG', 48, 50000, NULL, NULL, 20000, 0),
(74, 'PALEMBANG', 'PRABUMULIH', 96, 50000, NULL, NULL, 20000, 0),
(75, 'PRABUMULIH', 'PALEMBANG', 96, 50000, NULL, NULL, 20000, 0),
(76, 'PALEMBANG', 'RAMBA', 97, 50000, NULL, NULL, 20000, 0),
(77, 'RAMBA', 'PALEMBANG', 97, 50000, NULL, NULL, 20000, 0),
(78, 'PALEMBANG', 'NIRU', 120, 80000, NULL, NULL, 20000, 24000),
(79, 'NIRU', 'PALEMBANG', 120, 80000, NULL, NULL, 20000, 24000),
(80, 'PALEMBANG', 'SUNGAI LILIN', 110, 80000, NULL, NULL, 20000, 24000),
(81, 'SUNGAI LILIN', 'PALEMBANG', 110, 80000, NULL, NULL, 20000, 24000),
(82, 'PALEMBANG', 'SEKAYU', 124, 80000, NULL, NULL, 20000, 24000),
(83, 'SEKAYU', 'PALEMBANG', 124, 80000, NULL, NULL, 20000, 24000),
(84, 'PALEMBANG', 'SUBAN', 248, 80000, NULL, NULL, 20000, 24000),
(85, 'SUBAN', 'PALEMBANG', 248, 80000, NULL, NULL, 20000, 24000),
(86, 'PALEMBANG', 'TANJUNG ENIM', 207, 130000, NULL, NULL, 20000, 24000),
(87, 'TANJUNG ENIM', 'PALEMBANG', 207, 130000, NULL, NULL, 20000, 24000),
(88, 'PALEMBANG', 'TEBING TINGGI VIA LAHAT', 303, 90000, NULL, NULL, 20000, 149000),
(89, 'TEBING TINGGI VIA LAHAT', 'PALEMBANG', 303, 90000, NULL, NULL, 20000, 149000),
(90, 'PALEMBANG', 'EMPAT LAWANG', 334, 90000, NULL, NULL, 20000, 149000),
(91, 'EMPAT LAWANG', 'PALEMBANG', 334, 90000, NULL, NULL, 20000, 149000),
(92, 'PALEMBANG', 'TUGU MULYO', 145, 100000, NULL, NULL, 20000, 24000),
(93, 'TUGU MULYO', 'PALEMBANG', 145, 100000, NULL, NULL, 20000, 24000),
(94, 'PALEMBANG', 'SUNGAI BAUNG', 189, 100000, NULL, NULL, 20000, 24000),
(95, 'SUNGAI BAUNG', 'PALEMBANG', 189, 100000, NULL, NULL, 20000, 24000),
(96, 'PALEMBANG', 'JAKARTA', 600, 285000, 374000, 68000, 15000, 149000),
(97, 'JAKARTA', 'PALEMBANG', 600, 285000, 374000, 68000, 15000, 149000),
(98, 'PALEMBANG', 'CIKARANG', 696, 285000, 374000, 73500, 35000, 149000),
(99, 'CIKARANG', 'PALEMBANG', 696, 285000, 374000, 73500, 35000, 149000),
(100, 'PALEMBANG', 'MEDAN', 1385, 435000, NULL, NULL, 30000, 399000),
(101, 'MEDAN', 'PALEMBANG', 1385, 435000, NULL, NULL, 30000, 399000),
(102, 'PANGKAL PINANG', 'BELITUNG', 0, NULL, 2850000, 0, 0, 0),
(103, 'BELITUNG', 'PANGKAL PINANG', 0, NULL, 2850000, NULL, 0, 0),
(104, 'TANJUNG PANDAN', 'BELITUNG TIMUR', 0, 200000, NULL, NULL, 0, 0),
(105, 'BELITUNG TIMUR', 'TANJUNG PANDAN', 0, 200000, NULL, NULL, 0, 0),
(106, 'PALEMBANG', 'TELUK GELAM', 72, 50000, NULL, NULL, 20000, 0),
(107, 'TELUK GELAM', 'PALEMBANG', 72, 50000, NULL, NULL, 20000, 0),
(108, 'PALEMBANG', 'PALI', 158, 130000, NULL, NULL, NULL, 24000),
(109, 'PALI', 'PALEMBANG', 158, 130000, NULL, NULL, NULL, 24000),
(110, 'PALEMBANG', 'CILEGON', 502, 285000, 374000, 68000, 15000, 149000),
(111, 'CILEGON', 'PALEMBANG', 502, 285000, 374000, 68000, 15000, 149000),
(112, 'PALEMBANG', 'PADANG', 874, 320000, NULL, NULL, 20000, 274000),
(113, 'PADANG', 'PALEMBANG', 874, 320000, NULL, NULL, 20000, 274000),
(114, 'PANGKAL PINANG', 'MUNTOK', 91, 80000, NULL, NULL, 20000, 0),
(115, 'MUNTOK', 'PANGKAL PINANG', 91, 80000, NULL, NULL, 20000, 0),
(116, 'PALEMBANG', 'MUARATARA', 284, 100000, 0, 0, 20000, 149000),
(117, 'MUARATARA', 'PALEMBANG', 284, 100000, 0, 0, 20000, 149000),
(118, 'PALEMBANG', 'SRI GUNUNG', 134, 100000, NULL, NULL, 20000, 24000),
(119, 'SRI GUNUNG', 'PALEMBANG', 134, 100000, NULL, NULL, 20000, 24000),
(120, 'JAMBI', 'LAMPUNG VIA BERINGIN', 684, 300000, 0, 0, 20000, 149000),
(121, 'LAMPUNG VIA BERINGIN', 'JAMBI', 684, 300000, 0, 0, 20000, 149000),
(122, 'JAMBI', 'MUARA BULIAN', 64, 50000, 0, 0, 20000, 0),
(123, 'MUARA BULIAN', 'JAMBI', 64, 50000, 0, 0, 20000, 0),
(124, 'JAMBI', 'MUARO TEMBESI', 80, 55000, 0, 0, 20000, 0),
(125, 'MUARO TEMBESI', 'JAMBI', 80, 55000, 0, 0, 20000, 0),
(126, 'JAMBI', 'MERLUNG', 118, 70000, 0, 0, 20000, 24000),
(127, 'MERLUNG', 'JAMBI', 118, 70000, 0, 0, 20000, 24000),
(128, 'JAMBI', 'KUALA TUNGKAL', 132, 70000, 0, 0, 20000, 24000),
(129, 'KUALA TUNGKAL', 'JAMBI', 132, 70000, 0, 0, 20000, 24000),
(130, 'JAMBI', 'SUNGAI BENGKAL', 149, 60000, 0, 0, 20000, 24000),
(131, 'SUNGAI BENGKAL', 'JAMBI', 149, 60000, 0, 0, 20000, 24000),
(132, 'JAMBI', 'MUARA TEBO', 218, 80000, 0, 0, 20000, 149000),
(133, 'MUARA TEBO', 'JAMBI', 218, 80000, 0, 0, 20000, 149000),
(134, 'JAMBI', 'MUARA BUNGO', 268, 100000, 0, 0, 20000, 149000),
(135, 'MUARA BUNGO', 'JAMBI', 268, 100000, 0, 0, 20000, 149000),
(136, 'JAMBI', 'SAROLANGUN', 184, 80000, 0, 0, 20000, 24000),
(137, 'SAROLANGUN', 'JAMBI', 184, 80000, 0, 0, 20000, 24000),
(138, 'JAMBI', 'BANGKO', 256, 100000, 0, 0, 20000, 149000),
(139, 'BANGKO', 'JAMBI', 256, 100000, 0, 0, 20000, 149000),
(140, 'JAMBI', 'BANGKO (PT. SAL)', 314, 100000, 0, 0, 20000, 149000),
(141, 'BANGKO (PT. SAL)', 'JAMBI', 314, 100000, 0, 0, 20000, 149000),
(142, 'JAMBI', 'LUBUK LINGGAU', 540, 160000, 0, 0, 20000, 149000),
(143, 'LUBUK LINGGAU', 'JAMBI', 540, 160000, 0, 0, 20000, 149000),
(144, 'JAMBI', 'BENGKULU', 684, 240000, 0, 0, 20000, 149000),
(145, 'BENGKULU', 'JAMBI', 684, 240000, 0, 0, 20000, 149000),
(146, 'JAMBI', 'BAYUNG LINCIR', 83, 100000, 0, 0, 20000, 0),
(147, 'BAYUNG LINCIR', 'JAMBI', 83, 100000, 0, 0, 20000, 0),
(148, 'JAMBI', 'SUNGAI LILIN', 175, 100000, 0, 0, 20000, 24000),
(149, 'SUNGAI LILIN', 'JAMBI', 175, 100000, 0, 0, 20000, 24000),
(150, 'JAMBI', 'BETUNG', 226, 90000, 0, 0, 20000, 149000),
(151, 'BETUNG', 'JAMBI', 226, 90000, 0, 0, 20000, 149000),
(152, 'JAMBI', 'SEKAYU', 276, 100000, 0, 0, 20000, 149000),
(153, 'SEKAYU', 'JAMBI', 276, 100000, 0, 0, 20000, 149000),
(154, 'JAMBI', 'LAHAT', 542, 235000, 0, 0, 20000, 149000),
(155, 'LAHAT', 'JAMBI', 542, 235000, 0, 0, 20000, 149000),
(156, 'JAMBI', 'TANJUNG ENIM', 533, 100000, 0, 0, 20000, 149000),
(157, 'TANJUNG ENIM', 'JAMBI', 533, 100000, 0, 0, 20000, 149000),
(158, 'JAMBI', 'PADANG', 546, 235000, 0, 0, 20000, 149000),
(159, 'PADANG', 'JAMBI', 546, 235000, 0, 0, 20000, 149000),
(160, 'JAMBI', 'KERINCI', 489, 175000, 0, 0, 20000, 149000),
(161, 'KERINCI', 'JAMBI', 489, 175000, 0, 0, 20000, 149000),
(162, 'JAMBI', 'LONTAR', 130, 60000, 0, 0, 20000, 24000),
(163, 'LONTAR', 'JAMBI', 130, 60000, 0, 0, 20000, 24000),
(164, 'JAMBI', 'PEKANBARU', 525, 240000, 0, 0, 20000, 149000),
(165, 'PEKANBARU', 'JAMBI', 525, 240000, 0, 0, 20000, 149000),
(166, 'JAMBI', 'JAKARTA', 945, 430000, 374000, 68000, 15000, 399000),
(167, 'JAKARTA', 'JAMBI', 945, 430000, 374000, 68000, 15000, 399000),
(168, 'JAMBI', 'MEDAN', 1182, 385000, 0, 0, 20000, 399000),
(169, 'MEDAN', 'JAMBI', 1182, 385000, 0, 0, 20000, 399000),
(170, 'JAMBI', 'RIMBO BUJANG', 325, 125000, 0, 0, 20000, 149000),
(171, 'RIMBO BUJANG', 'JAMBI', 325, 125000, 0, 0, 20000, 149000),
(172, 'JAMBI', 'SINGKUT', 251, 100000, 0, 0, 20000, 149000),
(173, 'SINGKUT', 'JAMBI', 251, 100000, 0, 0, 20000, 149000),
(174, 'JAMBI', 'MUARO SABAK', 165, 80000, 0, 0, 20000, 24000),
(175, 'MUARO SABAK', 'JAMBI', 165, 80000, 0, 0, 20000, 24000),
(176, 'KUALA TUNGKAL', 'PALEMBANG', 447, 150000, 0, 0, 20000, 149000),
(177, 'PALEMBANG', 'KUALA TUNGKAL', 447, 150000, 0, 0, 20000, 149000),
(178, 'PANGKAL PINANG', 'DESA TERU', 30, 100000, 0, 0, 20000, 0),
(179, 'DESA TERU', 'PANGKAL PINANG', 30, 100000, 0, 0, 20000, 0),
(180, 'MUARA DUA', 'PALEMBANG', 275, 120000, 0, 0, 20000, 149000),
(181, 'PALEMBANG', 'Tanjung Enim ( PT. BA )', 218, 130000, 0, 0, 20000, 24000),
(182, 'PALEMBANG', 'Tarahan ( PT. BA )', 519, 200000, 0, 0, 20000, 24000),
(183, 'Tanjung Enim ( PT. BA )', 'PALEMBANG', 218, 130000, 0, 0, 20000, 24000),
(184, 'Tarahan ( PT. BA )', 'PALEMBANG', 519, 200000, 0, 0, 20000, 24000),
(185, 'PALEMBANG', 'Kertapati', 21, 20000, 0, 0, 20000, 0),
(186, 'Kertapati', 'PALEMBANG', 21, 20000, 0, 0, 20000, 0),
(187, 'Tarahan ( PT. BA )', 'LAMPUNG', 30, 20000, 0, 0, 20000, 24000),
(188, 'PALEMBANG', 'BATUMARTA', 226, 80000, 0, 0, 20000, 24000),
(189, 'BATUMARTA', 'PALEMBANG', 226, 80000, 0, 0, 20000, 24000),
(190, 'PALEMBANG', 'SURABAYA', 1422, 631000, 374000, 341500, 51000, 299000),
(191, 'SURABAYA', 'PALEMBANG', 1422, 631000, 374000, 341500, 51000, 299000),
(192, 'PALEMBANG', 'SUBAN JERIJI', 156, 80000, 0, 0, 20000, 24000),
(193, 'SUBAN JERIJI', 'PALEMBANG', 156, 80000, 0, 0, 20000, 24000),
(194, 'PALEMBANG', 'TANJUNG BATU', 61, 25000, 0, 0, 20000, 0),
(195, 'TANJUNG BATU', 'PALEMBANG', 61, 25000, 0, 0, 20000, 0);

-- --------------------------------------------------------

--
-- Table structure for table `rute`
--

CREATE TABLE IF NOT EXISTS `rute` (
`idrute` int(10) NOT NULL,
  `namarute` char(50) DEFAULT NULL
) ENGINE=InnoDB  DEFAULT CHARSET=latin1 AUTO_INCREMENT=74 ;

--
-- Dumping data for table `rute`
--

INSERT INTO `rute` (`idrute`, `namarute`) VALUES
(42, 'BANDUNG'),
(51, 'BANGKO'),
(52, 'BANGKO (PT. SAL)'),
(69, 'BATUMARTA'),
(36, 'BATURAJA'),
(35, 'BAYUNG LINCIR'),
(34, 'BELITUNG'),
(33, 'BENGKULU'),
(32, 'BETUNG'),
(43, 'CIKARANG'),
(67, 'cilegon'),
(58, 'DESA TERU'),
(61, 'Empat Lawang'),
(63, 'GEBANG'),
(31, 'GRISSIK'),
(30, 'INDRALAYA'),
(38, 'JAKARTA'),
(29, 'JAMBI'),
(28, 'K TUNGKAL/P. LUMUT'),
(27, 'K TUNGKAL/PETRO CHINA'),
(26, 'KAYU AGUNG'),
(25, 'KEMANG'),
(56, 'KERINCI'),
(66, 'Kertapati'),
(47, 'KUALA TUNGKAL'),
(24, 'LAHAT'),
(68, 'LAMPUNG'),
(23, 'LAMPUNG VIA BERINGIN'),
(53, 'LONTAR'),
(21, 'LUBUK LINGGAU'),
(20, 'MARTAPURA'),
(18, 'MBUNGO /SAL I'),
(19, 'MBUNGO /SAL II'),
(39, 'MEDAN'),
(46, 'MERLUNG'),
(17, 'MUARA BULIAN'),
(16, 'MUARA BUNGO'),
(60, 'MUARA DUA'),
(1, 'MUARA ENIM'),
(14, 'MUARA LAKITAN'),
(44, 'MUARA RUPIT'),
(49, 'MUARA TEBO'),
(62, 'MUARATARA'),
(55, 'MUARO SABAK'),
(45, 'MUARO TEMBESI'),
(70, 'MUSI RAWAS'),
(11, 'NIRU'),
(41, 'PADANG'),
(13, 'PAGAR ALAM'),
(37, 'PALEMBANG'),
(12, 'PANGKAL PINANG'),
(10, 'PANGKALAN BALAI'),
(40, 'PEKANBARU'),
(2, 'PENDOPO'),
(3, 'PRABUMULIH'),
(15, 'RAMBA'),
(54, 'RIMBO BUJANG'),
(50, 'SAROLANGUN'),
(4, 'SEKAYU'),
(57, 'SINGKUT'),
(22, 'SOKA'),
(5, 'SUBAN'),
(72, 'SUBAN JERIJI'),
(59, 'SUNGAI BAUNG'),
(48, 'SUNGAI BENGKAL'),
(9, 'SUNGAI LILIN'),
(71, 'SURABAYA'),
(73, 'TANJUNG BATU'),
(6, 'TANJUNG ENIM'),
(64, 'Tanjung Enim ( PT. BA )'),
(65, 'Tarahan ( PT. BA )'),
(7, 'TEBING TINGGI'),
(8, 'TUGU MULYO');

-- --------------------------------------------------------

--
-- Table structure for table `tblnotifemail`
--

CREATE TABLE IF NOT EXISTS `tblnotifemail` (
`id` int(1) NOT NULL,
  `name` char(30) DEFAULT NULL,
  `host` char(50) DEFAULT NULL,
  `port` tinyint(5) DEFAULT NULL,
  `user` char(30) DEFAULT NULL,
  `pwd` char(50) DEFAULT NULL,
  `email` char(50) DEFAULT NULL,
  `debug` int(1) DEFAULT NULL,
  `smtpauth` char(10) DEFAULT NULL
) ENGINE=InnoDB  DEFAULT CHARSET=latin1 AUTO_INCREMENT=2 ;

--
-- Dumping data for table `tblnotifemail`
--

INSERT INTO `tblnotifemail` (`id`, `name`, `host`, `port`, `user`, `pwd`, `email`, `debug`, `smtpauth`) VALUES
(1, 'Administrator Ekspedisi', 'exchnlb.trac.astra.co.id', 25, 'trac\\adminga_palembang', 'semangat6@', 'adminga_palembang@trac.astra.co.id', 0, 'true');

-- --------------------------------------------------------

--
-- Table structure for table `tbl_user`
--

CREATE TABLE IF NOT EXISTS `tbl_user` (
`iduser` int(3) NOT NULL,
  `nama` char(100) DEFAULT NULL,
  `email` varchar(50) DEFAULT NULL,
  `dept` char(20) DEFAULT NULL,
  `aktif` enum('0','1') NOT NULL DEFAULT '1',
  `level` enum('administrator','admin','adh','user','pdi') DEFAULT NULL,
  `username` varchar(30) DEFAULT NULL,
  `password` varchar(255) DEFAULT NULL
) ENGINE=InnoDB  DEFAULT CHARSET=latin1 AUTO_INCREMENT=14 ;

--
-- Dumping data for table `tbl_user`
--

INSERT INTO `tbl_user` (`iduser`, `nama`, `email`, `dept`, `aktif`, `level`, `username`, `password`) VALUES
(1, 'Administrator', 'administrator@localhost.com', 'Admin', '1', 'administrator', 'administrator', '$2y$10$CxozOZr/qeFpIdtJnYWjL.NsAyZGwgsTMelr/uU0znq4QmKk7sNOC'),
(4, 'Haritstya Afriandhi', 'haritstya.afriandhi@trac.astra.co.id', 'Sales', '1', 'adh', 'haf00004526', '$2y$10$WTUVb3/YHIneZ56I2DfMaOSWgXvxNMnb9Tg383aaHcJM9cjbDx6DO'),
(5, 'David Suryanto', 'david.suryanto@trac.astra.co.id', 'Admin', '1', 'admin', 'david00002870', '$2y$10$eiYqMAfDaPCY8kUKdMRpo.GJRdMN17z..jC6t9biEvzuiu/lZZqUS'),
(8, 'Mulyono', 'mulyono@trac.astra.co.id', 'Fleet', '1', 'pdi', 'mulyono009208', '$2y$10$lqWkkWzJr.jpBnQOp8YLsOVglOyMvsk8pebgAbg4Vcd3YnkULU1g6'),
(9, 'Evan Taurisna', 'evan.taurisna@trac.astra.co.id', 'Fleet', '1', 'pdi', 'evan00001494', '$2y$10$8tsGcVQ7N.OMaDHW/H636Ode1ThbGmTVb4IOCVUtECtfURXJYXgMa'),
(10, 'Cahyadi', 'cahyadi@trac.astra.co.id', 'Fleet', '1', 'pdi', 'cahyadi00001142', '$2y$10$vAxdt5zSnUWNaZuK41X1w.qyoE23yGnYUBi/rJM4ts5aO7THD1TcO'),
(11, 'Davit Berny', 'davit.berny@trac.astra.co.id', 'Fleet', '1', 'pdi', 'dbe00003044', '$2y$10$A2IvnUIUVYwQsUhh/Kx4neuTXM5sFgZcqyvhiehMvXxDu0ZF2KsHG'),
(12, 'Dwi Setiawan', 'dwi.setiawan@trac.astra.co.id', 'Fleet', '1', 'pdi', 'dwi00001291', '$2y$10$tmRzSWGS2..tmzPJWkD/x.joPFapEuQHHSiPRwzWZ94GhLodf7e42'),
(13, 'Kiliwansa', 'kiliwansa@trac.astra.co.id', 'Fleet', '1', 'pdi', 'kili008588', '$2y$10$5qQJm0/9DaG0iXFHEYNPjuNEZCsHKUmdUs6HcieKdnuZJrRb6lsiS');

-- --------------------------------------------------------

--
-- Table structure for table `trx_ekspedisi`
--

CREATE TABLE IF NOT EXISTS `trx_ekspedisi` (
`idekspedisi` int(11) NOT NULL,
  `tglekspedisi` date DEFAULT NULL,
  `tglsampai` date DEFAULT NULL,
  `waktu` datetime DEFAULT CURRENT_TIMESTAMP,
  `no_ekspedisi` char(20) DEFAULT '-',
  `cmd` char(20) DEFAULT NULL,
  `customer` char(100) DEFAULT NULL,
  `pembebanan` char(20) DEFAULT NULL,
  `type_ekspedisi` char(10) DEFAULT NULL,
  `status_ekspedisi` char(10) DEFAULT NULL,
  `alamat` tinytext,
  `mode_transport` char(10) DEFAULT NULL,
  `remark` tinytext,
  `dari` char(50) DEFAULT NULL,
  `tujuan` char(50) DEFAULT NULL,
  `nopol1` char(10) DEFAULT NULL,
  `nopol2` char(10) DEFAULT '-',
  `biaya_tol` double DEFAULT NULL,
  `biaya_lain` double DEFAULT NULL,
  `biaya_asdp` double DEFAULT NULL,
  `biaya_transport` double DEFAULT NULL,
  `jasa_driver` double DEFAULT NULL,
  `biaya_bbm` double DEFAULT NULL,
  `biaya_tol2` double DEFAULT NULL,
  `biaya_lain2` double DEFAULT NULL,
  `biaya_asdp2` double DEFAULT NULL,
  `biaya_transport2` double DEFAULT NULL,
  `jasa_driver2` double DEFAULT NULL,
  `biaya_bbm2` double DEFAULT NULL,
  `biaya_ekspedisi` double DEFAULT NULL,
  `pph21` double DEFAULT NULL,
  `biaya_pph21` double DEFAULT NULL,
  `nilai_adjust` double DEFAULT NULL,
  `keterangan_adjust` tinytext,
  `driver` char(50) DEFAULT NULL,
  `npwp` char(1) DEFAULT NULL,
  `email_driver` varchar(50) DEFAULT NULL,
  `bank` char(50) DEFAULT NULL,
  `norek` char(20) DEFAULT NULL,
  `atasnama` char(50) DEFAULT NULL,
  `no_bph` char(11) DEFAULT NULL,
  `no_invoice` char(11) DEFAULT NULL,
  `iduser` int(3) DEFAULT NULL,
  `flag_transaksi` enum('1','2','3','4') DEFAULT '1' COMMENT '1= request, 2= verifikasi, 3= verified, 4= transfer'
) ENGINE=InnoDB  DEFAULT CHARSET=latin1 AUTO_INCREMENT=287 ;

--
-- Dumping data for table `trx_ekspedisi`
--

INSERT INTO `trx_ekspedisi` (`idekspedisi`, `tglekspedisi`, `tglsampai`, `waktu`, `no_ekspedisi`, `cmd`, `customer`, `pembebanan`, `type_ekspedisi`, `status_ekspedisi`, `alamat`, `mode_transport`, `remark`, `dari`, `tujuan`, `nopol1`, `nopol2`, `biaya_tol`, `biaya_lain`, `biaya_asdp`, `biaya_transport`, `jasa_driver`, `biaya_bbm`, `biaya_tol2`, `biaya_lain2`, `biaya_asdp2`, `biaya_transport2`, `jasa_driver2`, `biaya_bbm2`, `biaya_ekspedisi`, `pph21`, `biaya_pph21`, `nilai_adjust`, `keterangan_adjust`, `driver`, `npwp`, `email_driver`, `bank`, `norek`, `atasnama`, `no_bph`, `no_invoice`, `iduser`, `flag_transaksi`) VALUES
(1, '2019-04-23', '2019-04-25', '2019-04-22 10:47:24', '', 'TRP-BA00', 'BALAI LELANG SERASI', 'Internal Expense', 'One Way', 'Antar', 'JLN CIPUTAN RAYA NO 100 KEBAYORAN LAMA', 'Darat', 'RAMSES NAPITUPULU 081385392397', 'PALEMBANG', 'JAKARTA', 'B1755UYP', '', 68000, 15000, 374000, 285000, 149000, 459000, NULL, NULL, NULL, NULL, NULL, NULL, 1350000, 34615, 1384615, NULL, NULL, 'EFRIANSYAH', NULL, '', 'BCA', '0450739316', '', NULL, NULL, 11, '3'),
(2, '2019-04-22', '2019-04-25', '2019-04-22 10:49:59', '', 'TRP-BA00', 'BALAI LELANG SERASI', 'Internal Expense', 'One Way', 'Antar', 'JLN CIPUTAT RAYA NO 100 KEBAYORAN LAMA', 'Darat', 'RAMSES 081385392397', 'PALEMBANG', 'JAKARTA', 'B1112UYR', '', 68000, 15000, 374000, 285000, 149000, 459000, NULL, NULL, NULL, NULL, NULL, NULL, 1350000, 41753, 1391753, NULL, NULL, 'TURIMAN', NULL, '', 'BCA', '0213265919', '', NULL, NULL, 11, '3'),
(3, '2019-04-23', '2019-04-23', '2019-04-22 10:54:11', '', '21005600', 'BANK RAKYAT INDONESIA (PE', 'Internal Expense', 'One Way', 'Ambil', 'JL. JEND. SUDIRMAN, NO. 6, TUGU KECIL, PRABUMULIH TIM', 'Darat', 'IBU GABRIELA 082281848596', 'PALEMBANG', 'PRABUMULIH', 'B1850UYO', '', 0, 20000, 0, 50000, 0, 61800, NULL, NULL, NULL, NULL, NULL, NULL, 131800, 3379, 135179, NULL, NULL, 'LEYDER SIMANIHURUK', NULL, '', 'BCA', '0213342590', '', NULL, NULL, 11, '3'),
(4, '2019-04-22', '2019-04-25', '2019-04-22 14:00:32', '', 'TRP-BA00', 'BALAI LELANG SERASI', 'Internal Expense', 'One Way', 'Antar', 'JLN CIPUTAT RAYA NO 100 KEBAYORAN LAMA', 'Darat', 'RAMSES NAPITUPULU 081385392397', 'PALEMBANG', 'JAKARTA', 'B1097UYR', '', 68000, 15000, 374000, 285000, 149000, 471000, NULL, NULL, NULL, NULL, NULL, NULL, 1362000, 34923, 1396923, NULL, NULL, 'RADEN', NULL, '', 'BANK PERMATA', '4123574147', '', NULL, NULL, 11, '3'),
(5, '2019-04-22', '2019-04-22', '2019-04-22 14:45:21', '', '21034677', 'SINAR NIAGA SEJAHTERA', 'Internal Expense', 'One Way', 'Antar', 'JLN GARUDA LINTAS SUMATRA DEPAN ISLAMIC CENTER', 'Darat', 'KELVIN ALVIAN 081278805561', 'PALEMBANG', 'BATURAJA', 'AB8211BU', '', 0, 20000, 0, 80000, 24000, 132613, NULL, NULL, NULL, NULL, NULL, NULL, 256613, 7936, 264549, NULL, NULL, 'AGUS PRIYADI', NULL, '', 'BNI', '0289108368', '', NULL, NULL, 11, '3'),
(6, '2019-04-23', '2019-04-23', '2019-04-23 13:51:17', '', '21091583', 'HANJAYA MANDALA SAMPOERNA', 'Internal Expense', 'One Way', 'Antar', 'KANTOR HMS BATURAJA', 'Darat', 'NICO 0811-7304320', 'BATURAJA', 'PALEMBANG', 'BG9138NQ', '', 0, 20000, 0, 80000, 24000, 132613, NULL, NULL, NULL, NULL, NULL, NULL, 256613, 7936, 264549, NULL, NULL, 'TURIMAN', NULL, '', 'BCA', '0213265919', '', NULL, NULL, 11, '3'),
(7, '2019-04-23', '2019-04-23', '2019-04-23 13:55:08', '', '21096022', 'KPU KABUPATEN OGAN KOMERING', 'Internal Expense', 'Two Way', 'Antar', 'KANTOR KPU INDRALAYA', 'Darat', 'ZAWADI 081278712005', 'PALEMBANG', 'INDRALAYA', 'BG9630NS', 'BG9750NV', 0, 0, 0, 0, 0, 20600, 0, 0, 0, 0, 0, 20600, 41200, 1056, 42256, NULL, NULL, 'EFRIANSYAH', NULL, '', 'BCA', '0450739316', '', NULL, NULL, 11, '3'),
(8, '2019-04-23', '2019-04-25', '2019-04-23 13:58:25', '', 'TRP-DD44', 'DAYA MITRA SERASI - PALEMBANG', 'Internal Expense', 'One Way', 'Antar', 'KANTOR TRAC JAMBI', 'Darat', 'DWI 085268791144', 'PALEMBANG', 'JAMBI', 'BG8357IL', '', 0, 20000, 0, 145000, 149000, 247275, NULL, NULL, NULL, NULL, NULL, NULL, 561275, 17359, 578634, NULL, NULL, 'AGUS PRIYADI', NULL, '', 'BNI', '0289108368', '', NULL, NULL, 11, '3'),
(10, '2019-04-23', '2019-04-24', '2019-04-23 14:03:02', '', '21034677', 'SINAR NIAGA SEJAHTERA', 'Internal Expense', 'Two Way', 'Antar', 'KANTOR SNS BATURAJA', 'Darat', 'RIZKY 085273810076', 'PALEMBANG', 'BATURAJA', 'BG9884NW', 'BG9884NW', 0, 0, 0, 0, 24000, 151558, 0, 0, 0, 0, 0, 151558, 327116, 8388, 335504, NULL, NULL, 'RADEN', NULL, '', 'BANK PERMATA', '4123574147', '', NULL, NULL, 11, '3'),
(12, '2019-04-26', '2019-04-27', '2019-04-23 14:13:41', '', 'TRP-DD44', 'DAYA MITRA SERASI - PALEMBANG', 'Internal Expense', 'One Way', 'Antar', 'KANTOR TRAC CIKARANG', 'Darat', '', 'CIKARANG', 'PALEMBANG', 'B9152FCF', '', 73500, 35000, 374000, 285000, 149000, 546360, NULL, NULL, NULL, NULL, NULL, NULL, 1462860, 45243, 1508103, NULL, NULL, 'TURIMAN', NULL, '', 'BCA', '0213265919', '', NULL, NULL, 11, '3'),
(14, '2019-04-26', '2019-04-27', '2019-04-23 14:16:24', '', 'TRP-DD44', 'DAYA MITRA SERASI - PALEMBANG', 'Internal Expense', 'One Way', 'Antar', 'KANTOR TRAC CIKARANG', 'Darat', '', 'CIKARANG', 'PALEMBANG', 'B9319FCF', '', 73500, 35000, 374000, 285000, 149000, 546360, NULL, NULL, NULL, NULL, NULL, NULL, 1462860, 45243, 1508103, NULL, NULL, 'TURIMAN', NULL, '', 'BCA', '0213265919', '', NULL, NULL, 11, '3'),
(17, '2019-04-23', '2019-04-24', '2019-04-24 17:17:33', '846000057772', 'TRP-DD44', 'DAYA MITRA SERASI - PALEMBANG', 'Internal Expense', 'One Way', 'Antar', 'TRAC CIKARANG', 'Darat', 'AGUS WIDODO', 'CIKARANG', 'PALEMBANG', 'B9183FCF', '', 73500, 35000, 374000, 285000, 149000, 546360, NULL, NULL, NULL, NULL, NULL, NULL, 1462860, 37509, 1500369, NULL, NULL, 'EFRIANSYAH', NULL, '', 'BCA', '0450739316', '', NULL, NULL, 11, '4'),
(21, '2019-04-27', '2019-04-28', '2019-04-25 10:23:06', '846000057925', '21020485', 'BUKIT ASAM (PERSERO) TBK', 'Internal Expense', 'One Way', 'Antar', 'JL. SOEKARNO HATTA NO. 25A BY PASS, KEL. KAMPUNG BARU RAYA\r\nKEC. LABUHAN RATU - BANDAR LAMPUNG 35143\r\n', 'Darat', 'ANDRI 085366667171', 'PALEMBANG', 'LAMPUNG VIA BERINGIN', 'BG1028UI', '', 0, 20000, 0, 200000, 149000, 435239, NULL, NULL, NULL, NULL, NULL, NULL, 804239, 24873, 829112, NULL, NULL, 'AGUS PRIYADI', NULL, '', 'BNI', '0289108368', '', NULL, NULL, 11, '4'),
(22, '2019-04-20', '2019-04-21', '2019-04-25 10:24:46', '846000057924', '21042102', 'POS INDONESIA (PERSERO)', 'Internal Expense', 'Two Way', 'Antar', 'JL. SOEKARNO HATTA NO. 25A BY PASS, KEL. KAMPUNG BARU RAYA\r\nKEC. LABUHAN RATU - BANDAR LAMPUNG 35143\r\n', 'Darat', 'ANDRI 085366667171', 'PALEMBANG', 'LAMPUNG VIA BERINGIN', 'BG1068UH', 'B1247NOR', 0, 0, 0, 0, 149000, 391715, 0, 0, 0, 0, 0, 391715, 932430, 23908, 956338, NULL, NULL, 'EKO PARIANDA', NULL, 'eko.parianda@trac.astra.co.id', 'BCA', '0213059031', 'EKO PARIANDA', NULL, NULL, 11, '4'),
(23, '2019-04-25', '2019-04-26', '2019-04-25 10:33:21', '846000057927', '21081842', 'MASMEDIA BUANA PUSTAKA', 'Internal Expense', 'One Way', 'Antar', 'JL CENDANA GG DURIAN TANJUNG SEN BANDAR LAMPUNG', 'Darat', 'SUKARDI 082177148274', 'PALEMBANG', 'LAMPUNG VIA BERINGIN', 'BG8357IL', '', 0, 20000, 0, 200000, 149000, 391715, NULL, NULL, NULL, NULL, NULL, NULL, 760715, 23527, 784242, NULL, NULL, 'AGUS PRIYADI', NULL, '', 'BNI', '0289108368', '', NULL, NULL, 11, '4'),
(24, '2019-04-26', '2019-04-27', '2019-04-25 14:35:23', '846000057928', '21020485', 'BUKIT ASAM (PERSERO) TBK', 'Internal Expense', 'One Way', 'Antar', 'GRHA SERA, JL. SOEKARNO HATTA NO.135\r\nPALEMBANG - SUMATERA SELATAN\r\n', 'Darat', 'DAVID. +62(711) 444999 EXT 116 | F. +62(711)411 188', 'LAMPUNG VIA BERINGIN', 'PALEMBANG', 'BE2745YX', '', 0, 20000, 0, 200000, 149000, 321232, NULL, NULL, NULL, NULL, NULL, NULL, 690232, 17698, 707930, NULL, NULL, 'Hendri Sinaga', NULL, '', 'Permata', '514791309', 'Hendri Sinaga', NULL, NULL, 11, '4'),
(25, '2019-04-26', '2019-04-27', '2019-04-25 17:28:42', '846000058141', 'TRP-DD44', 'DAYA MITRA SERASI - PALEMBANG', 'Internal Expense', 'One Way', 'Ambil', 'GRHA SERA, JL. SOEKARNO HATTA NO.135\r\nPALEMBANG - SUMATERA SELATAN\r\n', 'Darat', 'DAVID 62(711) 444999 EXT 116 | F. +62(711)411 188', 'PANGKAL PINANG', 'PALEMBANG', 'BG8359IL', '', 0, 20000, 775000, 180000, 149000, 235500, NULL, NULL, NULL, NULL, NULL, NULL, 1359500, 34859, 1394359, NULL, '', 'LEYDER SIMANIHURUK', 'Y', '', 'BCA', '0213342590', '', NULL, NULL, 11, '4'),
(26, '2019-04-26', '2019-04-27', '2019-04-25 17:33:14', '846000058140', 'TRP-DD44', 'DAYA MITRA SERASI - PALEMBANG', 'Internal Expense', 'One Way', 'Antar', 'GRHA SERA, JL. SOEKARNO HATTA NO.135\r\nPALEMBANG - SUMATERA SELATAN\r\n', 'Darat', 'DAVID 082175669041', 'PANGKAL PINANG', 'PALEMBANG', 'B9594FCI', '', 0, 20000, 775000, 180000, 149000, 235500, NULL, NULL, NULL, NULL, NULL, NULL, 1359500, 42046, 1401546, NULL, NULL, 'AGUS PRIYADI', NULL, '', 'BNI', '0289108368', '', NULL, NULL, 11, '4'),
(28, '0000-00-00', '0000-00-00', '2019-05-02 13:59:43', '846000058709', 'TRP-DD44', 'DAYA MITRA SERASI - PALEMBANG', 'Internal Expense', 'One Way', 'Ambil', 'GRHA TRAC, JL CONDET RAYA NO 15, GEDONG\r\nPASAR REBO - JAKARTA TIMUR 13760\r\n', 'Darat', 'CATHARINA HERLINA P. +62(21) 8404040 EXT. 325 | F. +62(21) 8401277', 'JAKARTA', 'PALEMBANG', 'B9776UCL', '', 68000, 15000, 374000, 285000, 149000, 441429, NULL, NULL, NULL, NULL, NULL, NULL, 1332429, 41209, 1373638, NULL, NULL, 'TURIMAN', 'N', '', 'BCA', '0213265919', '', NULL, NULL, 11, '4'),
(29, '2019-05-02', '2019-05-03', '2019-05-02 14:14:26', '846000058852', '21081762', 'KEMENTERIAN HUKUM DAN HAM', 'Internal Expense', 'One Way', 'Antar', 'PANGKAL PINANG', 'Darat', 'AGUWAN 082139933332', 'DESA TERU', 'PANGKAL PINANG', 'BG1637UQ', '', 0, 20000, 0, 100000, 0, 23550, NULL, NULL, NULL, NULL, NULL, NULL, 143550, 3681, 147231, NULL, NULL, 'AGUWAN', 'Y', 'trac.pangkalpinang@gmail.com', 'BCA', '0410864339', 'AGUWAN', NULL, NULL, 11, '4'),
(30, '2019-05-02', '2019-05-03', '2019-05-02 14:20:23', '846000058853', '21081762', 'KEMENTERIAN HUKUM DAN HAM', 'Internal Expense', 'One Way', 'Antar', 'PANGKAL PINANG', 'Darat', 'AGUWAN 082139933332', 'DESA TERU', 'PANGKAL PINANG', 'BG1633UQ', '', 0, 20000, 0, 100000, 0, 23550, NULL, NULL, NULL, NULL, NULL, NULL, 143550, 3681, 147231, NULL, NULL, 'AGUWAN', 'Y', 'trac.pangkalpinang@gmail.com', 'BCA', '0410864339', 'AGUWAN', NULL, NULL, 11, '4'),
(31, '2019-05-02', '2019-05-03', '2019-05-02 15:07:00', '846000058855', '21081762', 'KEMENTERIAN HUKUM DAN HAM', 'Internal Expense', 'One Way', 'Antar', 'PANGKAL PINANG', 'Darat', 'AGUWAN 082139933332', 'DESA TERU', 'PANGKAL PINANG', 'BG1637QY', '', 0, 20000, 0, 100000, 0, 26167, NULL, NULL, NULL, NULL, NULL, NULL, 146167, 3748, 149915, NULL, NULL, 'AGUWAN', 'Y', 'trac.pangkalpinang@gmail.com', 'BCA', '0410864339', 'AGUWAN', NULL, NULL, 11, '4'),
(32, '2019-05-02', '2019-05-03', '2019-05-02 15:11:40', '846000058856', '21091599', 'FASTRATA BUANA', 'Internal Expense', 'One Way', 'Antar', 'PANGKAL PINANG', 'Darat', 'AGUWAN 082139933332', 'DESA TERU', 'PANGKAL PINANG', 'BG1215UG', '', 0, 20000, 0, 100000, 0, 23550, NULL, NULL, NULL, NULL, NULL, NULL, 143550, 3681, 147231, NULL, NULL, 'AGUWAN', 'Y', 'trac.pangkalpinang@gmail.com', 'BCA', '0410864339', 'AGUWAN', NULL, NULL, 11, '4'),
(33, '2019-05-06', '2019-05-07', '2019-05-02 15:25:18', '846000058857', '21010131', 'KOPERASI CERMAT BANK SUMS', 'Internal Expense', 'One Way', 'Ambil', 'GRHA SERA, JL. SOEKARNO HATTA NO.135\r\nPALEMBANG - SUMATERA SELATAN\r\n', 'Darat', 'DAVID BERNY +62(711) 444999 EXT 116 | F. +62(711)411 188', 'PANGKAL PINANG', 'PALEMBANG', 'BN1226PD', '', 0, 20000, 775000, 180000, 149000, 261667, NULL, NULL, NULL, NULL, NULL, NULL, 1385667, 35530, 1421197, NULL, NULL, 'LEYDER SIMANIHURUK', 'Y', '', 'BCA', '0213342590', '', NULL, NULL, 11, '4'),
(34, '2019-05-06', '2019-05-07', '2019-05-02 16:08:31', '846000058858', '21091583', 'HANJAYA MANDALA SAMPOERNA', 'Internal Expense', 'One Way', 'Ambil', 'KANTOR HMS LAHAT ', 'Darat', 'AGUS 082173294993', 'LAHAT', 'PALEMBANG', 'BG1684NQ', '', 0, 20000, 0, 90000, 24000, 178195, NULL, NULL, NULL, NULL, NULL, NULL, 312195, 8005, 320200, NULL, NULL, 'RADEN', 'Y', '', 'BANK PERMATA', '4123574147', '', NULL, NULL, 11, '4'),
(35, '2019-05-03', '2019-05-04', '2019-05-02 16:12:44', '846000058859', '21034677', 'SINAR NIAGA SEJAHTERA', 'Internal Expense', 'One Way', 'Ambil', 'JL. WAHAB AFFAN NO. 135', 'Darat', '021-8843210', 'BETUNG', 'PALEMBANG', 'BG8960IH', '', 0, 20000, 0, 50000, 0, 52595, NULL, NULL, NULL, NULL, NULL, NULL, 122595, 3143, 125738, NULL, NULL, 'RADEN', 'Y', '', 'BANK PERMATA', '4123574147', '', NULL, NULL, 11, '4'),
(36, '2019-05-03', '2019-05-04', '2019-05-02 16:43:07', '846000058899', '21034677', 'SINAR NIAGA SEJAHTERA', 'Internal Expense', 'One Way', 'Ambil', 'JL. WAHAB AFFAN NO. 135', 'Darat', '0813-68328770', 'KAYU AGUNG', 'PALEMBANG', 'BG8961IH', '', 0, 20000, 0, 45000, 0, 66725, NULL, NULL, NULL, NULL, NULL, NULL, 131725, 3378, 135103, NULL, NULL, 'EFRIANSYAH', 'Y', '', 'BCA', '0450739316', '', NULL, NULL, 11, '4'),
(37, '2019-05-07', '2019-05-08', '2019-05-02 16:53:48', '846000058900', '21010131', 'KOPERASI CERMAT BANK SUMS', 'Internal Expense', 'One Way', 'Ambil', 'BANK SUMSEL TANJUNG ENIM', 'Darat', 'MEMED 0711-310945', 'TANJUNG ENIM', 'PALEMBANG', 'B1964UYO', '', 0, 20000, 0, 130000, 24000, 180550, NULL, NULL, NULL, NULL, NULL, NULL, 354550, 9091, 363641, NULL, NULL, 'LEYDER SIMANIHURUK', 'Y', '', 'BCA', '0213342590', '', NULL, NULL, 11, '4'),
(38, '2019-05-06', '2019-05-07', '2019-05-02 17:05:17', '846000058901', '21060631', 'DJARUM', 'Internal Expense', 'One Way', 'Ambil', 'LUBUK LINGGAU', 'Darat', 'RAHMAT 0812-7336131', 'LUBUK LINGGAU', 'PALEMBANG', 'B1229NOS', '', 0, 20000, 0, 160000, 149000, 256696, NULL, NULL, NULL, NULL, NULL, NULL, 585696, 18114, 603810, NULL, NULL, 'AGUS PRIYADI', 'N', '', 'BNI', '0289108368', '', NULL, NULL, 11, '4'),
(39, '2019-05-09', '2019-05-10', '2019-05-02 17:33:09', '846000058902', '21091599', 'FASTRATA BUANA', 'Internal Expense', 'One Way', 'Ambil', 'GRHA SERA, JL. SOEKARNO HATTA NO.135\r\nPALEMBANG - SUMATERA SELATAN\r\n', 'Darat', 'DAVID 082175669041', 'PALEMBANG', 'PANGKAL PINANG', 'BG1215UG', '', 0, 20000, 775000, 180000, 149000, 235500, NULL, NULL, NULL, NULL, NULL, NULL, 1359500, 34859, 1394359, NULL, NULL, 'RADEN', 'Y', '', 'BANK PERMATA', '4123574147', '', NULL, NULL, 11, '4'),
(40, '2019-05-09', '2019-05-10', '2019-05-02 17:55:02', '846000058903', '21081762', 'KEMENTERIAN HUKUM DAN HAM', 'Internal Expense', 'One Way', 'Ambil', 'GRHA SERA, JL. SOEKARNO HATTA NO.135\r\nPALEMBANG - SUMATERA SELATAN\r\n', 'Darat', 'P. +62(711) 444999 EXT 116 | F. +62(711)411 188', 'PANGKAL PINANG', 'PALEMBANG', 'BG1637QY', '', 0, 20000, 775000, 180000, 149000, 261667, NULL, NULL, NULL, NULL, NULL, NULL, 1385667, 42856, 1428523, NULL, NULL, 'AGUS PRIYADI', 'N', '', 'BNI', '0289108368', '', NULL, NULL, 11, '4'),
(41, '2019-05-09', '2019-05-10', '2019-05-02 17:59:57', '846000058904', '21081762', 'KEMENTERIAN HUKUM DAN HAM', 'Internal Expense', 'One Way', 'Ambil', 'GRHA SERA, JL. SOEKARNO HATTA NO.135\r\nPALEMBANG - SUMATERA SELATAN\r\n', 'Darat', 'P. +62(711) 444999 EXT 116 | F. +62(711)411 188', 'PANGKAL PINANG', 'PALEMBANG', 'BG1633UQ', '', 0, 20000, 775000, 180000, 149000, 235500, NULL, NULL, NULL, NULL, NULL, NULL, 1359500, 34859, 1394359, NULL, NULL, 'LEYDER SIMANIHURUK', 'Y', '', 'BCA', '0213342590', '', NULL, NULL, 11, '4'),
(42, '2019-05-09', '2019-05-10', '2019-05-02 18:03:20', '846000058905', '21081762', 'KEMENTERIAN HUKUM DAN HAM', 'Internal Expense', 'One Way', 'Ambil', 'GRHA SERA, JL. SOEKARNO HATTA NO.135\r\nPALEMBANG - SUMATERA SELATAN\r\n', 'Darat', 'P. +62(711) 444999 EXT 116 | F. +62(711)411 188', 'PANGKAL PINANG', 'PALEMBANG', 'BG1637UQ', '', 0, 20000, 775000, 180000, 149000, 235500, NULL, NULL, NULL, NULL, NULL, NULL, 1359500, 42046, 1401546, NULL, NULL, 'TURIMAN', 'N', '', 'BCA', '0213265919', '', NULL, NULL, 11, '4'),
(43, '2019-05-03', '2019-05-06', '2019-05-03 15:11:00', '846000058850', 'TRP-DD46', 'DAYA MITRA SERASI - JAMBI', 'Internal Expense', 'One Way', 'Ambil', 'KANTOR TRAC JAMBI', 'Darat', 'DWI 085268791144', 'MEDAN', 'JAMBI', 'B9778UCL', '', 0, 20000, 0, 385000, 399000, 869615, NULL, NULL, NULL, NULL, NULL, NULL, 3096098, 95756, 3191854, 1422483, 'Ticket Pesawat Jambi-Medan', 'MARIHOT PADAN L', 'N', '', 'BCA', '1192022996', 'MARIHOT PADAN L', NULL, NULL, 11, '4'),
(44, '2019-05-08', '2019-05-09', '2019-05-08 15:32:54', '846000059684', '21081903', 'MUSI HUTAN PERSADA', 'Internal Expense', 'Two Way', 'Antar', 'MHP NIRU', 'Darat', 'SAYAKO 08117191616 ', 'PALEMBANG', 'NIRU', 'BM8472TQ', 'BG9094NT', 0, 0, 0, 0, 24000, 77250, 0, 0, 0, 0, 0, 77250, 178500, 4577, 183077, NULL, NULL, 'EFRIANSYAH', 'Y', '', 'BCA', '0450739316', '', NULL, NULL, 11, '4'),
(45, '2019-05-08', '2019-05-09', '2019-05-08 17:08:09', '846000059685', '21012923', 'BINTANG MULIA JAYA', 'Internal Expense', 'Two Way', 'Antar', 'BMJ KOTA SEKAYU ', 'Darat', 'OKTA 085268822129', 'PALEMBANG', 'SEKAYU', 'BG9703NS', 'BG8387IM', 0, 0, 0, 0, 24000, 79825, 0, 0, 0, 0, 0, 63860, 167685, 5186, 172871, NULL, NULL, 'AGUS PRIYADI', 'N', '', 'BNI', '0289108368', '', NULL, NULL, 11, '4'),
(46, '2019-05-09', '2019-05-10', '2019-05-09 16:30:12', '846000059965', '21042553', 'FINANSIA MULTI FINANCE', 'Internal Expense', 'Two Way', 'Antar', 'JL MAYOR RUSLAN III RUKO 3-4 SAMPING PASAR PTM SQUARE KEL. PASAR LAMA LAHAT', 'Darat', 'LUANDA UTAMA	08118963892', 'PALEMBANG', 'LAHAT', 'BG1415RX', 'BG1359UB', 0, 0, 0, 0, 24000, 178195, 0, 0, 0, 0, 0, 178195, 380390, 9754, 390144, NULL, NULL, 'RADEN', 'Y', '', 'BANK PERMATA', '4123574147', '', NULL, NULL, 11, '4'),
(47, '2019-05-09', '2019-05-10', '2019-05-09 16:37:22', '846000059966', '21042553', 'FINANSIA MULTI FINANCE', 'Internal Expense', 'Two Way', 'Antar', 'JL. JEND. SUDIRMAN NO. 143-144 KEL. TUNGKAL TALANG JAWA KEC. MUARA ENIM. KAB. MUARA ENIM', 'Darat', 'BENNY FEBRIANTO	81367414234', 'PALEMBANG', 'MUARA ENIM', 'BG1416RX', 'BG1332UB', 0, 0, 0, 0, 24000, 144440, 0, 0, 0, 0, 0, 144440, 312880, 9677, 322557, NULL, NULL, 'TURIMAN', 'N', '', 'BCA', '0213265919', '', NULL, NULL, 11, '4'),
(48, '2019-05-09', '2019-05-10', '2019-05-09 16:43:21', '846000059967', '21042553', 'FINANSIA MULTI FINANCE', 'Internal Expense', 'One Way', 'Ambil', 'JL MAYOR RUSLAN III RUKO 3-4 SAMPING PASAR PTM SQUARE KEL. PASAR LAMA LAHAT', 'Darat', 'RUDI SANTOSA	8118963961', 'LAHAT', 'PALEMBANG', 'BG1731UD', '', 0, 20000, 0, 90000, 24000, 178195, NULL, NULL, NULL, NULL, NULL, NULL, 312195, 9656, 321851, NULL, NULL, 'Beni Diarta', 'N', '', 'Permata', '4123574481', 'Beni Diarta', NULL, NULL, 11, '4'),
(49, '2019-05-09', '2019-05-10', '2019-05-09 16:47:16', '846000059968', '21042553', 'FINANSIA MULTI FINANCE', 'Internal Expense', 'One Way', 'Ambil', 'JL PADAT KARYA RT 04 RW O5 KEL MUARADUA KEC PRABUMULIH TIMUR KOTA PRABUMULIH', 'Darat', 'WARNO MULYO	81367652955', 'PRABUMULIH', 'PALEMBANG', 'BG1812UE', '', 0, 20000, 0, 50000, 0, 75360, NULL, NULL, NULL, NULL, NULL, NULL, 145360, 3727, 149087, NULL, NULL, 'EFRIANSYAH', 'Y', '', 'BCA', '0450739316', '', NULL, NULL, 11, '4'),
(50, '2019-05-13', '0000-00-00', '2019-05-13 10:45:30', '846000060138', '21094436', 'KPU KABUPATEN MERANGIN', 'Internal Expense', 'One Way', 'Ambil', 'JL. RAYA BANGKO KERINCI KM.04 BANGKO', 'Darat', 'AMBIL UNIT BACK KPU MERANGIN', 'JAMBI', 'BANGKO', 'BG1055UG', '', 0, 20000, 0, 100000, 149000, 200960, NULL, NULL, NULL, NULL, NULL, NULL, 469960, 14535, 484495, NULL, NULL, 'ONDAPI SARION', 'N', '', 'MANDIRI', '1120012967449', 'ONDAPI SARION', NULL, NULL, 12, '4'),
(51, '2019-05-11', '2019-05-12', '2019-05-13 11:34:20', '846000060410', 'TRP-DD44', 'DAYA MITRA SERASI - PALEMBANG', 'Internal Expense', 'Two Way', 'Antar', 'TRAC TANJUNG ENIM', 'Darat', 'GINTA ROLIS', 'PALEMBANG', 'TANJUNG ENIM', 'BN1851PC', 'BN1851PC', 0, 0, 0, 0, 24000, 162495, 0, 0, 0, 0, 0, 162495, 348990, 8948, 357938, NULL, NULL, 'BENI PANJAITAN', 'Y', '', 'PERMATA', '1230338864', '', NULL, NULL, 11, '4'),
(52, '2019-05-14', '2019-05-15', '2019-05-13 13:35:27', '846000060139', '21095169', 'KPP MUARA BUNGO', 'Internal Expense', 'One Way', 'Ambil', 'JL. TEUKU UMAR NO.3 PASIR PUTIH, RIMBO TENGAH, KABUPATEN MUARO BUNGO-JAMBI', 'Darat', 'AMBIL UNIT BACK KPP BUNGO BH1705HT', 'JAMBI', 'MUARA BUNGO', 'BH1705HT', '', 0, 20000, 0, 100000, 149000, 210380, NULL, NULL, NULL, NULL, NULL, NULL, 479380, 14826, 494206, NULL, NULL, 'ONDAPI SARION', 'N', '', 'MANDIRI', '1120012967449', 'ONDAPI SARION', NULL, NULL, 12, '4'),
(53, '2019-05-14', '2019-05-15', '2019-05-13 13:38:22', '846000060420', '21095169', 'KPP MUARA BUNGO', 'Internal Expense', 'One Way', 'Ambil', 'JL. TEUKU UMAR NO.3 PASIR PUTIH, RIMBO TENGAH KABUPATEN BUNGO-JAMBI', 'Darat', 'AMBIL UNIT BACK KPP MUARO BUNGO BA1824OW', 'JAMBI', 'MUARA BUNGO', 'BA1824OW', '', 0, 20000, 0, 100000, 149000, 210380, NULL, NULL, NULL, NULL, NULL, NULL, 479380, 14826, 494206, NULL, NULL, 'DEDE SUSANTO', 'N', '', 'PERMATA', '4108717545', 'DEDE SUSANTO', NULL, NULL, 12, '4'),
(54, '2019-05-13', '2019-05-14', '2019-05-13 14:02:05', '846000060440', '21095168', 'KOMISI PEMILIHAN UMUM', 'Internal Expense', 'Two Way', 'Antar', 'KANTOR KPU MUARA DUA', 'Darat', 'YULIANSYAH 081368533359', 'PALEMBANG', 'MUARA DUA', 'BG1938UU', 'B1473NOR', 0, 0, 0, 0, 149000, 215875, 0, 0, 0, 0, 0, 215875, 580750, 14891, 595641, NULL, NULL, 'EFRIANSYAH', 'Y', '', 'BCA', '0450739316', '', NULL, NULL, 11, '4'),
(55, '2019-05-13', '2019-05-14', '2019-05-13 14:07:11', '846000060441', '21010131', 'KOPERASI CERMAT BANK SUMS', 'Internal Expense', 'Two Way', 'Antar', 'BANK SUMSEL MUARA DUA', 'Darat', 'ISKANDAR 0821-76234777', 'PALEMBANG', 'MUARA DUA', 'bg1072ur', 'BG1841UB', 0, 0, 0, 0, 149000, 239862, 0, 0, 0, 0, 0, 239862, 628724, 19445, 648169, NULL, NULL, 'TURIMAN', 'N', '', 'BCA', '0213265919', '', NULL, NULL, 11, '4'),
(56, '2019-05-16', '2019-05-17', '2019-05-15 09:30:48', '846000060700', '21004572', 'MUSTIKA INDAH PERMAI', 'Internal Expense', 'One Way', 'Antar', 'MUSTIKA INDAH PERMAI', 'Darat', 'PAK BAMBANG 0812-9525-303', 'PALEMBANG', 'LAHAT', 'BG9033NT', '', 0, 20000, 0, 90000, 24000, 146132, NULL, NULL, NULL, NULL, NULL, NULL, 280132, 8664, 288796, NULL, NULL, 'AGUS PRIYADI', 'N', '', 'BNI', '0289108368', '', NULL, NULL, 11, '4'),
(57, '2019-05-16', '2019-05-17', '2019-05-15 09:45:26', '846000060701', '21004572', 'MUSTIKA INDAH PERMAI', 'Internal Expense', 'One Way', 'Antar', 'LAHAT', 'Darat', 'PAK BAMBANG 0812-9525-303', 'PALEMBANG', 'LAHAT', 'BG9939NU', '', 0, 20000, 0, 90000, 24000, 146132, NULL, NULL, NULL, NULL, NULL, NULL, 280132, 7183, 287315, NULL, NULL, 'LEYDER SIMANIHURUK', 'Y', '', 'BCA', '0213342590', '', NULL, NULL, 11, '4'),
(58, '2019-05-16', '2019-05-17', '2019-05-15 10:12:49', '846000060702', '21004572', 'MUSTIKA INDAH PERMAI', 'Internal Expense', 'One Way', 'Antar', 'LAHAT', 'Darat', 'PAK BAMBANG 0812-9525-303', 'PALEMBANG', 'LAHAT', 'BG9010NT', '', 0, 20000, 0, 90000, 24000, 146132, NULL, NULL, NULL, NULL, NULL, NULL, 280132, 7183, 287315, NULL, NULL, 'EFRIANSYAH', 'Y', '', 'BCA', '0450739316', '', NULL, NULL, 11, '4'),
(59, '2019-05-15', '2019-05-16', '2019-05-15 11:37:20', '846000060750', '12000050', 'UNITED TRACTORS, TBK.', 'Internal Expense', 'One Way', 'Antar', 'UT TANJUNG ENIM', 'Darat', 'IRFAN 0813-69105959', 'PALEMBANG', 'TANJUNG ENIM', 'BARU020829', '', 0, 20000, 0, 130000, 24000, 133257, NULL, NULL, NULL, NULL, NULL, NULL, 307257, 7878, 315135, NULL, NULL, 'RADEN', 'Y', '', 'BANK PERMATA', '4123574147', '', NULL, NULL, 11, '4'),
(60, '2019-05-20', '2019-05-21', '2019-05-15 14:19:10', '846000060802', 'TRP-DD44', 'DAYA MITRA SERASI - PALEMBANG', 'Internal Expense', 'One Way', 'Ambil', 'TRAC CIKARANG', 'Darat', 'TEGUH SANTOSO', 'CIKARANG', 'PALEMBANG', 'B9730FCE', '', 73500, 35000, 374000, 285000, 149000, 546360, NULL, NULL, NULL, NULL, NULL, NULL, 1462860, 45243, 1508103, NULL, NULL, 'TURIMAN', 'N', '', 'BCA', '0213265919', '', NULL, NULL, 11, '4'),
(61, '2019-05-25', '2019-05-27', '2019-05-15 14:26:15', '846000060803', '21018064', 'NOJORONO TOBACCO INTERNAT', 'Internal Expense', 'One Way', 'Ambil', 'JL BHAKTI HUSADA NO 17 A RT/RW 02', 'Darat', 'MARWAN EFFINDI 0852-6853-7510', 'BENGKULU', 'PALEMBANG', 'B2468UFO', '', 0, 20000, 0, 240000, 149000, 430878, NULL, NULL, NULL, NULL, NULL, NULL, 839878, 21535, 861413, NULL, NULL, 'RADEN', 'Y', '', 'BANK PERMATA', '4123574147', '', NULL, NULL, 11, '4'),
(62, '2019-05-24', '2019-05-25', '2019-05-15 14:40:38', '846000060804', 'TRP-DD44', 'DAYA MITRA SERASI - PALEMBANG', 'Internal Expense', 'One Way', 'Antar', 'TRAC IBID JAKARTA', 'Darat', 'BP RAMSES', 'PALEMBANG', 'JAKARTA', 'B1700URO', '', 68000, 15000, 374000, 285000, 149000, 523334, NULL, NULL, NULL, NULL, NULL, NULL, 1414334, 36265, 1450599, NULL, NULL, 'EFRIANSYAH', 'Y', '', 'BCA', '0450739316', '', NULL, NULL, 11, '4'),
(63, '2019-05-24', '2019-05-25', '2019-05-15 14:44:18', '846000060805', 'TRP-DD44', 'DAYA MITRA SERASI - PALEMBANG', 'Internal Expense', 'One Way', 'Antar', 'TRAC IBID JAKARTA', 'Darat', 'BP RAMSES', 'PALEMBANG', 'JAKARTA', 'B1729URK', '', 68000, 15000, 374000, 285000, 149000, 523334, NULL, NULL, NULL, NULL, NULL, NULL, 1414334, 43742, 1458076, NULL, NULL, 'TURIMAN', 'N', '', 'BCA', '0213265919', '', NULL, NULL, 11, '4'),
(64, '2019-05-16', '2019-05-17', '2019-05-15 14:56:50', '846000060807', '21089957', 'INBISCO NIAGATAMA SEMESTA', 'Internal Expense', 'Two Way', 'Antar', 'CV. MEGA PERMATA JL. AHMAD YANIRT 01 KEL MEGANG', 'Darat', 'BP.SURYA 0821-79897450', 'PALEMBANG', 'LUBUK LINGGAU', 'BG1590OM', 'B1101NWK', 0, 0, 0, 0, 149000, 256696, 0, 0, 0, 0, 0, 256696, 662392, 20486, 682878, NULL, NULL, 'TURIMAN', 'N', '', 'BCA', '0213265919', '', NULL, NULL, 11, '4'),
(65, '2019-05-24', '2019-05-25', '2019-05-15 15:03:16', '846000060808', 'TRP-DD44', 'DAYA MITRA SERASI - PALEMBANG', 'Internal Expense', 'One Way', 'Antar', 'TRAC IBID PEKANBARU', 'Darat', 'BP EVAN', 'PALEMBANG', 'PEKANBARU', 'B1823URP', '', 0, 20000, 0, 320000, 274000, 636723, NULL, NULL, NULL, NULL, NULL, NULL, 1250723, 32070, 1282793, NULL, NULL, 'LEYDER SIMANIHURUK', 'Y', '', 'BCA', '0213342590', '', NULL, NULL, 11, '4'),
(66, '2019-05-24', '2019-05-25', '2019-05-15 15:08:25', '846000060831', 'TRP-DD44', 'DAYA MITRA SERASI - PALEMBANG', 'Internal Expense', 'One Way', 'Antar', 'TRAC IBID PEKANBARU', 'Darat', 'BP EVAN', 'PALEMBANG', 'PEKANBARU', 'BM1053NP', '', 0, 20000, 0, 320000, 274000, 636723, NULL, NULL, NULL, NULL, NULL, NULL, 1250723, 32070, 1282793, NULL, NULL, 'EFRIANSYAH', 'Y', '', 'BCA', '0450739316', '', NULL, NULL, 11, '4'),
(67, '2019-05-24', '2019-05-25', '2019-05-15 15:17:57', '846000060832', '21018064', 'NOJORONO TOBACCO INTERNAT', 'Internal Expense', 'One Way', 'Ambil', 'CV. MEGA PERMATA JL. AHMAD YANIRT 01 KEL MEGANG', 'Darat', 'BP.SURYA 0821-79897450', 'BENGKULU', 'PALEMBANG', 'BG1014NI', '', 0, 20000, 0, 240000, 149000, 430878, NULL, NULL, NULL, NULL, NULL, NULL, 839878, 25976, 865854, NULL, NULL, 'AGUS PRIYADI', 'N', '', 'BNI', '0289108368', '', NULL, NULL, 11, '4'),
(68, '2019-05-21', '2019-05-22', '2019-05-18 15:24:11', '846000061073', '21052211', 'GLOBAL GREEN TRADING', 'Internal Expense', 'One Way', 'Ambil', 'LAMPUNG', 'Darat', 'REZA', 'LAMPUNG VIA BERINGIN', 'PALEMBANG', 'B1297NON', '', 0, 20000, 0, 200000, 149000, 391715, NULL, NULL, NULL, NULL, NULL, NULL, 760715, 23527, 784242, NULL, NULL, 'TURIMAN', 'N', '', 'BCA', '0213265919', '', NULL, NULL, 11, '4'),
(69, '2019-05-18', '2019-05-19', '2019-05-18 15:28:39', '846000061074', '21004572', 'MUSTIKA INDAH PERMAI', 'Internal Expense', 'One Way', 'Ambil', 'TRAC TANJUNG ENIM', 'Darat', 'GINTA ROLIS', 'TANJUNG ENIM', 'PALEMBANG', 'BG9127NU', '', 0, 20000, 0, 130000, 24000, 133257, NULL, NULL, NULL, NULL, NULL, NULL, 307257, 7878, 315135, NULL, NULL, 'EFRIANSYAH', 'Y', '', 'BCA', '0450739316', '', NULL, NULL, 11, '4'),
(70, '2019-05-21', '2019-05-22', '2019-05-18 15:35:33', '846000061075', '21004572', 'MUSTIKA INDAH PERMAI', 'Internal Expense', 'One Way', 'Antar', 'KANTOR MIP LAHAT', 'Darat', 'BP BAM,BANG 0812-9525-303', 'PALEMBANG', 'LAHAT', 'BG9209NR', '', 0, 20000, 0, 90000, 24000, 146132, NULL, NULL, NULL, NULL, NULL, NULL, 280132, 7183, 287315, NULL, NULL, 'RADEN', 'Y', '', 'BANK PERMATA', '4123574147', '', NULL, NULL, 11, '4'),
(71, '2019-05-21', '2019-05-22', '2019-05-18 15:40:05', '846000061076', '12000050', 'UNITED TRACTORS, TBK.', 'Internal Expense', 'One Way', 'Ambil', 'TRAC TANJUNG ENIM', 'Darat', 'GINTA ROLIS', 'TANJUNG ENIM', 'PALEMBANG', 'BG9056NM', '', 0, 20000, 0, 130000, 24000, 133257, NULL, NULL, NULL, NULL, NULL, NULL, 307257, 9503, 316760, NULL, NULL, 'AGUS PRIYADI', 'N', '', 'BNI', '0289108368', '', NULL, NULL, 11, '4'),
(72, '0000-00-00', '0000-00-00', '2019-05-18 15:44:19', '846000061077', '12000050', 'UNITED TRACTORS, TBK.', 'Internal Expense', 'One Way', 'Ambil', 'TRAC TANJUNG ENIM', 'Darat', 'GINTA ROLIS', 'TANJUNG ENIM', 'PALEMBANG', 'BG9883DJ', '', 0, 20000, 0, 130000, 24000, 133257, NULL, NULL, NULL, NULL, NULL, NULL, 307257, 7878, 315135, NULL, NULL, 'LEYDER SIMANIHURUK', 'Y', '', 'BCA', '0213342590', '', NULL, NULL, 11, '4'),
(73, '2019-05-24', '2019-05-25', '2019-05-21 09:06:46', '846000061379', 'TRP-BA00', 'BALAI LELANG SERASI', 'Internal Expense', 'One Way', 'Antar', 'JL. SOEKARNO HATTA NO.414 PALEMBANG', 'Darat', 'EXPEDISI ANTAR UNIT DISPOSAL BG1857IV JAMBI-PALEMBANG TO IBID PLG', 'JAMBI', 'PALEMBANG', 'BG1857IV', '', 0, 20000, 0, 145000, 149000, 247275, NULL, NULL, NULL, NULL, NULL, NULL, 561275, 17359, 578634, NULL, NULL, 'FETRY ENALDI', 'N', '', 'BRI', '562801017779', 'FETRY ENALDI', NULL, NULL, 12, '4'),
(74, '2019-05-22', '0000-00-00', '2019-05-22 08:09:05', '846000061610', 'TRP-BA00', 'BALAI LELANG SERASI', 'Internal Expense', 'One Way', 'Antar', 'JL.SOEKARNO HATTA KM.9 NO.46 SIDOMULYO BARAT, PEKANBARU', 'Darat', 'EXPEDISI ANTAR UNIT DISPOSAL BH9314AT JAMBI-TO IBID PEKANBARU', 'JAMBI', 'PEKANBARU', 'BH9314AT', '', 0, 20000, 0, 240000, 149000, 412125, NULL, NULL, NULL, NULL, NULL, NULL, 821125, 25396, 846521, NULL, NULL, 'ONDAPI SARION', 'N', '', 'MANDIRI', '1120012967449', 'ONDAPI SARION', NULL, NULL, 12, '4'),
(75, '2019-05-24', '2019-05-25', '2019-05-22 09:22:34', '846000061611', '21081215', 'ARTAV MOBILE INDONESIA', 'Internal Expense', 'One Way', 'Antar', 'JL. SOEKARNO HATTA NO.135 PALEMBANG', 'Darat', 'EXPEDISI ANTAR UNIT BG1198NI JAMBI-PALEMBANG 1 WAY ( KALIM DIFFERENTIAL TO AUTO200 TAA )', 'JAMBI', 'PALEMBANG', 'BG1198NI', '', 0, 20000, 0, 145000, 149000, 247275, NULL, NULL, NULL, NULL, NULL, NULL, 561275, 17359, 578634, NULL, NULL, 'ONDAPI SARION', 'N', '', 'MANDIRI', '1120012967449', 'ONDAPI SARION', NULL, NULL, 12, '4'),
(76, '2019-05-27', '2019-05-28', '2019-05-22 09:54:01', '846000061612', 'TRP-BA00', 'BALAI LELANG SERASI', 'Internal Expense', 'One Way', 'Antar', 'JL. SOEKARNO HATTA KM.9 NO.46 SIDOMULYO BARAT, PEKANBARU', 'Darat', 'EXPEDISI ANTAR UNIT DISPOSAL BH9629AS JAMBI-PEKANBARU 1 WAY ( TO IBID PEKANBARU )', 'JAMBI', 'PEKANBARU', 'BH9629AS', '', 0, 20000, 0, 240000, 149000, 412125, NULL, NULL, NULL, NULL, NULL, NULL, 821125, 25396, 846521, NULL, NULL, 'ONDAPI SARION', 'N', '', 'MANDIRI', '1120012967449', 'ONDAPI SARION', NULL, NULL, 12, '4'),
(77, '2019-05-27', '2019-05-28', '2019-05-23 09:54:54', '846000061747', 'TRP-DD44', 'DAYA MITRA SERASI - PALEMBANG', 'Internal Expense', 'One Way', 'Antar', 'TRAC IBID PEKANBARU', 'Darat', 'EVAN', 'PALEMBANG', 'PEKANBARU', 'BG9060NM', '', 0, 20000, 0, 320000, 274000, 469938, NULL, NULL, NULL, NULL, NULL, NULL, 1083938, 33524, 1117462, NULL, NULL, 'AGUS PRIYADI', 'N', '', 'BNI', '0289108368', '', NULL, NULL, 11, '4'),
(78, '2019-05-23', '2019-05-24', '2019-05-23 10:12:25', '846000061748', 'TRP-DD44', 'DAYA MITRA SERASI - PALEMBANG', 'Internal Expense', 'One Way', 'Antar', 'IBID PEKANBARU', 'Darat', 'EVAN', 'PALEMBANG', 'PEKANBARU', 'BG8723IM', '', 0, 20000, 0, 320000, 274000, 469938, NULL, NULL, NULL, NULL, NULL, NULL, 1083938, 27793, 1111731, NULL, NULL, 'RADEN', 'Y', '', 'BANK PERMATA', '4123574147', '', NULL, NULL, 11, '4'),
(79, '2019-05-23', '2019-05-24', '2019-05-23 11:25:42', '846000061832', 'TRP-DD44', 'DAYA MITRA SERASI - PALEMBANG', 'Internal Expense', 'One Way', 'Ambil', 'TRAC CIKARANG', 'Darat', 'BP YOYON', 'CIKARANG', 'PALEMBANG', 'B2797UKX', '', 73500, 35000, 374000, 285000, 149000, 546360, NULL, NULL, NULL, NULL, NULL, NULL, 1462860, 37509, 1500369, NULL, NULL, 'EFRIANSYAH', 'Y', '', 'BCA', '0450739316', '', NULL, NULL, 11, '4'),
(80, '2019-05-24', '2019-05-25', '2019-05-23 13:44:10', '846000061814', 'TRP-DD44', 'DAYA MITRA SERASI - PALEMBANG', 'Internal Expense', 'One Way', 'Antar', 'TRAC PANGKAL PINANG', 'Darat', 'PANGKAL PINANG', 'PALEMBANG', 'PANGKAL PINANG', 'B1337NON', '', 0, 20000, 775000, 180000, 149000, 235500, NULL, NULL, NULL, NULL, NULL, NULL, 1359500, 34859, 1394359, NULL, NULL, 'LEYDER SIMANIHURUK', 'Y', '', 'BCA', '0213342590', '', NULL, NULL, 11, '4'),
(81, '2019-05-28', '2019-05-28', '2019-05-28 10:54:28', '846000062375', '21042553', 'FINANSIA MULTI FINANCE', 'Internal Expense', 'One Way', 'Antar', 'PRABUMULIH', 'Darat', 'AMIRA', 'PALEMBANG', 'PRABUMULIH', 'BG1417RX', '', 0, 20000, 0, 50000, 0, 75360, NULL, NULL, NULL, NULL, NULL, NULL, 145360, 4496, 149856, NULL, NULL, 'TURIMAN', 'N', '', 'BCA', '0213265919', '', NULL, NULL, 11, '4'),
(82, '2019-05-31', '2019-05-31', '2019-05-28 10:59:09', '846000062378', '21042553', 'FINANSIA MULTI FINANCE', 'Internal Expense', 'One Way', 'Antar', 'PRABUMULIH', 'Darat', 'AGUS', 'PALEMBANG', 'PRABUMULIH', 'BG1731UD', '', 0, 20000, 0, 50000, 0, 75360, NULL, NULL, NULL, NULL, NULL, NULL, 145360, 4496, 149856, NULL, NULL, 'AGUS PRIYADI', 'N', '', 'BNI', '0289108368', '', NULL, NULL, 11, '4'),
(83, '2019-05-28', '2019-05-29', '2019-05-28 15:02:47', '846000062431', 'TRP-DD44', 'DAYA MITRA SERASI - PALEMBANG', 'Internal Expense', 'One Way', 'Ambil', 'TRAC PANGKAL PINANG', 'Darat', 'AGUWAN', 'PANGKAL PINANG', 'PALEMBANG', 'B9594FCI', '', 0, 20000, 775000, 180000, 149000, 235500, NULL, NULL, NULL, NULL, NULL, NULL, 1359500, 34859, 1394359, NULL, NULL, 'RADEN', 'Y', '', 'BANK PERMATA', '4123574147', '', NULL, NULL, 11, '4'),
(84, '2019-05-31', '2019-06-01', '2019-05-31 09:25:53', '846000062743', 'SL45', 'TRAC PALEMBANG', 'Internal Expense', 'One Way', 'Antar', 'TRAC PALEMBANG\r\nJL.SOEKARNO HATTA NO.135', 'Darat', 'ANTAR UNIT BH1136HW JAMBI - PALEMBANG 1 WAY', 'JAMBI', 'PALEMBANG', 'BH1136HW', '', 0, 20000, 0, 145000, 149000, 247275, NULL, NULL, NULL, NULL, NULL, NULL, 561275, 17359, 578634, NULL, NULL, 'ONDAPI SARION', 'N', '', 'MANDIRI', '1120012967449', 'ONDAPI SARION', NULL, NULL, 12, '4'),
(85, '2019-05-31', '2019-06-01', '2019-05-31 15:02:21', '846000062838', 'TRP-DD44', 'DAYA MITRA SERASI - PALEMBANG', 'Internal Expense', 'One Way', 'Antar', 'TRAC TANJUNG ENIM', 'Darat', 'GINTA ROLIS', 'PALEMBANG', 'TANJUNG ENIM', 'B1171NOR', '', 0, 20000, 0, 130000, 24000, 162495, NULL, NULL, NULL, NULL, NULL, NULL, 336495, 8628, 345123, NULL, NULL, 'RADEN', 'Y', '', 'BANK PERMATA', '4123574147', '', NULL, NULL, 11, '4'),
(86, '2019-05-31', '2019-06-01', '2019-05-31 15:11:38', '846000062842', '21012923', 'BINTANG MULIA JAYA', 'Internal Expense', 'One Way', 'Antar', 'KANTOR BMJ', 'Darat', 'BAYU', 'PALEMBANG', 'LAHAT', 'BG9703NS', '', 0, 20000, 0, 90000, 24000, 146132, NULL, NULL, NULL, NULL, NULL, NULL, 280132, 8664, 288796, NULL, NULL, 'AGUS PRIYADI', 'N', '', 'BNI', '0289108368', '', NULL, NULL, 11, '4'),
(87, '2019-06-17', '2019-06-18', '2019-06-11 13:40:15', '846000063231', 'TRP-DD44', 'DAYA MITRA SERASI - PALEMBANG', 'Internal Expense', 'One Way', 'Ambil', 'TRAC PANGKAL PINANG ', 'Darat', 'AGUWAN', 'PANGKAL PINANG', 'PALEMBANG', 'BG9632NU', '', 0, 20000, 775000, 180000, 149000, 235500, NULL, NULL, NULL, NULL, NULL, NULL, 1359500, 42046, 1401546, NULL, NULL, 'AGUS PRIYADI', 'N', '', 'BNI', '0289108368', '', NULL, NULL, 11, '4'),
(88, '2019-06-17', '2019-06-18', '2019-06-11 13:51:23', '846000063232', '21052211', 'GLOBAL GREEN TRADING', 'Internal Expense', 'One Way', 'Ambil', 'LAMPUNG', 'Darat', 'AGUS SULAIMAN', 'LAMPUNG VIA BERINGIN', 'PALEMBANG', 'B1318NON', '', 0, 20000, 0, 200000, 149000, 391715, NULL, NULL, NULL, NULL, NULL, NULL, 760715, 23527, 784242, NULL, NULL, 'TURIMAN', 'N', '', 'BCA', '0213265919', '', NULL, NULL, 11, '4'),
(89, '2019-06-17', '2019-06-18', '2019-06-11 14:00:24', '846000063233', '21052211', 'GLOBAL GREEN TRADING', 'Internal Expense', 'One Way', 'Ambil', 'LAMPUNG', 'Darat', 'AGUS SULAIMAN', 'LAMPUNG VIA BERINGIN', 'PALEMBANG', 'BG1216UG', '', 0, 20000, 0, 200000, 149000, 391715, NULL, NULL, NULL, NULL, NULL, NULL, 760715, 23527, 784242, NULL, NULL, 'AGUS PRIYADI', 'N', '', 'BNI', '0289108368', '', NULL, NULL, 11, '4'),
(90, '2019-06-17', '2019-06-18', '2019-06-11 14:06:46', '846000063234', '21052211', 'GLOBAL GREEN TRADING', 'Internal Expense', 'One Way', 'Ambil', 'LAMPUNG', 'Darat', 'AGUS SULAIMAN', 'LAMPUNG VIA BERINGIN', 'PALEMBANG', 'B1256NON', '', 0, 20000, 0, 200000, 149000, 391715, NULL, NULL, NULL, NULL, NULL, NULL, 760715, 19506, 780221, NULL, NULL, 'RADEN', 'Y', '', 'BANK PERMATA', '4123574147', '', NULL, NULL, 11, '4'),
(92, '2019-06-17', '2019-06-18', '2019-06-11 15:34:06', '846000063238', 'TRP-DD44', 'DAYA MITRA SERASI - PALEMBANG', 'Internal Expense', 'One Way', 'Ambil', 'TRAC LAMPUNG', 'Darat', 'HARRY WAHYU', 'LAMPUNG VIA BERINGIN', 'PALEMBANG', 'BG1843NQ', '', 0, 20000, 0, 200000, 149000, 391715, NULL, NULL, NULL, NULL, NULL, NULL, 760715, 19506, 780221, NULL, NULL, 'EFRIANSYAH', 'Y', '', 'BCA', '0450739316', '', NULL, NULL, 11, '4'),
(93, '2019-06-17', '2019-06-18', '2019-06-11 15:38:54', '846000063239', '21034677', 'SINAR NIAGA SEJAHTERA', 'Internal Expense', 'Two Way', 'Antar', 'PRABUMULIH', 'Darat', 'HERBAYU', 'PALEMBANG', 'PRABUMULIH', 'B9730FCE', 'BH8756MN', 0, 0, 0, 0, 0, 75360, 0, 0, 0, 0, 0, 75360, 150720, 3865, 154585, NULL, NULL, 'EFRIANSYAH', 'Y', '', 'BCA', '0450739316', '', NULL, NULL, 11, '4'),
(94, '2019-06-17', '2019-06-18', '2019-06-13 15:40:59', '846000063683', 'TRP-DD44', 'DAYA MITRA SERASI - PALEMBANG', 'Internal Expense', 'One Way', 'Ambil', 'TANJUNG ENIM', 'Darat', 'GINTA ROLIS', 'TANJUNG ENIM', 'PALEMBANG', 'BG9883DJ', '', 0, 20000, 0, 130000, 24000, 133257, NULL, NULL, NULL, NULL, NULL, NULL, 307257, 9503, 316760, NULL, NULL, 'AGUS PRIYADI', 'N', '', 'BNI', '0289108368', '', NULL, NULL, 11, '4'),
(95, '2019-06-17', '2019-06-18', '2019-06-13 15:44:58', '846000063684', 'TRP-DD44', 'DAYA MITRA SERASI - PALEMBANG', 'Internal Expense', 'One Way', 'Antar', 'TRAC IBID JAKARTA', 'Darat', 'RAMSES', 'PALEMBANG', 'JAKARTA', 'BG1704DG', '', 68000, 15000, 374000, 285000, 149000, 523334, NULL, NULL, NULL, NULL, NULL, NULL, 1414334, 43742, 1458076, NULL, NULL, 'TURIMAN', 'N', '', 'BCA', '0213265919', '', NULL, NULL, 11, '3'),
(96, '2019-06-17', '2019-06-18', '2019-06-13 15:51:56', '846000063685', '21042553', 'FINANSIA MULTI FINANCE', 'Internal Expense', 'Two Way', 'Antar', 'PANGKAL PINANG', 'Darat', 'PALEMBANG', 'PALEMBANG', 'PANGKAL PINANG', 'BG1422RX', 'BK1174UN', 0, 0, 775000, 0, 149000, 235500, 0, 0, 775000, 0, 0, 235500, 2170000, 55641, 2225641, NULL, NULL, 'RADEN', 'Y', '', 'BANK PERMATA', '4123574147', '', NULL, NULL, 11, '3'),
(97, '2019-06-15', '2019-06-16', '2019-06-14 10:38:04', '846000063789', '21040634', 'PINUS MERAH ABADI', 'Internal Expense', 'One Way', 'Antar', 'JL.LINTAS JAMBI-MUARO BUNGO', 'Darat', 'ANTAR UNIT OUT LEASING PMA BG1820UU JAMBI-BUNGO 1 WAY', 'JAMBI', 'MUARA BUNGO', 'BG1820UU', '', 0, 20000, 0, 100000, 149000, 210380, NULL, NULL, NULL, NULL, NULL, NULL, 479380, 14826, 494206, NULL, NULL, 'ONDAPI SARION', 'N', '', 'MANDIRI', '1120012967449', 'ONDAPI SARION', NULL, NULL, 12, '4'),
(98, '2019-06-17', '2019-06-18', '2019-06-14 15:40:28', '846000062818', '21004572', 'MUSTIKA INDAH PERMAI', 'Internal Expense', 'One Way', 'Antar', 'LAHAT', 'Darat', 'BAMBANG', 'PALEMBANG', 'LAHAT', 'BG9127NU', '', 0, 20000, 0, 90000, 24000, 146132, NULL, NULL, NULL, NULL, NULL, NULL, 280132, 7183, 287315, NULL, NULL, 'RADEN', 'Y', '', 'BANK PERMATA', '4123574147', '', NULL, NULL, 11, '3'),
(99, '2019-06-17', '2019-06-18', '2019-06-14 16:41:33', '846000063902', '21091598', 'FAST FOOD INDONESIA, TBK', 'Internal Expense', 'One Way', 'Ambil', 'TRAC PANGKAL PINANG', 'Darat', 'AGUWAN', 'PANGKAL PINANG', 'PALEMBANG', 'BG1633UQ', '', 0, 20000, 775000, 180000, 149000, 235500, NULL, NULL, NULL, NULL, NULL, NULL, 1359500, 34859, 1394359, NULL, NULL, 'RADEN', 'Y', '', 'BANK PERMATA', '4123574147', '', NULL, NULL, 11, '3'),
(100, '2019-06-17', '2019-06-18', '2019-06-14 16:44:56', '846000063903', '21005600', 'BANK RAKYAT INDONESIA (PE', 'Internal Expense', 'One Way', 'Ambil', 'BANK BRI KAYU AGUNG', 'Darat', 'OKTO', 'KAYU AGUNG', 'PALEMBANG', 'BG1061UG', '', 0, 20000, 0, 45000, 0, 66725, NULL, NULL, NULL, NULL, NULL, NULL, 131725, 3378, 135103, NULL, NULL, 'RADEN', 'Y', '', 'BANK PERMATA', '4123574147', '', NULL, NULL, 11, '3'),
(101, '2019-06-17', '2019-06-18', '2019-06-14 16:48:32', '846000063904', '21005600', 'BANK RAKYAT INDONESIA (PE', 'Internal Expense', 'One Way', 'Ambil', 'KAYU AGUNG', 'Darat', 'BRI', 'KAYU AGUNG', 'PALEMBANG', 'BG1312UG', '', 0, 20000, 0, 45000, 0, 66725, NULL, NULL, NULL, NULL, NULL, NULL, 131725, 4074, 135799, NULL, NULL, 'AGUS PRIYADI', 'N', '', 'BNI', '0289108368', '', NULL, NULL, 11, '3'),
(102, '2019-06-19', '2019-06-20', '2019-06-18 09:45:54', '846000064253', '23335820', 'BENDAHARA SEKRETARIAT KPU', 'Internal Expense', 'One Way', 'Ambil', 'JL. LINTAS TEBO - BANGKO KM 2.5', 'Darat', 'AMBIL UNIT BACK KPU TEBO B1182NOS ', 'JAMBI', 'MUARA TEBO', 'B1182NOS', '', 0, 20000, 0, 80000, 149000, 171130, NULL, NULL, NULL, NULL, NULL, NULL, 420130, 12994, 433124, NULL, NULL, 'ONDAPI SARION', 'N', '', 'MANDIRI', '1120012967449', 'ONDAPI SARION', NULL, NULL, 12, '4'),
(103, '0000-00-00', '0000-00-00', '2019-06-18 16:18:09', '846000064272', '23335820', 'BENDAHARA SEKRETARIAT KPU', 'Internal Expense', 'One Way', 'Ambil', ' JL. LINTAS TEBO -BANGKO KM.2.5', 'Darat', 'AMBIL UNIT BACK KPU TEBO BG1239NI', 'MUARA TEBO', 'JAMBI', 'BG1239NI', '', 0, 20000, 0, 80000, 149000, 171130, NULL, NULL, NULL, NULL, NULL, NULL, 420130, 12994, 433124, NULL, NULL, 'DEDE SUSANTO', 'N', '', 'PERMATA', '4108717545', 'DEDE SUSANTO', NULL, NULL, 12, '4'),
(104, '2019-06-20', '2019-06-21', '2019-06-19 09:53:57', '846000064430', 'SL45', 'TRAC PALEMBANG', 'Internal Expense', 'Two Way', 'PP', 'JL. SOEKARNO HATTAN NO.135 GRHA TRAC PALEMBANG', 'Darat', 'ANTAR 2 TRANSMISI UNIT SELOG JAMBI BH8127MI & BH8196MI JAMBI-PALEMBANG 2 WAY', 'JAMBI', 'PALEMBANG', 'BH9679AV', 'BH9679AV', 0, 0, 0, 0, 149000, 202782, 0, 0, 0, 0, 0, 202782, 554564, 17151, 571715, NULL, NULL, 'ONDAPI SARION', 'N', '', 'MANDIRI', '1120012967449', 'ONDAPI SARION', NULL, NULL, 12, '4'),
(105, '2019-06-21', '2019-06-22', '2019-06-19 16:20:40', '846000064432', '21081774', 'KESEJAHTERAAN PEGAWAI BAN', 'Internal Expense', 'Two Way', 'Antar', 'LUBUK LINGGAU', 'Darat', 'AGUS SULAIMAN', 'PALEMBANG', 'LUBUK LINGGAU', 'BG1299UD', 'BH1203HT', 0, 0, 0, 0, 149000, 285217, 0, 0, 0, 0, 0, 285217, 719434, 18447, 737881, NULL, NULL, 'EFRIANSYAH', 'Y', '', 'BCA', '0450739316', '', NULL, NULL, 11, '3'),
(106, '2019-06-21', '2019-06-22', '2019-06-19 16:25:23', '846000064433', '21034677', 'SINAR NIAGA SEJAHTERA', 'Internal Expense', 'Two Way', 'Antar', 'PRABUMULIH', 'Darat', 'AGUS SULAIMAN', 'PALEMBANG', 'PRABUMULIH', 'BH8756MN', 'B9730FCE', 0, 0, 0, 0, 0, 75360, 0, 0, 0, 0, 0, 75360, 150720, 3865, 154585, NULL, NULL, 'RADEN', 'Y', '', 'BANK PERMATA', '4123574147', '', NULL, NULL, 11, '3'),
(107, '2019-06-21', '2019-06-22', '2019-06-19 16:32:06', '846000064434', '21004572', 'MUSTIKA INDAH PERMAI', 'Internal Expense', 'One Way', 'Antar', 'KANTOR MIP', 'Darat', 'AGUS SULAIMAN', 'PALEMBANG', 'LAHAT', 'BG9020NT', '', 0, 20000, 0, 90000, 24000, 146132, NULL, NULL, NULL, NULL, NULL, NULL, 280132, 8664, 288796, NULL, NULL, 'AGUS PRIYADI', 'N', '', 'BNI', '0289108368', '', NULL, NULL, 11, '3'),
(108, '2019-06-21', '2019-06-22', '2019-06-20 09:42:49', '846000064536', 'TRP-DD44', 'DAYA MITRA SERASI - PALEMBANG', 'Internal Expense', 'One Way', 'Antar', 'TANJUNG ENIM', 'Darat', 'GINTA ROLIS', 'PALEMBANG', 'TANJUNG ENIM', 'BG8724IM', '', 0, 20000, 0, 130000, 24000, 133257, NULL, NULL, NULL, NULL, NULL, NULL, 307257, 9503, 316760, NULL, NULL, 'TURIMAN', 'N', '', 'BCA', '0213265919', '', NULL, NULL, 11, '3'),
(110, '2019-06-25', '2019-06-26', '2019-06-21 16:32:44', '846000064806', '21082250', 'ULIMA NITRA', 'Internal Expense', 'One Way', 'Antar', 'KANTOR UN', 'Darat', 'RIZKY', 'PALEMBANG', 'MUARATARA', 'BH9679AV', '', 0, 20000, 0, 100000, 149000, 182825, NULL, NULL, NULL, NULL, NULL, NULL, 451825, 11585, 463410, NULL, NULL, 'RADEN', 'Y', '', 'BANK PERMATA', '4123574147', '', NULL, NULL, 11, '3'),
(111, '2019-06-25', '2019-06-26', '2019-06-21 16:36:54', '846000064808', '21082250', 'ULIMA NITRA', 'Internal Expense', 'One Way', 'Antar', 'KANTOR UN', 'Darat', 'RIZKY', 'PALEMBANG', 'MUARATARA', 'BG9210NR', '', 0, 20000, 0, 100000, 149000, 182825, NULL, NULL, NULL, NULL, NULL, NULL, 451825, 13974, 465799, NULL, NULL, 'TURIMAN', 'N', '', 'BCA', '0213265919', '', NULL, NULL, 11, '3'),
(112, '2019-06-25', '2019-06-26', '2019-06-21 16:41:37', '846000064809', '21082250', 'ULIMA NITRA', 'Internal Expense', 'One Way', 'Antar', 'KANTOR UN', 'Darat', 'RIZKY', 'PALEMBANG', 'MUARATARA', 'BG9208NR', '', 0, 20000, 0, 100000, 149000, 182825, NULL, NULL, NULL, NULL, NULL, NULL, 451825, 11585, 463410, NULL, NULL, 'EFRIANSYAH', 'Y', '', 'BCA', '0450739316', '', NULL, NULL, 11, '3'),
(113, '2019-06-25', '2019-06-26', '2019-06-21 16:46:22', '846000064810', '21082250', 'ULIMA NITRA', 'Internal Expense', 'One Way', 'Antar', 'KANTOR UN', 'Darat', 'RIZKY', 'PALEMBANG', 'MUARATARA', 'BG9296NR', '', 0, 20000, 0, 100000, 149000, 182825, NULL, NULL, NULL, NULL, NULL, NULL, 451825, 13974, 465799, NULL, NULL, 'AGUS PRIYADI', 'N', '', 'BNI', '0289108368', '', NULL, NULL, 11, '3'),
(114, '2019-06-25', '2019-06-26', '2019-06-21 16:49:42', '846000064811', '21082250', 'ULIMA NITRA', 'Internal Expense', 'One Way', 'Antar', 'ULIMA NITRA', 'Darat', 'RIZKY', 'PALEMBANG', 'MUARATARA', 'BG9297NR', '', 0, 20000, 0, 100000, 149000, 182825, NULL, NULL, NULL, NULL, NULL, NULL, 451825, 11585, 463410, NULL, NULL, 'RADEN', 'Y', '', 'BANK PERMATA', '4123574147', '', NULL, NULL, 11, '3'),
(115, '2019-06-25', '2019-06-26', '2019-06-21 17:37:30', '846000064817', 'TRP-DD44', 'DAYA MITRA SERASI - PALEMBANG', 'Internal Expense', 'One Way', 'Antar', 'TRAC PEKANBARU', 'Darat', 'BP JUMADI', 'PALEMBANG', 'PEKANBARU', 'BG1452NI', '', 0, 20000, 0, 320000, 274000, 573050, NULL, NULL, NULL, NULL, NULL, NULL, 1187050, 36713, 1223763, NULL, NULL, 'TURIMAN', 'N', '', 'BCA', '0213265919', '', NULL, NULL, 11, '3'),
(116, '2019-06-25', '2019-06-26', '2019-06-21 17:49:00', '846000064823', 'TRP-DD44', 'DAYA MITRA SERASI - PALEMBANG', 'Internal Expense', 'One Way', 'Antar', 'TRAC PEKANBARU', 'Darat', 'JUMADI', 'PALEMBANG', 'PEKANBARU', 'BA1722OW', '', 0, 20000, 0, 320000, 274000, 573050, NULL, NULL, NULL, NULL, NULL, NULL, 1187050, 30437, 1217487, NULL, NULL, 'RADEN', 'Y', '', 'BANK PERMATA', '4123574147', '', NULL, NULL, 11, '3'),
(117, '2019-06-25', '2019-06-26', '2019-06-21 17:51:39', '846000064826', 'TRP-DD44', 'DAYA MITRA SERASI - PALEMBANG', 'Internal Expense', 'One Way', 'Antar', 'TRAC PEKANBARU', 'Darat', 'JUMADI', 'PALEMBANG', 'PEKANBARU', 'BA1732OW', '', 0, 20000, 0, 320000, 274000, 573050, NULL, NULL, NULL, NULL, NULL, NULL, 1187050, 30437, 1217487, NULL, NULL, 'EFRIANSYAH', 'Y', '', 'BCA', '0450739316', '', NULL, NULL, 11, '3'),
(118, '2019-06-25', '2019-06-26', '2019-06-21 17:55:08', '846000064827', 'TRP-DD44', 'DAYA MITRA SERASI - PALEMBANG', 'Internal Expense', 'One Way', 'Antar', 'TRAC PEKANBARU', 'Darat', 'JUMADI', 'PALEMBANG', 'PEKANBARU', 'BM1990NJ', '', 0, 20000, 0, 320000, 274000, 573050, NULL, NULL, NULL, NULL, NULL, NULL, 1187050, 36713, 1223763, NULL, NULL, 'AGUS PRIYADI', 'N', '', 'BNI', '0289108368', '', NULL, NULL, 11, '3'),
(119, '2019-06-25', '2019-06-26', '2019-06-21 17:57:58', '846000064828', 'TRP-DD44', 'DAYA MITRA SERASI - PALEMBANG', 'Internal Expense', 'One Way', 'Antar', 'TRAC PEKANBARU', 'Darat', 'JUMADI', 'PALEMBANG', 'PEKANBARU', 'BA1728OW', '', 0, 20000, 0, 320000, 274000, 573050, NULL, NULL, NULL, NULL, NULL, NULL, 1187050, 36713, 1223763, NULL, NULL, 'TURIMAN', 'N', '', 'BCA', '0213265919', '', NULL, NULL, 11, '3'),
(120, '0000-00-00', '0000-00-00', '2019-06-24 08:37:31', '846000064647', '21010764', 'DWI GHITA KARYA MANDIRI', 'Internal Expense', 'One Way', 'Ambil', 'DI KOTA TEBO JAMBI', 'Darat', 'AMBIL UNIT BG9686NW SELESAI ORDER BULANAN', 'JAMBI', 'MUARA TEBO', 'BG9686NW', '', 0, 20000, 0, 80000, 149000, 140338, NULL, NULL, NULL, NULL, NULL, NULL, 389338, 12041, 401379, NULL, NULL, 'MARIHOT PADAN L', 'N', '', 'BCA', '1192022996', 'MARIHOT PADAN L', NULL, NULL, 12, '3'),
(121, '2019-06-29', '2019-06-30', '2019-06-24 13:22:03', '846000065011', 'TRP-DD44', 'DAYA MITRA SERASI - PALEMBANG', 'Internal Expense', 'One Way', 'Ambil', 'TRAC MEDAN', 'Darat', 'RICO', 'MEDAN', 'PALEMBANG', 'BK8159DD', '', 0, 30000, 0, 435000, 399000, 891594, NULL, NULL, NULL, NULL, NULL, NULL, 1755594, 45015, 1800609, NULL, NULL, 'RADEN', 'Y', '', 'BANK PERMATA', '4123574147', '', NULL, NULL, 11, '3'),
(122, '2019-06-29', '2019-06-30', '2019-06-24 13:28:16', '846000065012', 'TRP-DD44', 'DAYA MITRA SERASI - PALEMBANG', 'Internal Expense', 'One Way', 'Ambil', 'TRAC MEDAN', 'Darat', 'RICO', 'MEDAN', 'PALEMBANG', 'BK9528DD', '', 0, 30000, 0, 435000, 399000, 891594, NULL, NULL, NULL, NULL, NULL, NULL, 1755594, 54297, 1809891, NULL, NULL, 'AGUS PRIYADI', 'N', '', 'BNI', '0289108368', '', NULL, NULL, 11, '3'),
(123, '2019-06-29', '2019-06-30', '2019-06-24 15:36:35', '846000065016', 'TRP-DD44', 'DAYA MITRA SERASI - PALEMBANG', 'Internal Expense', 'One Way', 'Ambil', 'KPU KAYU AGUNG', 'Darat', 'RIZKY', 'KAYU AGUNG', 'PALEMBANG', 'BH8381MI', '', 0, 20000, 0, 45000, 0, 54719, NULL, NULL, NULL, NULL, NULL, NULL, 119719, 3703, 123422, NULL, NULL, 'TURIMAN', 'N', '', 'BCA', '0213265919', '', NULL, NULL, 11, '3');
INSERT INTO `trx_ekspedisi` (`idekspedisi`, `tglekspedisi`, `tglsampai`, `waktu`, `no_ekspedisi`, `cmd`, `customer`, `pembebanan`, `type_ekspedisi`, `status_ekspedisi`, `alamat`, `mode_transport`, `remark`, `dari`, `tujuan`, `nopol1`, `nopol2`, `biaya_tol`, `biaya_lain`, `biaya_asdp`, `biaya_transport`, `jasa_driver`, `biaya_bbm`, `biaya_tol2`, `biaya_lain2`, `biaya_asdp2`, `biaya_transport2`, `jasa_driver2`, `biaya_bbm2`, `biaya_ekspedisi`, `pph21`, `biaya_pph21`, `nilai_adjust`, `keterangan_adjust`, `driver`, `npwp`, `email_driver`, `bank`, `norek`, `atasnama`, `no_bph`, `no_invoice`, `iduser`, `flag_transaksi`) VALUES
(124, '2019-06-29', '2019-06-30', '2019-06-26 11:09:09', '846000065367', '21091981', 'UNILEVER INDONESIA TBK.', 'Internal Expense', 'One Way', 'Ambil', 'TRAC LAMPUNG', 'Darat', 'ANDRI', 'LAMPUNG VIA BERINGIN', 'PALEMBANG', 'BG1597UC', '', 0, 20000, 0, 200000, 149000, 391715, NULL, NULL, NULL, NULL, NULL, NULL, 760715, 23527, 784242, NULL, NULL, 'TURIMAN', 'N', '', 'BCA', '0213265919', '', NULL, NULL, 11, '3'),
(125, '2019-06-29', '2019-06-30', '2019-06-26 11:24:21', '846000065368', '21081772', 'KERETA API (PERSERO)', 'Internal Expense', 'Two Way', 'Antar', 'TANJUNG ENIM', 'Darat', 'AGUS', 'PALEMBANG', 'TANJUNG ENIM', 'BG1014NI', 'BG1810UU', 0, 0, 0, 0, 24000, 180550, 0, 0, 0, 0, 0, 180550, 385100, 9874, 394974, NULL, NULL, 'EFRIANSYAH', 'Y', '', 'BCA', '0450739316', '', NULL, NULL, 11, '3'),
(126, '2019-06-29', '2019-06-30', '2019-06-26 13:26:58', '846000065425', 'TRP-DD44', 'DAYA MITRA SERASI - PALEMBANG', 'Internal Expense', 'One Way', 'Ambil', 'TANJUNG ENIM', 'Darat', 'PALEMBANG', 'TANJUNG ENIM', 'PALEMBANG', 'BG9039DK', '', 0, 20000, 0, 130000, 24000, 133257, NULL, NULL, NULL, NULL, NULL, NULL, 307257, 7878, 315135, NULL, NULL, 'RADEN', 'Y', '', 'BANK PERMATA', '4123574147', '', NULL, NULL, 11, '3'),
(127, '2019-06-29', '2019-06-30', '2019-06-26 13:31:48', '846000065427', '23335820', 'BENDAHARA SEKRETARIAT KPU', 'Internal Expense', 'Two Way', 'Antar', 'MARTAPURA', 'Darat', 'HERBAYU', 'PALEMBANG', 'MARTAPURA', 'BG1452NI', 'BG1797UU', 0, 0, 0, 0, 24000, 183690, 0, 0, 0, 0, 0, 183690, 391380, 12105, 403485, NULL, NULL, 'TURIMAN', 'N', '', 'BCA', '0213265919', '', NULL, NULL, 11, '3'),
(128, '2019-06-29', '2019-06-30', '2019-06-26 14:16:23', '846000065471', '21020485', 'BUKIT ASAM (PERSERO) TBK', 'Internal Expense', 'One Way', 'Ambil', 'LAMPUNG', 'Darat', 'FEBI', 'Tarahan ( PT. BA )', 'PALEMBANG', 'BE2725YX', '', 0, 20000, 0, 200000, 24000, 445475, NULL, NULL, NULL, NULL, NULL, NULL, 689475, 21324, 710799, NULL, NULL, 'TURIMAN', 'N', '', 'BCA', '0213265919', '', NULL, NULL, 11, '3'),
(129, '2019-06-29', '2019-06-30', '2019-06-26 14:20:58', '846000065472', '21020485', 'BUKIT ASAM (PERSERO) TBK', 'Internal Expense', 'One Way', 'Ambil', 'LAMPUNG', 'Darat', 'FEBI', 'Tarahan ( PT. BA )', 'PALEMBANG', 'BE2733YX', '', 0, 20000, 0, 200000, 24000, 445475, NULL, NULL, NULL, NULL, NULL, NULL, 689475, 17679, 707154, NULL, NULL, 'EFRIANSYAH', 'Y', '', 'BCA', '0450739316', '', NULL, NULL, 11, '3'),
(130, '2019-06-29', '2019-06-30', '2019-06-26 14:26:49', '846000065473', '21020485', 'BUKIT ASAM (PERSERO) TBK', 'Internal Expense', 'One Way', 'Ambil', 'LAMPUNG', 'Darat', 'FABIAN', 'Tarahan ( PT. BA )', 'PALEMBANG', 'BE2737YX', '', 0, 20000, 0, 200000, 24000, 445475, NULL, NULL, NULL, NULL, NULL, NULL, 689475, 21324, 710799, NULL, NULL, 'AGUS PRIYADI', 'N', '', 'BNI', '0289108368', '', NULL, NULL, 11, '3'),
(131, '2019-06-29', '2019-06-30', '2019-06-26 14:37:29', '846000065474', '21020485', 'BUKIT ASAM (PERSERO) TBK', 'Internal Expense', 'One Way', 'Ambil', 'LAMPUNG', 'Darat', 'FEBI', 'Tarahan ( PT. BA )', 'PALEMBANG', 'BE2745YX', '', 0, 20000, 0, 200000, 24000, 296984, NULL, NULL, NULL, NULL, NULL, NULL, 540984, 13871, 554855, NULL, NULL, 'RADEN', 'Y', '', 'BANK PERMATA', '4123574147', '', NULL, NULL, 11, '3'),
(132, '2019-06-29', '2019-06-30', '2019-06-26 14:43:29', '846000065475', '21020485', 'BUKIT ASAM (PERSERO) TBK', 'Internal Expense', 'One Way', 'Ambil', 'LAMPUNG', 'Darat', 'FEBI', 'Tarahan ( PT. BA )', 'PALEMBANG', 'BG1264UE', '', 0, 20000, 0, 200000, 24000, 452684, NULL, NULL, NULL, NULL, NULL, NULL, 696684, 21547, 718231, NULL, NULL, 'TURIMAN', 'N', '', 'BCA', '0213265919', '', NULL, NULL, 11, '3'),
(133, '2019-06-29', '2019-06-30', '2019-06-26 14:47:02', ' 846000065476', '21020485', 'BUKIT ASAM (PERSERO) TBK', 'Internal Expense', 'One Way', 'Ambil', 'LAMPUNG', 'Darat', 'FABIAN', 'Tarahan ( PT. BA )', 'PALEMBANG', 'BG1126NI', '', 0, 20000, 0, 200000, 24000, 452684, NULL, NULL, NULL, NULL, NULL, NULL, 696684, 17864, 714548, NULL, NULL, 'EFRIANSYAH', 'Y', '', 'BCA', '0450739316', '', NULL, NULL, 11, '3'),
(134, '2019-06-29', '2019-06-30', '2019-06-26 14:53:52', '846000065477', '21020485', 'BUKIT ASAM (PERSERO) TBK', 'Internal Expense', 'One Way', 'Ambil', 'LAMPUNG', 'Darat', 'FEBI', 'Tarahan ( PT. BA )', 'PALEMBANG', 'BG1712NQ', '', 0, 20000, 0, 200000, 24000, 452684, NULL, NULL, NULL, NULL, NULL, NULL, 696684, 21547, 718231, NULL, NULL, 'AGUS PRIYADI', 'N', '', 'BNI', '0289108368', '', NULL, NULL, 11, '3'),
(135, '2019-06-29', '2019-06-30', '2019-06-26 14:57:22', '846000065478', '21020485', 'BUKIT ASAM (PERSERO) TBK', 'Internal Expense', 'One Way', 'Ambil', 'LAMPUNG', 'Darat', 'FABIAN', 'Tarahan ( PT. BA )', 'PALEMBANG', 'BG1845NQ', '', 0, 20000, 0, 200000, 24000, 452684, NULL, NULL, NULL, NULL, NULL, NULL, 696684, 17864, 714548, NULL, NULL, 'RADEN', 'Y', '', 'BANK PERMATA', '4123574147', '', NULL, NULL, 11, '3'),
(136, '0000-00-00', '0000-00-00', '2019-06-26 15:03:01', '846000065479', '21020485', 'BUKIT ASAM (PERSERO) TBK', 'Internal Expense', 'One Way', 'Ambil', 'LAMPUNG', 'Darat', 'FEBI', 'Tarahan ( PT. BA )', 'PALEMBANG', 'BG1864NQ', '', 0, 20000, 0, 200000, 24000, 452684, NULL, NULL, NULL, NULL, NULL, NULL, 696684, 21547, 718231, NULL, NULL, 'TURIMAN', 'N', '', 'BCA', '0213265919', '', NULL, NULL, 11, '3'),
(137, '2019-06-29', '2019-06-30', '2019-06-26 15:05:43', '846000065491', '21020485', 'BUKIT ASAM (PERSERO) TBK', 'Internal Expense', 'One Way', 'Ambil', 'LAMPUNG', 'Darat', 'PALEMBANG', 'Tarahan ( PT. BA )', 'PALEMBANG', 'BG1866NQ', '', 0, 20000, 0, 200000, 24000, 452684, NULL, NULL, NULL, NULL, NULL, NULL, 696684, 17864, 714548, NULL, NULL, 'EFRIANSYAH', 'Y', '', 'BCA', '0450739316', '', NULL, NULL, 11, '3'),
(138, '2019-06-29', '2019-06-30', '2019-06-26 15:09:32', '846000065492', '21020485', 'BUKIT ASAM (PERSERO) TBK', 'Internal Expense', 'One Way', 'Ambil', 'LAMPUNG', 'Darat', 'FEBI', 'Tarahan ( PT. BA )', 'PALEMBANG', 'BG1869NQ', '', 0, 20000, 0, 200000, 24000, 452684, NULL, NULL, NULL, NULL, NULL, NULL, 696684, 21547, 718231, NULL, NULL, 'AGUS PRIYADI', 'N', '', 'BNI', '0289108368', '', NULL, NULL, 11, '3'),
(139, '2019-06-29', '2019-06-30', '2019-06-26 15:13:24', '846000065493', '21020485', 'BUKIT ASAM (PERSERO) TBK', 'Internal Expense', 'One Way', 'Ambil', 'LAMPUNG', 'Darat', 'FEBI', 'Tarahan ( PT. BA )', 'PALEMBANG', 'BG1959NQ', '', 0, 20000, 0, 200000, 24000, 452684, NULL, NULL, NULL, NULL, NULL, NULL, 696684, 17864, 714548, NULL, NULL, 'RADEN', 'Y', '', 'BANK PERMATA', '4123574147', '', NULL, NULL, 11, '3'),
(140, '2019-06-29', '2019-06-30', '2019-06-26 15:39:20', '846000065494', '21020485', 'BUKIT ASAM (PERSERO) TBK', 'Internal Expense', 'One Way', 'Antar', 'TRAC', 'Darat', 'FEBI', 'Kertapati', 'PALEMBANG', 'BG7060AO', '', 0, 20000, 0, 20000, 0, 12017, NULL, NULL, NULL, NULL, NULL, NULL, 52017, 1609, 53626, NULL, NULL, 'ERANGGA', 'N', '-', 'BRI', '343901048573532', 'FABIAN ARCHIPUS MONTARIO', NULL, NULL, 11, '3'),
(141, '2019-06-29', '2019-06-30', '2019-06-26 15:49:07', '846000065495', '21020485', 'BUKIT ASAM (PERSERO) TBK', 'Internal Expense', 'One Way', 'Ambil', 'TRAC', 'Darat', 'FEBI', 'Kertapati', 'PALEMBANG', 'BG1734UD', '', 0, 20000, 0, 20000, 0, 10815, NULL, NULL, NULL, NULL, NULL, NULL, 50815, 1572, 52387, NULL, NULL, 'FIRDAUS BIN YUSUF', 'N', '-', 'BRI', '343901048573532', 'FABIAN ARCHIPUS MONTARIO', NULL, NULL, 11, '3'),
(142, '2019-06-29', '2019-06-30', '2019-06-26 15:53:05', '58317', '21020485', 'BUKIT ASAM (PERSERO) TBK', 'Internal Expense', 'One Way', 'Antar', 'TRAC', 'Darat', 'FEBI', 'Kertapati', 'PALEMBANG', 'BG1041QY', '', 0, 20000, 0, 20000, 0, 18317, NULL, NULL, NULL, NULL, NULL, NULL, 58317, 1804, 60121, NULL, NULL, 'ERANGGA', 'N', '-', 'BRI', '343901048573532', 'FABIAN ARCHIPUS MONTARIO', NULL, NULL, 11, '3'),
(143, '2019-06-29', '2019-06-30', '2019-06-26 15:57:09', '846000065497', '21020485', 'BUKIT ASAM (PERSERO) TBK', 'Internal Expense', 'One Way', 'Antar', 'TRAC', 'Darat', 'LAMPUNG', 'Kertapati', 'PALEMBANG', 'BG1145NI', '', 0, 20000, 0, 20000, 0, 18317, NULL, NULL, NULL, NULL, NULL, NULL, 58317, 1804, 60121, NULL, NULL, 'ERANGGA', 'N', '-', 'BRI', '343901048573532', 'FABIAN ARCHIPUS MONTARIO', NULL, NULL, 11, '3'),
(144, '2019-06-29', '2019-06-30', '2019-06-26 16:01:25', '846000065498', '21020485', 'BUKIT ASAM (PERSERO) TBK', 'Internal Expense', 'One Way', 'Antar', 'TRAC', 'Darat', 'FEBI', 'Kertapati', 'PALEMBANG', 'BG1161NI', '', 0, 20000, 0, 20000, 0, 18317, NULL, NULL, NULL, NULL, NULL, NULL, 58317, 1804, 60121, NULL, NULL, 'ERANGGA', 'N', '-', 'BRI', '343901048573532', 'FABIAN ARCHIPUS MONTARIO', NULL, NULL, 11, '3'),
(145, '2019-06-29', '2019-06-30', '2019-06-26 16:08:58', '846000065499', '21020485', 'BUKIT ASAM (PERSERO) TBK', 'Internal Expense', 'One Way', 'Antar', 'TRAC', 'Darat', 'FEBI', 'Kertapati', 'PALEMBANG', 'BG1847NQ', '', 0, 20000, 0, 20000, 0, 18317, NULL, NULL, NULL, NULL, NULL, NULL, 58317, 1804, 60121, NULL, NULL, 'ERANGGA', 'N', '-', 'BRI', '343901048573532', 'FABIAN ARCHIPUS MONTARIO', NULL, NULL, 11, '3'),
(146, '2019-06-29', '2019-06-30', '2019-06-26 16:11:54', '846000065510', '21020485', 'BUKIT ASAM (PERSERO) TBK', 'Internal Expense', 'One Way', 'Antar', 'TRAC', 'Darat', 'PALEMBANG', 'Kertapati', 'PALEMBANG', 'BG1960NQ', '', 0, 20000, 0, 20000, 0, 18317, NULL, NULL, NULL, NULL, NULL, NULL, 58317, 1804, 60121, NULL, NULL, 'ERANGGA', 'N', '-', 'BRI', '343901048573532', 'FABIAN ARCHIPUS MONTARIO', NULL, NULL, 11, '3'),
(147, '2019-06-29', '2019-06-30', '2019-06-26 16:16:25', '846000065511', '21020485', 'BUKIT ASAM (PERSERO) TBK', 'Internal Expense', 'One Way', 'Ambil', 'LAMPUNG', 'Darat', 'PALEMBANG', 'Tarahan ( PT. BA )', 'PALEMBANG', 'BG1028UI', '', 0, 20000, 0, 200000, 24000, 452684, NULL, NULL, NULL, NULL, NULL, NULL, 696684, 17864, 714548, NULL, NULL, 'RADEN', 'Y', '', 'BANK PERMATA', '4123574147', '', NULL, NULL, 11, '3'),
(148, '2019-06-30', '2019-07-01', '2019-06-26 16:29:10', '846000065445', 'TRP-BA00', 'BALAI LELANG SERASI', 'Internal Expense', 'One Way', 'Antar', 'JALAN LINTAS SUMATERA', 'Darat', 'ANTAR UNIT DISPOSAL KE IBID PALEMBANG (BH1090HP)', 'JAMBI', 'PALEMBANG', 'BH1090HP', '', 0, 20000, 0, 145000, 149000, 247275, NULL, NULL, NULL, NULL, NULL, NULL, 561275, 17359, 578634, NULL, NULL, 'ANGGI SUMITRO', 'N', '-', 'PERMATA', '4124085271', 'ANGGI SUMITRO', NULL, NULL, 12, '3'),
(149, '2019-06-29', '2019-06-30', '2019-06-26 17:13:22', '846000065516', '21020485', 'BUKIT ASAM (PERSERO) TBK', 'Internal Expense', 'One Way', 'Antar', 'TJ ENIM', 'Darat', 'GINTA', 'Tanjung Enim ( PT. BA )', 'PALEMBANG', 'BG1129NI', '', 0, 20000, 0, 130000, 24000, 190145, NULL, NULL, NULL, NULL, NULL, NULL, 364145, 11262, 375407, NULL, NULL, 'ERANGGA', 'N', '-', 'BRI', '343901048573532', 'FABIAN ARCHIPUS MONTARIO', NULL, NULL, 11, '3'),
(150, '2019-06-29', '2019-06-30', '2019-06-26 17:16:32', '846000065517', '21020485', 'BUKIT ASAM (PERSERO) TBK', 'Internal Expense', 'One Way', 'Antar', 'TJ ENIM', 'Darat', 'GINTA', 'Tanjung Enim ( PT. BA )', 'PALEMBANG', 'BG1136NI', '', 0, 20000, 0, 130000, 24000, 190145, NULL, NULL, NULL, NULL, NULL, NULL, 364145, 11262, 375407, NULL, NULL, 'ERANGGA', 'N', '-', 'BRI', '343901048573532', 'FABIAN ARCHIPUS MONTARIO', NULL, NULL, 11, '3'),
(151, '2019-06-29', '2019-06-30', '2019-06-26 17:20:02', '846000065518', '21020485', 'BUKIT ASAM (PERSERO) TBK', 'Internal Expense', 'One Way', 'Antar', 'TJ ENIM', 'Darat', 'GINTA', 'Tanjung Enim ( PT. BA )', 'PALEMBANG', 'BG1141NI', '', 0, 20000, 0, 130000, 24000, 190145, NULL, NULL, NULL, NULL, NULL, NULL, 364145, 11262, 375407, NULL, NULL, 'ERANGGA', 'N', '-', 'BRI', '343901048573532', 'FABIAN ARCHIPUS MONTARIO', NULL, NULL, 11, '3'),
(152, '2019-06-29', '2019-06-30', '2019-06-26 17:23:02', '846000065540', '21020485', 'BUKIT ASAM (PERSERO) TBK', 'Internal Expense', 'One Way', 'Antar', 'TRAC', 'Darat', 'GINTA', 'Tanjung Enim ( PT. BA )', 'PALEMBANG', 'BG1150NI', '', 0, 20000, 0, 130000, 24000, 190145, NULL, NULL, NULL, NULL, NULL, NULL, 364145, 11262, 375407, NULL, NULL, 'ERANGGA', 'N', '-', 'BRI', '343901048573532', 'FABIAN ARCHIPUS MONTARIO', NULL, NULL, 11, '3'),
(153, '2019-06-29', '2019-06-30', '2019-06-26 17:26:31', '846000065541', '21020485', 'BUKIT ASAM (PERSERO) TBK', 'Internal Expense', 'One Way', 'Antar', 'TRAC', 'Darat', 'GINTA', 'Tanjung Enim ( PT. BA )', 'PALEMBANG', 'BG1721NQ', '', 0, 20000, 0, 130000, 24000, 190145, NULL, NULL, NULL, NULL, NULL, NULL, 364145, 11262, 375407, NULL, NULL, 'ERANGGA', 'N', '-', 'BRI', '343901048573532', 'FABIAN ARCHIPUS MONTARIO', NULL, NULL, 11, '3'),
(154, '2019-06-29', '2019-06-30', '2019-06-26 17:29:39', '846000065543', '21020485', 'BUKIT ASAM (PERSERO) TBK', 'Internal Expense', 'One Way', 'Antar', 'TRAC', 'Darat', 'GINTA', 'Tanjung Enim ( PT. BA )', 'PALEMBANG', 'BG1848NQ', '', 0, 20000, 0, 130000, 24000, 190145, NULL, NULL, NULL, NULL, NULL, NULL, 364145, 11262, 375407, NULL, NULL, 'ERANGGA', 'N', '-', 'BRI', '343901048573532', 'FABIAN ARCHIPUS MONTARIO', NULL, NULL, 11, '3'),
(155, '2019-06-29', '2019-06-30', '2019-06-26 17:32:31', '846000065544', '21020485', 'BUKIT ASAM (PERSERO) TBK', 'Internal Expense', 'One Way', 'Antar', 'TRAC', 'Darat', 'GINTA', 'Tanjung Enim ( PT. BA )', 'PALEMBANG', 'BG1859NQ', '', 0, 20000, 0, 130000, 24000, 190145, NULL, NULL, NULL, NULL, NULL, NULL, 364145, 11262, 375407, NULL, NULL, 'ERANGGA', 'N', '-', 'BRI', '343901048573532', 'FABIAN ARCHIPUS MONTARIO', NULL, NULL, 11, '3'),
(156, '2019-06-29', '2019-06-30', '2019-06-26 17:35:01', '846000065545', '21020485', 'BUKIT ASAM (PERSERO) TBK', 'Internal Expense', 'One Way', 'Antar', 'TRAC', 'Darat', 'GINTA', 'Tanjung Enim ( PT. BA )', 'PALEMBANG', 'BG1860NQ', '', 0, 20000, 0, 130000, 24000, 190145, NULL, NULL, NULL, NULL, NULL, NULL, 364145, 11262, 375407, NULL, NULL, 'ERANGGA', 'N', '-', 'BRI', '343901048573532', 'FABIAN ARCHIPUS MONTARIO', NULL, NULL, 11, '3'),
(157, '2019-06-29', '2019-06-30', '2019-06-26 17:38:07', '846000065546', '21020485', 'BUKIT ASAM (PERSERO) TBK', 'Internal Expense', 'One Way', 'Antar', 'TRAC', 'Darat', 'GINTA', 'Tanjung Enim ( PT. BA )', 'PALEMBANG', 'BG1950NQ', '', 0, 20000, 0, 130000, 24000, 190145, NULL, NULL, NULL, NULL, NULL, NULL, 364145, 11262, 375407, NULL, NULL, 'ERANGGA', 'N', '-', 'BRI', '343901048573532', 'FABIAN ARCHIPUS MONTARIO', NULL, NULL, 11, '3'),
(158, '2019-06-29', '2019-06-30', '2019-06-26 17:51:49', '846000065547', '21020485', 'BUKIT ASAM (PERSERO) TBK', 'Internal Expense', 'One Way', 'Antar', 'TRAC', 'Darat', 'GINTA', 'Tanjung Enim ( PT. BA )', 'PALEMBANG', 'BG1954NQ', '', 0, 20000, 0, 130000, 24000, 190145, NULL, NULL, NULL, NULL, NULL, NULL, 364145, 11262, 375407, NULL, NULL, 'ERANGGA', 'N', '-', 'BRI', '343901048573532', 'FABIAN ARCHIPUS MONTARIO', NULL, NULL, 11, '3'),
(159, '2019-06-29', '2019-06-30', '2019-06-26 18:40:31', '846000065548', '21020485', 'BUKIT ASAM (PERSERO) TBK', 'Internal Expense', 'One Way', 'Ambil', 'TANJUNG', 'Darat', 'GINTA', 'Tanjung Enim ( PT. BA )', 'PALEMBANG', 'BG7001AO', '', 0, 20000, 0, 130000, 24000, 124745, NULL, NULL, NULL, NULL, NULL, NULL, 298745, 9240, 307985, NULL, NULL, 'ERANGGA', 'N', '-', 'BRI', '343901048573532', 'FABIAN ARCHIPUS MONTARIO', NULL, NULL, 11, '3'),
(160, '0000-00-00', '0000-00-00', '2019-06-26 18:42:29', '846000065549', '21020485', 'BUKIT ASAM (PERSERO) TBK', 'Internal Expense', 'One Way', 'Antar', 'TANJUNG', 'Darat', 'GINTA', 'Tanjung Enim ( PT. BA )', 'PALEMBANG', 'BG7002AO', '', 0, 20000, 0, 130000, 24000, 124745, NULL, NULL, NULL, NULL, NULL, NULL, 298745, 9240, 307985, NULL, NULL, 'ERANGGA', 'N', '-', 'BRI', '343901048573532', 'FABIAN ARCHIPUS MONTARIO', NULL, NULL, 11, '3'),
(161, '2019-06-29', '2019-06-30', '2019-06-26 18:44:12', '846000065570', '21020485', 'BUKIT ASAM (PERSERO) TBK', 'Internal Expense', 'One Way', 'Antar', 'TANJUNG', 'Darat', 'GINTA', 'Tanjung Enim ( PT. BA )', 'PALEMBANG', 'BG7003AO', '', 0, 20000, 0, 130000, 24000, 124745, NULL, NULL, NULL, NULL, NULL, NULL, 298745, 9240, 307985, NULL, NULL, 'ERANGGA', 'N', '-', 'BRI', '343901048573532', 'FABIAN ARCHIPUS MONTARIO', NULL, NULL, 11, '3'),
(162, '2019-06-29', '2019-06-30', '2019-06-26 18:45:35', '846000065571', '21020485', 'BUKIT ASAM (PERSERO) TBK', 'Internal Expense', 'One Way', 'Antar', 'TANJUNG', 'Darat', 'GINTA', 'Tanjung Enim ( PT. BA )', 'PALEMBANG', 'BG7013AO', '', 0, 20000, 0, 130000, 24000, 124745, NULL, NULL, NULL, NULL, NULL, NULL, 298745, 9240, 307985, NULL, NULL, 'ERANGGA', 'N', '-', 'BRI', '343901048573532', 'FABIAN ARCHIPUS MONTARIO', NULL, NULL, 11, '3'),
(163, '2019-06-29', '2019-06-30', '2019-06-26 18:56:00', '846000065572', '21020485', 'BUKIT ASAM (PERSERO) TBK', 'Internal Expense', 'One Way', 'Antar', 'TANJUNG ENIM', 'Darat', 'GINTA', 'Tanjung Enim ( PT. BA )', 'PALEMBANG', 'BG1148AL', '', 0, 20000, 0, 130000, 24000, 213913, NULL, NULL, NULL, NULL, NULL, NULL, 387913, 11997, 399910, NULL, NULL, 'ERANGGA', 'N', '-', 'BRI', '343901048573532', 'FABIAN ARCHIPUS MONTARIO', NULL, NULL, 11, '3'),
(164, '2019-06-29', '2019-06-30', '2019-06-26 18:57:03', '846000065573', '21020485', 'BUKIT ASAM (PERSERO) TBK', 'Internal Expense', 'One Way', 'Antar', 'TANJUNG', 'Darat', 'GINTA', 'Tanjung Enim ( PT. BA )', 'PALEMBANG', 'BG1485AJ', '', 0, 20000, 0, 130000, 24000, 213913, NULL, NULL, NULL, NULL, NULL, NULL, 387913, 11997, 399910, NULL, NULL, 'ERANGGA', 'N', '-', 'BRI', '343901048573532', 'FABIAN ARCHIPUS MONTARIO', NULL, NULL, 11, '3'),
(165, '2019-06-29', '2019-06-30', '2019-06-26 18:58:14', '846000065574', '21020485', 'BUKIT ASAM (PERSERO) TBK', 'Internal Expense', 'One Way', 'Antar', 'TANJUNG ENIM', 'Darat', 'GINTA', 'Tanjung Enim ( PT. BA )', 'PALEMBANG', 'BG1509AK', '', 0, 20000, 0, 130000, 24000, 213913, NULL, NULL, NULL, NULL, NULL, NULL, 387913, 11997, 399910, NULL, NULL, 'ERANGGA', 'N', '-', 'BRI', '343901048573532', 'FABIAN ARCHIPUS MONTARIO', NULL, NULL, 11, '3'),
(166, '2019-06-29', '2019-06-30', '2019-06-26 19:04:58', '846000065575', '21020485', 'BUKIT ASAM (PERSERO) TBK', 'Internal Expense', 'One Way', 'Antar', 'TANJUNG', 'Darat', 'GINTA', 'Tanjung Enim ( PT. BA )', 'PALEMBANG', 'BG8518DE', '', 0, 20000, 0, 130000, 24000, 374234, NULL, NULL, NULL, NULL, NULL, NULL, 548234, 16956, 565190, NULL, NULL, 'ERANGGA', 'N', '-', 'BRI', '343901048573532', 'FABIAN ARCHIPUS MONTARIO', NULL, NULL, 11, '3'),
(167, '2019-06-29', '2019-06-30', '2019-06-26 19:07:21', '846000065576', '21020485', 'BUKIT ASAM (PERSERO) TBK', 'Internal Expense', 'One Way', 'Antar', 'TANJUNG', 'Darat', 'PALEMBANG', 'Tanjung Enim ( PT. BA )', 'PALEMBANG', 'BG8519DE', '', 0, 20000, 0, 130000, 24000, 374234, NULL, NULL, NULL, NULL, NULL, NULL, 548234, 16956, 565190, NULL, NULL, 'ERANGGA', 'N', '-', 'BRI', '343901048573532', 'FABIAN ARCHIPUS MONTARIO', NULL, NULL, 11, '3'),
(168, '2019-07-01', '2019-07-02', '2019-06-28 15:23:36', '846000065658', '21081772', 'KERETA API (PERSERO)', 'Internal Expense', 'Two Way', 'Antar', 'TANJUNG ENIM', 'Darat', 'GINTA', 'PALEMBANG', 'TANJUNG ENIM', 'BG1810UU', 'BG1959NQ', 0, 0, 0, 0, 24000, 180550, 0, 0, 0, 0, 0, 180550, 385100, 9874, 394974, NULL, NULL, 'RADEN', 'Y', '', 'BANK PERMATA', '4123574147', '', NULL, NULL, 11, '3'),
(169, '2019-07-01', '2019-07-02', '2019-06-28 15:30:28', '846000065880', 'TRP-DD44', 'DAYA MITRA SERASI - PALEMBANG', 'Internal Expense', 'One Way', 'Antar', 'TRAC PEKANBARU B1946UYO', 'Darat', 'JUMADI', 'PALEMBANG', 'PEKANBARU', 'B1964UYO', '', 0, 20000, 0, 320000, 274000, 636723, NULL, NULL, NULL, NULL, NULL, NULL, 1250723, 38682, 1289405, NULL, NULL, 'AGUS PRIYADI', 'N', '', 'BNI', '0289108368', '', NULL, NULL, 11, '3'),
(170, '2019-07-01', '2019-07-02', '2019-06-28 16:27:13', '846000065882', 'TRP-DD44', 'DAYA MITRA SERASI - PALEMBANG', 'Internal Expense', 'One Way', 'Antar', 'CILEGON', 'Darat', 'DHITO', 'PALEMBANG', 'CILEGON', 'BG1711UF', '', 68000, 15000, 374000, 285000, 149000, 394070, NULL, NULL, NULL, NULL, NULL, NULL, 1285070, 39744, 1324814, NULL, NULL, 'AGUS PRIYADI', 'N', '', 'BNI', '0289108368', '', NULL, NULL, 11, '3'),
(171, '2019-07-01', '2019-07-02', '2019-06-28 16:31:43', '846000065883', 'TRP-DD44', 'DAYA MITRA SERASI - PALEMBANG', 'Internal Expense', 'One Way', 'Antar', 'CILEGON', 'Darat', 'DHITO', 'CILEGON', 'PALEMBANG', 'BG1709UF', '', 68000, 15000, 374000, 285000, 149000, 394070, NULL, NULL, NULL, NULL, NULL, NULL, 1285070, 39744, 1324814, NULL, NULL, 'TURIMAN', 'N', '', 'BCA', '0213265919', '', NULL, NULL, 11, '3'),
(172, '2019-07-01', '2019-07-02', '2019-06-28 16:34:28', '846000065884', 'TRP-DD44', 'DAYA MITRA SERASI - PALEMBANG', 'Internal Expense', 'One Way', 'Antar', 'CILEGON', 'Darat', 'DHITO', 'CILEGON', 'PALEMBANG', 'BG1713UF', '', 68000, 15000, 374000, 285000, 149000, 394070, NULL, NULL, NULL, NULL, NULL, NULL, 1285070, 32951, 1318021, NULL, NULL, 'EFRIANSYAH', 'Y', '', 'BCA', '0450739316', '', NULL, NULL, 11, '3'),
(173, '2019-07-01', '2019-07-02', '2019-06-28 16:38:46', ' 846000065885', 'TRP-DD44', 'DAYA MITRA SERASI - PALEMBANG', 'Internal Expense', 'One Way', 'Antar', 'CELEGON', 'Darat', 'DHITO', 'CILEGON', 'PALEMBANG', 'BG1041UG', '', 68000, 15000, 374000, 285000, 149000, 394070, NULL, NULL, NULL, NULL, NULL, NULL, 1285070, 32951, 1318021, NULL, NULL, 'RADEN', 'Y', '', 'BANK PERMATA', '4123574147', '', NULL, NULL, 11, '3'),
(174, '2019-07-01', '2019-07-02', '2019-06-28 16:46:52', '846000065886', 'TRP-DD44', 'DAYA MITRA SERASI - PALEMBANG', 'Internal Expense', 'One Way', 'Antar', 'CILEGON', 'Darat', 'DHITO', 'CILEGON', 'PALEMBANG', 'B1101NWK', '', 68000, 15000, 374000, 285000, 149000, 394070, NULL, NULL, NULL, NULL, NULL, NULL, 1285070, 39744, 1324814, NULL, NULL, 'AGUS PRIYADI', 'N', '', 'BNI', '0289108368', '', NULL, NULL, 11, '3'),
(175, '2019-07-01', '2019-07-02', '2019-06-28 17:05:15', '846000065932', '23335820', 'BENDAHARA SEKRETARIAT KPU', 'Internal Expense', 'Two Way', 'Antar', 'MUARATARA', 'Darat', 'RIZKY', 'PALEMBANG', 'MUARATARA', 'BA1835OW', 'B1101NWK', 0, 0, 0, 0, 149000, 222940, 0, 0, 0, 0, 0, 222940, 594880, 18398, 613278, NULL, NULL, 'TURIMAN', 'N', '', 'BCA', '0213265919', '', NULL, NULL, 11, '3'),
(176, '2019-07-01', '2019-07-02', '2019-06-28 17:11:05', '846000065933', '12000050', 'UNITED TRACTORS, TBK.', 'Internal Expense', 'One Way', 'Ambil', 'TANJUNG ENIM', 'Darat', 'PALEMBANG', 'PALEMBANG', 'TANJUNG ENIM', 'BG9050NM', '', 0, 20000, 0, 130000, 24000, 133257, NULL, NULL, NULL, NULL, NULL, NULL, 307257, 9503, 316760, NULL, NULL, 'TURIMAN', 'N', '', 'BCA', '0213265919', '', NULL, NULL, 11, '3'),
(177, '2019-07-01', '2019-07-02', '2019-07-01 17:08:53', '846000066068', '11000301', 'FEDERAL INTERNATIONAL FIN', 'Internal Expense', 'Two Way', 'Antar', 'PRABU', 'Darat', 'AGUS', 'PALEMBANG', 'PRABUMULIH', 'BG9741NR', 'B1473NOR', 0, 0, 0, 0, 0, 83734, 0, 0, 0, 0, 0, 75360, 159094, 4920, 164014, NULL, NULL, 'AGUS PRIYADI', 'N', '', 'BNI', '0289108368', '', NULL, NULL, 11, '3'),
(181, '2019-07-04', '2019-07-05', '2019-07-04 08:54:17', '846000066620', 'TRP-BA00', 'BALAI LELANG SERASI', 'Internal Expense', 'One Way', 'Antar', 'JALAN SOEKARNO HATTA PALEMBANG', 'Darat', 'ANTAR UNIT DISPOSAL KE IBID PALEMBANG', 'JAMBI', 'PALEMBANG', 'BH1090HP', '', 0, 20000, 0, 145000, 149000, 247275, NULL, NULL, NULL, NULL, NULL, NULL, 561275, 17359, 578634, NULL, NULL, 'ANGGI SUMITRO', 'N', '-', 'PERMATA', '4124085271', 'ANGGI SUMITRO', NULL, NULL, 12, '3'),
(182, '2019-07-15', '2019-07-16', '2019-07-04 14:28:33', '846000066718', '21091583', 'HANJAYA MANDALA SAMPOERNA', 'Internal Expense', 'One Way', 'Ambil', 'LAHAT', 'Darat', 'AGUS', 'LAHAT', 'PALEMBANG', 'BE2045YY', '', 0, 20000, 0, 90000, 24000, 178195, NULL, NULL, NULL, NULL, NULL, NULL, 312195, 8005, 320200, NULL, NULL, 'EFRIANSYAH', 'Y', '', 'BCA', '0450739316', '', NULL, NULL, 11, '3'),
(183, '2019-07-15', '2019-07-16', '2019-07-04 14:33:13', '846000066760', '21091583', 'HANJAYA MANDALA SAMPOERNA', 'Internal Expense', 'One Way', 'Ambil', 'KAYU AGUNG', 'Darat', 'PALEMBANG', 'KAYU AGUNG', 'PALEMBANG', 'BG1190AA', '', 0, 20000, 0, 45000, 0, 66725, NULL, NULL, NULL, NULL, NULL, NULL, 131725, 4074, 135799, NULL, NULL, 'TURIMAN', 'N', '', 'BCA', '0213265919', '', NULL, NULL, 11, '3'),
(184, '2019-07-15', '2019-07-16', '2019-07-04 14:42:09', '846000066762', '21091583', 'HANJAYA MANDALA SAMPOERNA', 'Internal Expense', 'One Way', 'Antar', 'LAHAT', 'Darat', 'AGUS', 'PALEMBANG', 'LAHAT', 'baru091424', '', 0, 20000, 0, 90000, 24000, 194842, NULL, NULL, NULL, NULL, NULL, NULL, 328842, 10170, 339012, NULL, NULL, 'TURIMAN', 'N', '', 'BCA', '0213265919', '', NULL, NULL, 11, '3'),
(185, '2019-07-15', '2019-07-16', '2019-07-04 14:48:44', '846000065815', 'TRP-DD44', 'DAYA MITRA SERASI - PALEMBANG', 'Internal Expense', 'One Way', 'Ambil', 'CIKARANG', 'Darat', 'DAVID', 'CIKARANG', 'PALEMBANG', 'B9416FCI', '', 73500, 35000, 374000, 285000, 149000, 546360, NULL, NULL, NULL, NULL, NULL, NULL, 1462860, 37509, 1500369, NULL, NULL, 'EFRIANSYAH', 'Y', '', 'BCA', '0450739316', '', NULL, NULL, 11, '3'),
(186, '2019-07-15', '2019-07-16', '2019-07-04 15:19:49', '846000066768', '21020485', 'BUKIT ASAM (PERSERO) TBK', 'Internal Expense', 'One Way', 'Ambil', 'LAMPUNG', 'Darat', 'ANDRI', 'LAMPUNG VIA BERINGIN', 'PALEMBANG', 'BE2725YX', '', 0, 20000, 0, 200000, 149000, 428309, NULL, NULL, NULL, NULL, NULL, NULL, 797309, 24659, 821968, NULL, NULL, 'TURIMAN', 'N', '', 'BCA', '0213265919', '', NULL, NULL, 11, '3'),
(187, '2019-07-15', '2019-07-16', '2019-07-04 15:28:55', '846000066769', '21010131', 'KOPERASI CERMAT BANK SUMS', 'Internal Expense', 'Two Way', 'Antar', 'MARTAPURA', 'Darat', 'JULIANSYAH', 'PALEMBANG', 'MARTAPURA', 'BG1954NQ', 'BG1495RP', 0, 0, 0, 0, 24000, 204100, 0, 0, 0, 0, 0, 150638, 378738, 9711, 388449, NULL, NULL, 'LEYDER SIMANIHURUK', 'Y', '', 'BCA', '0213342590', '', NULL, NULL, 11, '3'),
(188, '2019-07-15', '2019-07-16', '2019-07-04 15:35:58', '846000066801', '21020485', 'BUKIT ASAM (PERSERO) TBK', 'Internal Expense', 'One Way', 'Ambil', 'LAMPUNG', 'Darat', 'ANDRI', 'LAMPUNG VIA BERINGIN', 'PALEMBANG', 'BE2733YX', '', 0, 20000, 0, 200000, 149000, 428309, NULL, NULL, NULL, NULL, NULL, NULL, 797309, 20444, 817753, NULL, NULL, 'RADEN', 'Y', '', 'BANK PERMATA', '4123574147', '', NULL, NULL, 11, '3'),
(189, '2019-07-15', '2019-07-16', '2019-07-04 15:39:41', '846000066804', '21020485', 'BUKIT ASAM (PERSERO) TBK', 'Internal Expense', 'One Way', 'Ambil', 'LAMPUNG', 'Darat', 'TURIMAN', 'LAMPUNG VIA BERINGIN', 'PALEMBANG', 'BE2737YX', '', 0, 20000, 0, 200000, 149000, 428309, NULL, NULL, NULL, NULL, NULL, NULL, 797309, 24659, 821968, NULL, NULL, 'AGUS PRIYADI', 'N', '', 'BNI', '0289108368', '', NULL, NULL, 11, '3'),
(190, '2019-07-15', '2019-07-16', '2019-07-04 15:56:52', '846000066806', '21020485', 'BUKIT ASAM (PERSERO) TBK', 'Internal Expense', 'One Way', 'Ambil', 'LAMPUNG', 'Darat', 'ANDRI', 'LAMPUNG VIA BERINGIN', 'PALEMBANG', 'BG1264UE', '', 0, 20000, 0, 200000, 149000, 435239, NULL, NULL, NULL, NULL, NULL, NULL, 804239, 20622, 824861, NULL, NULL, 'EFRIANSYAH', 'Y', '', 'BCA', '0450739316', '', NULL, NULL, 11, '3'),
(191, '2019-07-15', '2019-07-16', '2019-07-04 16:01:09', '846000066809', '21020485', 'BUKIT ASAM (PERSERO) TBK', 'Internal Expense', 'One Way', 'Ambil', 'LAMPUNG', 'Darat', 'DARAT', 'LAMPUNG VIA BERINGIN', 'PALEMBANG', 'BG1845NQ', '', 0, 20000, 0, 200000, 149000, 435239, NULL, NULL, NULL, NULL, NULL, NULL, 804239, 24873, 829112, NULL, NULL, 'TURIMAN', 'N', '', 'BCA', '0213265919', '', NULL, NULL, 11, '3'),
(192, '2019-07-15', '2019-07-16', '2019-07-04 16:04:47', '846000066821', 'TRP-DD44', 'DAYA MITRA SERASI - PALEMBANG', 'Internal Expense', 'One Way', 'Ambil', 'LAMPUNG', 'Darat', 'ANDRI', 'LAMPUNG VIA BERINGIN', 'PALEMBANG', 'BG1864NQ', '', 0, 20000, 0, 200000, 149000, 435239, NULL, NULL, NULL, NULL, NULL, NULL, 804239, 20622, 824861, NULL, NULL, 'RADEN', 'Y', '', 'BANK PERMATA', '4123574147', '', NULL, NULL, 11, '3'),
(193, '2019-07-15', '2019-07-16', '2019-07-04 16:08:38', '846000066822', '21020485', 'BUKIT ASAM (PERSERO) TBK', 'Internal Expense', 'One Way', 'Ambil', 'LAMPUNG', 'Darat', 'ANDRI', 'LAMPUNG VIA BERINGIN', 'PALEMBANG', 'BG1866NQ', '', 0, 20000, 0, 200000, 149000, 435239, NULL, NULL, NULL, NULL, NULL, NULL, 804239, 24873, 829112, NULL, NULL, 'AGUS PRIYADI', 'N', '', 'BNI', '0289108368', '', NULL, NULL, 11, '3'),
(194, '2019-07-15', '2019-07-16', '2019-07-04 16:11:14', '846000066823', '21020485', 'BUKIT ASAM (PERSERO) TBK', 'Internal Expense', 'One Way', 'Ambil', 'LAMPUNG', 'Darat', 'ANDRI', 'LAMPUNG VIA BERINGIN', 'PALEMBANG', 'BG1869NQ', '', 0, 20000, 0, 200000, 149000, 435239, NULL, NULL, NULL, NULL, NULL, NULL, 804239, 24873, 829112, NULL, NULL, 'TURIMAN', 'N', '', 'BCA', '0213265919', '', NULL, NULL, 11, '3'),
(195, '2019-07-15', '2019-07-16', '2019-07-04 16:13:30', '846000066824', '21020485', 'BUKIT ASAM (PERSERO) TBK', 'Internal Expense', 'One Way', 'Ambil', 'LAMPUNG', 'Darat', 'ANDRI', 'LAMPUNG VIA BERINGIN', 'PALEMBANG', 'BG1959NQ', '', 0, 20000, 0, 200000, 149000, 435239, NULL, NULL, NULL, NULL, NULL, NULL, 804239, 20622, 824861, NULL, NULL, 'EFRIANSYAH', 'Y', '', 'BCA', '0450739316', '', NULL, NULL, 11, '3'),
(196, '2019-07-15', '2019-07-16', '2019-07-04 16:15:53', '846000066825', '21020485', 'BUKIT ASAM (PERSERO) TBK', 'Internal Expense', 'One Way', 'Ambil', 'LAMPUNG', 'Darat', 'ANDRI', 'LAMPUNG VIA BERINGIN', 'PALEMBANG', 'BG1028UI', '', 0, 20000, 0, 200000, 149000, 435239, NULL, NULL, NULL, NULL, NULL, NULL, 804239, 20622, 824861, NULL, NULL, 'LEYDER SIMANIHURUK', 'Y', '', 'BCA', '0213342590', '', NULL, NULL, 11, '3'),
(197, '2019-07-10', '2019-07-10', '2019-07-05 09:17:36', '846000066209', '23335820', 'BENDAHARA SEKRETARIAT KPU', 'Internal Expense', 'One Way', 'Ambil', 'JL. JENDRAL SUDIRMAN KM. 1', 'Darat', 'AMBIL UNIT BACK KPU BULIAN BG1704UU JAMBI-BULIAN 1 WAY', 'JAMBI', 'MUARA BULIAN', 'BG1704UU', '', 0, 20000, 0, 50000, 0, 50240, NULL, NULL, NULL, NULL, NULL, NULL, 120240, 3719, 123959, NULL, NULL, 'ONDAPI SARION', 'N', '', 'MANDIRI', '1120012967449', 'ONDAPI SARION', NULL, NULL, 12, '3'),
(198, '2019-07-10', '2019-07-11', '2019-07-05 09:21:15', '846000066250', '21468663', 'SEKRETARIAT KPU KAB. BUNG', 'Internal Expense', 'One Way', 'Ambil', 'JL.M SAIDI NO.662 MUARO BUNGO', 'Darat', 'EXPEDISI AMBIL UNIT BACK KPU BUNGO BA1719OW JAMBI-BUNGO 1 WAY', 'JAMBI', 'MUARA BUNGO', 'BA1719OW', '', 0, 20000, 0, 100000, 149000, 210380, NULL, NULL, NULL, NULL, NULL, NULL, 479380, 14826, 494206, NULL, NULL, 'ONDAPI SARION', 'N', '', 'MANDIRI', '1120012967449', 'ONDAPI SARION', NULL, NULL, 12, '3'),
(199, '2019-07-12', '2019-07-14', '2019-07-05 09:23:26', '846000066252', 'TRP-BA00', 'BALAI LELANG SERASI', 'Internal Expense', 'One Way', 'Antar', 'JL. SOEKARNO HATTA KM.9 NO.46 PEKANBARU', 'Darat', 'ANTAR UNIT DISPOSAL BE2460YU JAMBI-PEKANBARU 1 WAY', 'JAMBI', 'PEKANBARU', 'BE2460YU', '', 0, 20000, 0, 240000, 149000, 457917, NULL, NULL, NULL, NULL, NULL, NULL, 866917, 26812, 893729, NULL, NULL, 'ONDAPI SARION', 'N', '', 'MANDIRI', '1120012967449', 'ONDAPI SARION', NULL, NULL, 12, '3'),
(200, '2019-07-15', '2019-07-16', '2019-07-05 16:43:29', '846000066963', 'TRP-DD44', 'DAYA MITRA SERASI - PALEMBANG', 'Internal Expense', 'One Way', 'Antar', 'IBID', 'Darat', 'RAMSES', 'PALEMBANG', 'JAKARTA', 'BG1509AK', '', 68000, 15000, 374000, 285000, 149000, 588750, NULL, NULL, NULL, NULL, NULL, NULL, 1479750, 37942, 1517692, NULL, NULL, 'LEYDER SIMANIHURUK', 'Y', '', 'BCA', '0213342590', '', NULL, NULL, 11, '3'),
(201, '2019-07-15', '2019-07-16', '2019-07-05 16:47:34', '846000066964', 'TRP-DD44', 'DAYA MITRA SERASI - PALEMBANG', 'Internal Expense', 'One Way', 'Antar', 'JAKARTA', 'Darat', 'RAMSES', 'PALEMBANG', 'JAKARTA', 'BG1148AL', '', 68000, 15000, 374000, 285000, 149000, 588750, NULL, NULL, NULL, NULL, NULL, NULL, 1479750, 37942, 1517692, NULL, NULL, 'EFRIANSYAH', 'Y', '', 'BCA', '0450739316', '', NULL, NULL, 11, '3'),
(202, '2019-07-15', '2019-07-16', '2019-07-05 16:49:40', '846000066965', 'TRP-DD44', 'DAYA MITRA SERASI - PALEMBANG', 'Internal Expense', 'One Way', 'Antar', 'JAKARTA', 'Darat', 'RAMSES', 'PALEMBANG', 'JAKARTA', 'BG1485AJ', '', 68000, 15000, 374000, 285000, 149000, 588750, NULL, NULL, NULL, NULL, NULL, NULL, 1479750, 37942, 1517692, NULL, NULL, 'RADEN', 'Y', '', 'BANK PERMATA', '4123574147', '', NULL, NULL, 11, '3'),
(203, '2019-07-15', '2019-07-16', '2019-07-05 17:27:33', '846000066966', 'TRP-DD44', 'DAYA MITRA SERASI - PALEMBANG', 'Internal Expense', 'One Way', 'Antar', 'BATURAJA', 'Darat', 'RIZKY', 'PALEMBANG', 'BATURAJA', 'BG8326ID', '', 0, 20000, 0, 80000, 24000, 161710, NULL, NULL, NULL, NULL, NULL, NULL, 285710, 8836, 294546, NULL, NULL, 'AGUS PRIYADI', 'N', '', 'BNI', '0289108368', '', NULL, NULL, 11, '3'),
(204, '2019-07-15', '2019-07-16', '2019-07-05 17:29:34', '846000066967', '21012195', 'KPU EMPAT LAWANG', 'Internal Expense', 'Two Way', 'Antar', 'MARTAPURA', 'Darat', 'RIZKY', 'PALEMBANG', 'MARTAPURA', 'BG1797UU', 'B1563NOR', 0, 0, 0, 0, 24000, 183690, 0, 0, 0, 0, 0, 183690, 391380, 12105, 403485, NULL, NULL, 'TURIMAN', 'N', '', 'BCA', '0213265919', '', NULL, NULL, 11, '3'),
(205, '2019-07-12', '2019-07-13', '2019-07-08 15:32:28', '846000067025', 'TRP-BA00', 'BALAI LELANG SERASI', 'Internal Expense', 'One Way', 'Antar', 'JALAN LINTAS SUMATERA PALEMBANG', 'Darat', 'ANTAR UNIT DISPOSAL KE IBID PALEMBANG', 'JAMBI', 'PALEMBANG', 'BG9686NW', '', 0, 20000, 0, 145000, 149000, 202782, NULL, NULL, NULL, NULL, NULL, NULL, 516782, 15983, 532765, NULL, NULL, 'DEDE SUSANTO', 'N', '', 'PERMATA', '4108717545', 'DEDE SUSANTO', NULL, NULL, 12, '3'),
(206, '2019-07-19', '2019-07-20', '2019-07-09 09:15:34', '846000067343', '21098108', 'TANGKAS CIPTA OPTIMAL', 'Internal Expense', 'One Way', 'Ambil', 'JALAN RAYA KOTA PEKANBARU', 'Darat', 'AMBIL UNIT BACK SEWA CUSTOMER\r\n', 'PEKANBARU', 'JAMBI', 'B1040NWK', '', 0, 20000, 0, 240000, 149000, 412125, NULL, NULL, NULL, NULL, NULL, NULL, 821125, 25396, 846521, NULL, NULL, 'PANJI KRIS HARYANTO', 'N', '', 'MANDIRI', '1110006193912', 'PANJI KRIS HARYANTO', NULL, NULL, 12, '3'),
(207, '2019-07-12', '2019-07-13', '2019-07-10 10:45:42', '846000067592', '23335820', 'BENDAHARA SEKRETARIAT KPU', 'Internal Expense', 'One Way', 'Ambil', 'MARTAPURA', 'Darat', 'SUDIRNO', 'MARTAPURA', 'PALEMBANG', 'BA1965OW', '', 0, 20000, 0, 90000, 24000, 183690, NULL, NULL, NULL, NULL, NULL, NULL, 317690, 8146, 325836, NULL, NULL, 'RADEN', 'Y', '', 'BANK PERMATA', '4123574147', '', NULL, NULL, 11, '3'),
(208, '2019-07-22', '2019-07-23', '2019-07-10 11:07:40', '846000067593', 'TRP-DD44', 'DAYA MITRA SERASI - PALEMBANG', 'Internal Expense', 'One Way', 'Antar', 'TRAC', 'Darat', 'PALEMBANG', 'PALEMBANG', 'PEKANBARU', 'BM1990NJ', '', 0, 20000, 0, 320000, 274000, 573050, NULL, NULL, NULL, NULL, NULL, NULL, 1187050, 30437, 1217487, NULL, NULL, 'LEYDER SIMANIHURUK', 'Y', '', 'BCA', '0213342590', '', NULL, NULL, 11, '3'),
(209, '2019-07-22', '2019-07-23', '2019-07-10 11:11:40', '846000067594', 'TRP-DD44', 'DAYA MITRA SERASI - PALEMBANG', 'Internal Expense', 'One Way', 'Antar', 'TRAC', 'Darat', 'JUMADI', 'PALEMBANG', 'PEKANBARU', 'BG1886RE', '', 0, 20000, 0, 320000, 274000, 573050, NULL, NULL, NULL, NULL, NULL, NULL, 1187050, 36713, 1223763, NULL, NULL, 'TURIMAN', 'N', '', 'BCA', '0213265919', '', NULL, NULL, 11, '3'),
(210, '2019-07-22', '2019-07-23', '2019-07-10 11:17:28', '846000067595', 'TRP-DD44', 'DAYA MITRA SERASI - PALEMBANG', 'Internal Expense', 'One Way', 'Antar', 'TRAC', 'Darat', 'JUMADI', 'PALEMBANG', 'PEKANBARU', 'BG1635UQ', '', 0, 20000, 0, 320000, 274000, 573050, NULL, NULL, NULL, NULL, NULL, NULL, 1187050, 30437, 1217487, NULL, NULL, 'RADEN', 'Y', '', 'BANK PERMATA', '4123574147', '', NULL, NULL, 11, '3'),
(211, '2019-07-22', '2019-07-23', '2019-07-10 11:20:02', '846000067596', 'TRP-DD44', 'DAYA MITRA SERASI - PALEMBANG', 'Internal Expense', 'One Way', 'Antar', 'TRAC', 'Darat', 'JUMADI', 'PALEMBANG', 'PEKANBARU', 'BA1965OW', '', 0, 20000, 0, 320000, 274000, 573050, NULL, NULL, NULL, NULL, NULL, NULL, 1187050, 36713, 1223763, NULL, NULL, 'AGUS PRIYADI', 'N', '', 'BNI', '0289108368', '', NULL, NULL, 11, '3'),
(212, '2019-07-22', '2019-07-23', '2019-07-10 13:59:43', '846000067626', 'TRP-DD44', 'DAYA MITRA SERASI - PALEMBANG', 'Internal Expense', 'One Way', 'Antar', 'TRAC', 'Darat', 'JUMADI', 'PALEMBANG', 'PEKANBARU', 'BG1719UU', '', 0, 20000, 0, 320000, 274000, 573050, NULL, NULL, NULL, NULL, NULL, NULL, 1187050, 30437, 1217487, NULL, NULL, 'EFRIANSYAH', 'Y', '', 'BCA', '0450739316', '', NULL, NULL, 11, '3'),
(213, '2019-07-22', '2019-07-23', '2019-07-10 14:03:09', '846000067627', '21089957', 'INBISCO NIAGATAMA SEMESTA', 'Internal Expense', 'One Way', 'Ambil', 'LAHAT', 'Darat', 'OKTOU', 'LAHAT', 'PALEMBANG', 'BG1695ZA', '', 0, 20000, 0, 90000, 24000, 178195, NULL, NULL, NULL, NULL, NULL, NULL, 312195, 8005, 320200, NULL, NULL, 'LEYDER SIMANIHURUK', 'Y', '', 'BCA', '0213342590', '', NULL, NULL, 11, '3'),
(215, '2019-07-22', '2019-07-23', '2019-07-11 13:49:48', '846000067867', '12000050', 'UNITED TRACTORS, TBK.', 'Internal Expense', 'One Way', 'Ambil', 'TRAC TANJUNG', 'Darat', 'GINTA', 'TANJUNG ENIM', 'PALEMBANG', 'BG9021NT', '', 0, 20000, 0, 130000, 24000, 133257, NULL, NULL, NULL, NULL, NULL, NULL, 307257, 7878, 315135, NULL, NULL, 'LEYDER SIMANIHURUK', 'Y', '', 'BCA', '0213342590', '', NULL, NULL, 11, '3'),
(216, '2019-07-24', '2019-07-25', '2019-07-11 13:55:05', '846000067869', '12000050', 'UNITED TRACTORS, TBK.', 'Internal Expense', 'One Way', 'Antar', 'TRAC TANJUNG ENIM', 'Darat', 'GINTA', 'PALEMBANG', 'TANJUNG ENIM', 'BG9021NT', '', 0, 20000, 0, 130000, 24000, 133257, NULL, NULL, NULL, NULL, NULL, NULL, 307257, 7878, 315135, NULL, NULL, 'EFRIANSYAH', 'Y', '', 'BCA', '0450739316', '', NULL, NULL, 11, '3'),
(217, '2019-07-22', '2019-07-23', '2019-07-11 14:02:06', '846000067871', 'TRP-DD44', 'DAYA MITRA SERASI - PALEMBANG', 'Internal Expense', 'One Way', 'Antar', 'TRAC CIKARANG', 'Darat', 'WIDODO', 'PALEMBANG', 'CIKARANG', 'BG1860NQ', '', 73500, 35000, 374000, 285000, 149000, 607067, NULL, NULL, NULL, NULL, NULL, NULL, 1523567, 47121, 1570688, NULL, NULL, 'TURIMAN', 'N', '', 'BCA', '0213265919', '', NULL, NULL, 11, '3'),
(218, '2019-07-18', '2019-07-19', '2019-07-11 16:43:54', '846000067874', '12000050', 'UNITED TRACTORS, TBK.', 'Internal Expense', 'One Way', 'Antar', 'TRAC TANJUNG ENIM', 'Darat', 'GINTA ROLIS', 'PALEMBANG', 'TANJUNG ENIM', 'BG1653UX', '', 0, 20000, 0, 130000, 24000, 133257, NULL, NULL, NULL, NULL, NULL, NULL, 307257, 7878, 315135, NULL, NULL, 'EFRIANSYAH', 'Y', '', 'BCA', '0450739316', '', NULL, NULL, 11, '3'),
(219, '2019-07-14', '2019-07-15', '2019-07-12 08:37:16', '846000067750', '21089957', 'INBISCO NIAGATAMA SEMESTA', 'Internal Expense', 'One Way', 'Ambil', 'JL.CENDANA PERMAI (HOLL AHWA) MUARA BUNGO', 'Darat', 'AMBIL UNIT BACK INBISCO BH1803HN JAMBI-BUNGO 1 WAY', 'JAMBI', 'MUARA BUNGO', 'BH1803HN', '', 0, 20000, 0, 100000, 149000, 210380, NULL, NULL, NULL, NULL, NULL, NULL, 479380, 14826, 494206, NULL, NULL, 'ONDAPI SARION', 'N', '', 'MANDIRI', '1120012967449', 'ONDAPI SARION', NULL, NULL, 12, '3'),
(220, '2019-07-15', '2019-07-16', '2019-07-12 08:39:51', '846000067752', '21091058', 'KPU KABUPATEN KERINCI', 'Internal Expense', 'One Way', 'Ambil', 'H.AHMAD DAHLAN NO.1 GEDUNG KPU KERINCI', 'Darat', 'AMBIL UNIT BACK KPU KERINCI BG1217UG JAMBI-KERINCI 1 WAY', 'JAMBI', 'KERINCI', 'BG1217UG', '', 0, 20000, 0, 175000, 149000, 383865, NULL, NULL, NULL, NULL, NULL, NULL, 727865, 22511, 750376, NULL, NULL, '', '', '', '', '', '', NULL, NULL, 12, '3'),
(222, '2019-07-19', '2019-07-21', '2019-07-12 08:56:59', '846000067751', 'SL42', 'TRAC PEKANBARU', 'Internal Expense', 'One Way', 'Antar', 'JL. SOEKARNO HATTA NO.46 SIDOMULYO BARAT PEKANBARU', 'Darat', 'ANTAR UNIT MUTASI BA1719OW JAMBI-PEKANBARU 1 WAY', 'JAMBI', 'PEKANBARU', 'BA1719OW', '', 0, 20000, 0, 240000, 149000, 412125, NULL, NULL, NULL, NULL, NULL, NULL, 821125, 25396, 846521, NULL, NULL, 'ONDAPI SARION', 'N', '', 'MANDIRI', '1120012967449', 'ONDAPI SARION', NULL, NULL, 12, '3'),
(223, '2019-07-17', '2019-07-19', '2019-07-12 10:43:03', '846000067764', 'TRP-BA00', 'BALAI LELANG SERASI', 'Internal Expense', 'One Way', 'Antar', 'JL. SOEKARNO HATTA NO.46 SIDOMULYO BARAT PEKANBARU', 'Darat', 'ANTAR UNIT DISPOSAL KEIBID PEKANBARU B1163UYR JAMBI-PEKANBARU 1 WAY', 'JAMBI', 'PEKANBARU', 'B1163UYR', '', 0, 20000, 0, 240000, 149000, 412125, NULL, NULL, NULL, NULL, NULL, NULL, 821125, 25396, 846521, NULL, NULL, 'ONDAPI SARION', 'N', '', 'MANDIRI', '1120012967449', 'ONDAPI SARION', NULL, NULL, 12, '3'),
(224, '2019-07-22', '2019-07-23', '2019-07-12 15:26:40', '846000068092', '21082343', 'CIPTAMAS BUMISELARAS', 'Internal Expense', 'Two Way', 'Antar', 'BENGKULU', 'Darat', 'HERBAYU', 'PALEMBANG', 'BENGKULU', 'BG1454UF', 'BG1455UF', 0, 0, 0, 0, 149000, 387790, 0, 0, 0, 0, 0, 387790, 924580, 23707, 948287, NULL, NULL, 'RADEN', 'Y', '', 'BANK PERMATA', '4123574147', '', NULL, NULL, 11, '3'),
(225, '2019-07-22', '2019-07-23', '2019-07-12 15:31:23', '846000068095', '21042102', 'POS INDONESIA (PERSERO)', 'Internal Expense', 'Two Way', 'Antar', 'BENGKULU', 'Darat', 'HERBAYU', 'PALEMBANG', 'BENGKULU', 'BG1730UD', 'BG1067UH', 0, 0, 0, 0, 149000, 387790, 0, 0, 0, 0, 0, 387790, 924580, 23707, 948287, NULL, NULL, 'LEYDER SIMANIHURUK', 'Y', '', 'BCA', '0213342590', '', NULL, NULL, 11, '3'),
(226, '2019-07-22', '2019-07-23', '2019-07-12 15:41:27', '846000068096', '21095624', 'KPU KABUPATEN MUSIRAWAS U', 'Internal Expense', 'Two Way', 'Antar', 'MARTAPURA', 'Darat', 'HERBAYU', 'PALEMBANG', 'MARTAPURA', 'B1101NWK', 'BG1812UE', 0, 0, 0, 0, 24000, 183690, 0, 0, 0, 0, 0, 183690, 391380, 10035, 401415, NULL, NULL, 'RADEN', 'Y', '', 'BANK PERMATA', '4123574147', '', NULL, NULL, 11, '3'),
(227, '2019-07-29', '2019-07-30', '2019-07-16 10:24:48', '846000068442', 'TRP-DD44', 'DAYA MITRA SERASI - PALEMBANG', 'Internal Expense', 'One Way', 'Antar', 'CILEGON', 'Darat', 'DHITO', 'PALEMBANG', 'CILEGON', 'BG1845NQ', '', 68000, 15000, 374000, 285000, 149000, 437856, NULL, NULL, NULL, NULL, NULL, NULL, 1328856, 41099, 1369955, NULL, NULL, 'TURIMAN', 'N', '', 'BCA', '0213265919', '', NULL, NULL, 11, '3'),
(228, '2019-07-29', '2019-07-30', '2019-07-16 10:27:42', '846000068443', 'TRP-DD46', 'DAYA MITRA SERASI - JAMBI', 'Internal Expense', 'One Way', 'Antar', 'CILEGON', 'Darat', 'DHITO', 'PALEMBANG', 'CILEGON', 'BG1864NQ', '', 68000, 15000, 374000, 285000, 149000, 437856, NULL, NULL, NULL, NULL, NULL, NULL, 1328856, 34073, 1362929, NULL, NULL, 'LEYDER SIMANIHURUK', 'Y', '', 'BCA', '0213342590', '', NULL, NULL, 11, '3'),
(229, '2019-07-29', '2019-07-30', '2019-07-16 10:30:39', '846000068444', 'TRP-DD44', 'DAYA MITRA SERASI - PALEMBANG', 'Internal Expense', 'One Way', 'Antar', 'CILEGON', 'Darat', 'PALEMBANG', 'PALEMBANG', 'CILEGON', 'BG1866NQ', '', 68000, 15000, 374000, 285000, 149000, 437856, NULL, NULL, NULL, NULL, NULL, NULL, 1328856, 34073, 1362929, NULL, NULL, 'RADEN', 'Y', '', 'BANK PERMATA', '4123574147', '', NULL, NULL, 11, '3'),
(230, '2019-07-29', '2019-07-30', '2019-07-16 10:33:40', '846000068445', 'TRP-DD44', 'DAYA MITRA SERASI - PALEMBANG', 'Internal Expense', 'One Way', 'Antar', 'CILEGON', 'Darat', 'DHITO', 'PALEMBANG', 'CILEGON', 'BG1869NQ', '', 68000, 15000, 374000, 285000, 149000, 437856, NULL, NULL, NULL, NULL, NULL, NULL, 1328856, 34073, 1362929, NULL, NULL, 'LEYDER SIMANIHURUK', 'Y', '', 'BCA', '0213342590', '', NULL, NULL, 11, '3'),
(231, '2019-07-29', '2019-07-30', '2019-07-16 10:37:01', '846000068446', 'TRP-DD44', 'DAYA MITRA SERASI - PALEMBANG', 'Internal Expense', 'One Way', 'Antar', 'CILEGON', 'Darat', 'DHITO', 'PALEMBANG', 'CILEGON', 'BG1859NQ', '', 68000, 15000, 374000, 285000, 149000, 437856, NULL, NULL, NULL, NULL, NULL, NULL, 1328856, 34073, 1362929, NULL, NULL, 'RADEN', 'Y', '', 'BANK PERMATA', '4123574147', '', NULL, NULL, 11, '3'),
(232, '2019-07-29', '2019-07-30', '2019-07-16 10:43:34', '846000068447', 'TRP-DD44', 'DAYA MITRA SERASI - PALEMBANG', 'Internal Expense', 'One Way', 'Antar', 'CILEGON', 'Darat', 'DHITO', 'PALEMBANG', 'CILEGON', 'BG1712UF', '', 68000, 15000, 374000, 285000, 149000, 394070, NULL, NULL, NULL, NULL, NULL, NULL, 1285070, 39744, 1324814, NULL, NULL, 'TURIMAN', 'N', '', 'BCA', '0213265919', '', NULL, NULL, 11, '3'),
(233, '2019-07-29', '2019-07-30', '2019-07-16 10:48:02', '846000068448', '21188545', 'OKI PULP AND PAPER MILLS', 'Internal Expense', 'One Way', 'Ambil', 'SUNGAI BAUNG', 'Darat', 'TABRANI', 'SUNGAI BAUNG', 'PALEMBANG', 'BG9236NU', '', 0, 20000, 0, 100000, 24000, 121669, NULL, NULL, NULL, NULL, NULL, NULL, 265669, 6812, 272481, NULL, NULL, 'EFRIANSYAH', 'Y', '', 'BCA', '0450739316', '', NULL, NULL, 11, '3'),
(234, '2019-07-29', '2019-07-30', '2019-07-16 10:54:09', '846000068449', 'TRP-DD44', 'DAYA MITRA SERASI - PALEMBANG', 'Internal Expense', 'One Way', 'Ambil', 'MUARA ENIM', 'Darat', 'RIZKY', 'MUARA ENIM', 'PALEMBANG', 'B1318NOS', '', 0, 20000, 0, 80000, 24000, 144440, NULL, NULL, NULL, NULL, NULL, NULL, 268440, 6883, 275323, NULL, NULL, 'EFRIANSYAH', 'Y', '', 'BCA', '0450739316', '', NULL, NULL, 11, '3'),
(235, '2019-07-29', '2019-07-30', '2019-07-16 11:03:17', '846000068470', '23335820', 'BENDAHARA SEKRETARIAT KPU', 'Internal Expense', 'One Way', 'Ambil', 'MUARA DUA', 'Darat', 'RIZKI', 'MUARA DUA', 'PALEMBANG', 'BG1638UQ', '', 0, 20000, 0, 120000, 149000, 215875, NULL, NULL, NULL, NULL, NULL, NULL, 504875, 12946, 517821, NULL, NULL, 'LEYDER SIMANIHURUK', 'Y', '', 'BCA', '0213342590', '', NULL, NULL, 11, '3'),
(236, '2019-07-29', '2019-07-30', '2019-07-16 11:07:57', '846000068471', '21004572', 'MUSTIKA INDAH PERMAI', 'Internal Expense', 'One Way', 'Antar', 'MIP', 'Darat', 'AGUS', 'PALEMBANG', 'LAHAT', 'BG9129NU', '', 0, 20000, 0, 90000, 24000, 146132, NULL, NULL, NULL, NULL, NULL, NULL, 280132, 7183, 287315, NULL, NULL, 'RADEN', 'Y', '', 'BANK PERMATA', '4123574147', '', NULL, NULL, 11, '3'),
(237, '2019-07-29', '2019-07-30', '2019-07-16 13:42:36', '846000068490', '21043260', 'WANA KARYA MULYA KAHURIPA', 'Internal Expense', 'One Way', 'Ambil', 'BATURAJA', 'Darat', 'RIZKY', 'BATURAJA', 'PALEMBANG', 'AB8211BU', '', 0, 20000, 0, 80000, 24000, 132613, NULL, NULL, NULL, NULL, NULL, NULL, 256613, 6580, 263193, NULL, NULL, 'EFRIANSYAH', 'Y', '', 'BCA', '0450739316', '', NULL, NULL, 11, '3'),
(238, '2019-07-29', '2019-07-30', '2019-07-16 13:50:37', '846000068492', 'TRP-DD44', 'DAYA MITRA SERASI - PALEMBANG', 'Internal Expense', 'One Way', 'Antar', 'MUTASI', 'Darat', 'OKTOU', 'PALEMBANG', 'JAMBI', 'BG1161NI', '', 0, 20000, 0, 145000, 149000, 274750, NULL, NULL, NULL, NULL, NULL, NULL, 588750, 15096, 603846, NULL, NULL, 'LEYDER SIMANIHURUK', 'Y', '', 'BCA', '0213342590', '', NULL, NULL, 11, '3'),
(239, '2019-07-29', '2019-07-30', '2019-07-17 13:56:30', '846000068613', 'TRP-DD44', 'DAYA MITRA SERASI - PALEMBANG', 'Internal Expense', 'One Way', 'Antar', 'TRAC JAMBI', 'Darat', 'DWI SETIAWAN', 'PALEMBANG', 'JAMBI', 'BG1848NQ', '', 0, 20000, 0, 145000, 149000, 274750, NULL, NULL, NULL, NULL, NULL, NULL, 588750, 18209, 606959, NULL, NULL, 'TURIMAN', 'N', '', 'BCA', '0213265919', '', NULL, NULL, 11, '3'),
(240, '2019-07-29', '2019-07-30', '2019-07-18 10:39:39', '846000068825', '21010131', 'KOPERASI CERMAT BANK SUMS', 'Internal Expense', 'Two Way', 'Antar', 'BANK SUMSEL BATU MARTA', 'Darat', 'OKTOU', 'PALEMBANG', 'BATUMARTA', 'BARU056954', 'BG1299UD', 0, 0, 0, 0, 24000, 145488, 0, 0, 0, 0, 0, 197123, 366611, 11338, 377949, NULL, NULL, 'TURIMAN', 'N', '', 'BCA', '0213265919', '', NULL, NULL, 11, '3'),
(241, '2019-07-05', '2019-07-06', '2019-07-19 14:29:32', '846000068995', '21082250', 'ULIMA NITRA', 'Internal Expense', 'One Way', 'Antar', 'SITE UN', 'Darat', 'RIZKY', 'PALEMBANG', 'MUARATARA', 'BE2733YX', '', 0, 20000, 0, 100000, 149000, 243767, NULL, NULL, NULL, NULL, NULL, NULL, 512767, 15859, 528626, NULL, NULL, 'TURIMAN', 'N', '', 'BCA', '0213265919', '', NULL, NULL, 11, '3'),
(242, '2019-08-05', '2019-08-06', '2019-07-19 14:34:45', '846000068996', 'TRP-DD44', 'DAYA MITRA SERASI - PALEMBANG', 'Internal Expense', 'One Way', 'Antar', 'BELITUNG', 'Laut', 'AGUWAN', 'PANGKAL PINANG', 'BELITUNG', 'BN1263PD', '', 0, 0, 2850000, 0, 0, 0, NULL, NULL, NULL, NULL, NULL, NULL, 2850000, 73077, 2923077, NULL, NULL, 'AGUWAN', 'Y', 'trac.pangkalpinang@gmail.com', 'BCA', '0410864339', 'AGUWAN', NULL, NULL, 11, '3'),
(243, '2019-08-05', '2019-08-06', '2019-07-19 14:38:59', '846000068997', 'TRP-DD44', 'DAYA MITRA SERASI - PALEMBANG', 'Internal Expense', 'One Way', 'Antar', 'TRAC JAMBI', 'Darat', 'DWI', 'PALEMBANG', 'JAMBI', 'BG1397RJ', '', 0, 20000, 0, 145000, 149000, 247275, NULL, NULL, NULL, NULL, NULL, NULL, 561275, 14392, 575667, NULL, NULL, 'RADEN', 'Y', '', 'BANK PERMATA', '4123574147', '', NULL, NULL, 11, '3'),
(244, '2019-08-05', '2019-08-06', '2019-07-19 14:44:14', '84600006787', '12000050', 'UNITED TRACTORS, TBK.', 'Internal Expense', 'One Way', 'Antar', 'UT', 'Darat', 'GINTA', 'PALEMBANG', 'TANJUNG ENIM', 'BG1653UX', '', 0, 20000, 0, 130000, 24000, 133257, NULL, NULL, NULL, NULL, NULL, NULL, 307257, 7878, 315135, NULL, NULL, 'EFRIANSYAH', 'Y', '', 'BCA', '0450739316', '', NULL, NULL, 11, '3'),
(245, '2019-08-05', '2019-08-06', '2019-07-19 14:47:42', '84600006882', '21010131', 'KOPERASI CERMAT BANK SUMS', 'Internal Expense', 'Two Way', 'Antar', 'BANK SUMSEL', 'Darat', 'OKTOU', 'PALEMBANG', 'BATUMARTA', 'BARU056954', 'BG1299UD', 0, 0, 0, 0, 24000, 145488, 0, 0, 0, 0, 0, 197123, 366611, 11338, 377949, NULL, NULL, 'TURIMAN', 'N', '', 'BCA', '0213265919', '', NULL, NULL, 11, '3');
INSERT INTO `trx_ekspedisi` (`idekspedisi`, `tglekspedisi`, `tglsampai`, `waktu`, `no_ekspedisi`, `cmd`, `customer`, `pembebanan`, `type_ekspedisi`, `status_ekspedisi`, `alamat`, `mode_transport`, `remark`, `dari`, `tujuan`, `nopol1`, `nopol2`, `biaya_tol`, `biaya_lain`, `biaya_asdp`, `biaya_transport`, `jasa_driver`, `biaya_bbm`, `biaya_tol2`, `biaya_lain2`, `biaya_asdp2`, `biaya_transport2`, `jasa_driver2`, `biaya_bbm2`, `biaya_ekspedisi`, `pph21`, `biaya_pph21`, `nilai_adjust`, `keterangan_adjust`, `driver`, `npwp`, `email_driver`, `bank`, `norek`, `atasnama`, `no_bph`, `no_invoice`, `iduser`, `flag_transaksi`) VALUES
(247, '2019-08-05', '2019-08-06', '2019-07-19 14:55:22', '846000068998', '21091583', 'HANJAYA MANDALA SAMPOERNA', 'Internal Expense', 'One Way', 'Ambil', 'HMS', 'Darat', 'AGUS', 'PALEMBANG', 'BATURAJA', 'BA1739OW', '', 0, 20000, 0, 80000, 24000, 161710, NULL, NULL, NULL, NULL, NULL, NULL, 285710, 7326, 293036, NULL, NULL, 'LEYDER SIMANIHURUK', 'Y', '', 'BCA', '0213342590', '', NULL, NULL, 11, '3'),
(248, '2019-08-05', '2019-08-06', '2019-07-19 14:59:13', '846000068999', '23335820', 'BENDAHARA SEKRETARIAT KPU', 'Internal Expense', 'One Way', 'Ambil', 'KPU', 'Darat', 'RIZKY', 'PALEMBANG', 'MUSI RAWAS', 'BG1202NI', '', 0, 20000, 0, 100000, 149000, 237070, NULL, NULL, NULL, NULL, NULL, NULL, 506070, 12976, 519046, NULL, NULL, 'RADEN', 'Y', '', 'BANK PERMATA', '4123574147', '', NULL, NULL, 11, '3'),
(249, '2019-08-05', '2019-08-06', '2019-07-19 15:04:28', '846000069080', 'TRP-DD44', 'DAYA MITRA SERASI - PALEMBANG', 'Internal Expense', 'One Way', 'Antar', 'TRAC PEKANBARU', 'Darat', 'EVAN', 'PALEMBANG', 'PEKANBARU', 'BG9750NV', '', 0, 20000, 0, 320000, 274000, 469938, NULL, NULL, NULL, NULL, NULL, NULL, 1083938, 27793, 1111731, NULL, NULL, 'EFRIANSYAH', 'Y', '', 'BCA', '0450739316', '', NULL, NULL, 11, '3'),
(250, '2019-08-05', '2019-08-06', '2019-07-19 15:07:02', '846000069081', 'TRP-DD44', 'DAYA MITRA SERASI - PALEMBANG', 'Internal Expense', 'One Way', 'Antar', 'TRAC PEKANBARU', 'Darat', 'JUMADI', 'PALEMBANG', 'PEKANBARU', 'BG7001AO', '', 0, 20000, 0, 320000, 274000, 417723, NULL, NULL, NULL, NULL, NULL, NULL, 1031723, 31909, 1063632, NULL, NULL, 'TURIMAN', 'N', '', 'BCA', '0213265919', '', NULL, NULL, 11, '3'),
(251, '2019-08-05', '2019-08-06', '2019-07-19 15:09:37', '846000069082', 'TRP-DD44', 'DAYA MITRA SERASI - PALEMBANG', 'Internal Expense', 'One Way', 'Antar', 'PEKANBARU', 'Darat', 'JUMADI', 'PALEMBANG', 'PEKANBARU', 'BG7002AO', '', 0, 20000, 0, 320000, 274000, 417723, NULL, NULL, NULL, NULL, NULL, NULL, 1031723, 26454, 1058177, NULL, NULL, 'LEYDER SIMANIHURUK', 'Y', '', 'BCA', '0213342590', '', NULL, NULL, 11, '3'),
(252, '2019-08-05', '2019-08-06', '2019-07-19 15:15:48', '846000069083', 'TRP-DD44', 'DAYA MITRA SERASI - PALEMBANG', 'Internal Expense', 'One Way', 'Antar', 'JAKARTA', 'Darat', 'RAMSES', 'PALEMBANG', 'JAKARTA', 'BG36BS', '', 68000, 15000, 374000, 285000, 149000, 523334, NULL, NULL, NULL, NULL, NULL, NULL, 1414334, 36265, 1450599, NULL, NULL, 'RADEN', 'Y', '', 'BANK PERMATA', '4123574147', '', NULL, NULL, 11, '3'),
(253, '2019-08-05', '2019-08-06', '2019-07-19 15:24:34', '846000069084', 'TRP-DD44', 'DAYA MITRA SERASI - PALEMBANG', 'Internal Expense', 'One Way', 'Antar', 'JAKARTA', 'Darat', 'RAMSES', 'PALEMBANG', 'JAKARTA', 'BG57BS', '', 68000, 15000, 374000, 285000, 149000, 523334, NULL, NULL, NULL, NULL, NULL, NULL, 1414334, 36265, 1450599, NULL, NULL, 'EFRIANSYAH', 'Y', '', 'BCA', '0450739316', '', NULL, NULL, 11, '3'),
(254, '2019-08-05', '2019-08-06', '2019-07-19 15:27:55', '846000069085', 'TRP-DD44', 'DAYA MITRA SERASI - PALEMBANG', 'Internal Expense', 'One Way', 'Antar', 'MUTASI', 'Darat', 'FARID', 'PALEMBANG', 'PADANG', 'BM1990NJ', '', 0, 20000, 0, 320000, 274000, 686090, NULL, NULL, NULL, NULL, NULL, NULL, 1300090, 40209, 1340299, NULL, NULL, 'TURIMAN', 'N', '', 'BCA', '0213265919', '', NULL, NULL, 11, '3'),
(255, '2019-08-05', '2019-08-06', '2019-07-19 15:33:43', '846000069086', 'TRP-DD44', 'DAYA MITRA SERASI - PALEMBANG', 'Internal Expense', 'One Way', 'Antar', 'MUTASI', 'Darat', 'FARID', 'PALEMBANG', 'PEKANBARU', 'BG1734UD', '', 0, 20000, 0, 320000, 274000, 375950, NULL, NULL, NULL, NULL, NULL, NULL, 989950, 25383, 1015333, NULL, NULL, 'LEYDER SIMANIHURUK', 'Y', '', 'BCA', '0213342590', '', NULL, NULL, 11, '3'),
(256, '2019-08-05', '2019-08-06', '2019-07-19 16:07:11', '84600006908', 'TRP-DD44', 'DAYA MITRA SERASI - PALEMBANG', 'Internal Expense', 'One Way', 'Antar', 'TRAC', 'Darat', 'JUMADI', 'PALEMBANG', 'PEKANBARU', 'BH1677NC', '', 0, 20000, 0, 320000, 274000, 573050, NULL, NULL, NULL, NULL, NULL, NULL, 1187050, 30437, 1217487, NULL, NULL, 'RADEN', 'Y', '', 'BANK PERMATA', '4123574147', '', NULL, NULL, 11, '3'),
(257, '2019-08-05', '2019-08-06', '2019-07-19 16:09:26', '846000069088', 'TRP-DD44', 'DAYA MITRA SERASI - PALEMBANG', 'Internal Expense', 'One Way', 'Antar', 'TRAC', 'Darat', 'JUMADI', 'PALEMBANG', 'PEKANBARU', 'B1318NOS', '', 0, 20000, 0, 320000, 274000, 573050, NULL, NULL, NULL, NULL, NULL, NULL, 1187050, 30437, 1217487, NULL, NULL, 'EFRIANSYAH', 'Y', '', 'BCA', '0450739316', '', NULL, NULL, 11, '3'),
(258, '2019-08-05', '2019-08-06', '2019-07-19 16:11:27', '846000069089', 'TRP-DD44', 'DAYA MITRA SERASI - PALEMBANG', 'Internal Expense', 'One Way', 'Antar', 'TRAC', 'Darat', 'JUMADI', 'PALEMBANG', 'PEKANBARU', 'BA1739OW', '', 0, 20000, 0, 320000, 274000, 573050, NULL, NULL, NULL, NULL, NULL, NULL, 1187050, 36713, 1223763, NULL, NULL, 'TURIMAN', 'N', '', 'BCA', '0213265919', '', NULL, NULL, 11, '3'),
(259, '2019-08-05', '2019-08-06', '2019-07-19 17:29:44', '846000069101', 'TRP-DD44', 'DAYA MITRA SERASI - PALEMBANG', 'Internal Expense', 'One Way', 'Antar', 'PANGKAL PINANG', 'Darat', 'TURIMAN', 'PALEMBANG', 'PANGKAL PINANG', 'B1101NWK', '', 0, 20000, 775000, 180000, 149000, 235500, NULL, NULL, NULL, NULL, NULL, NULL, 1359500, 42046, 1401546, NULL, NULL, 'TURIMAN', 'N', '', 'BCA', '0213265919', '', NULL, NULL, 11, '3'),
(263, '2019-08-12', '2019-08-13', '2019-07-22 17:02:27', '846000069350', 'TRP-DD44', 'DAYA MITRA SERASI - PALEMBANG', 'Internal Expense', 'One Way', 'Antar', 'MUTASI', 'Darat', 'TRAC JATIM', 'PALEMBANG', 'SURABAYA', 'BG1845NQ', '', 341500, 51000, 374000, 631000, 299000, 1240300, NULL, NULL, NULL, NULL, NULL, NULL, 2936800, 75303, 3012103, NULL, NULL, 'LEYDER SIMANIHURUK', 'Y', '', 'BCA', '0213342590', '', NULL, NULL, 11, '3'),
(264, '2019-08-12', '2019-08-13', '2019-07-22 17:05:31', '846000069351', 'TRP-DD44', 'DAYA MITRA SERASI - PALEMBANG', 'Internal Expense', 'One Way', 'Antar', 'MUTASI', 'Darat', 'TRAC JATIM', 'PALEMBANG', 'SURABAYA', 'BG1959NQ', '', 341500, 51000, 374000, 631000, 299000, 1240300, NULL, NULL, NULL, NULL, NULL, NULL, 2936800, 75303, 3012103, NULL, NULL, 'RADEN', 'Y', '', 'BANK PERMATA', '4123574147', '', NULL, NULL, 11, '3'),
(265, '2019-08-12', '2019-08-13', '2019-07-22 17:07:19', '846000069352', 'TRP-DD44', 'DAYA MITRA SERASI - PALEMBANG', 'Internal Expense', 'One Way', 'Antar', 'MUTASI', 'Darat', 'TRAC CILEGON', 'PALEMBANG', 'SURABAYA', 'BG1960NQ', '', 341500, 51000, 374000, 631000, 299000, 1240300, NULL, NULL, NULL, NULL, NULL, NULL, 2936800, 75303, 3012103, NULL, NULL, 'EFRIANSYAH', 'Y', '', 'BCA', '0450739316', '', NULL, NULL, 11, '3'),
(266, '2019-08-12', '2019-08-13', '2019-07-22 17:08:54', '846000069353', 'TRP-DD44', 'DAYA MITRA SERASI - PALEMBANG', 'Internal Expense', 'One Way', 'Antar', 'MUTASI', 'Darat', 'TRAC CILEGON', 'PALEMBANG', 'SURABAYA', 'BG1866NQ', '', 341500, 51000, 374000, 631000, 299000, 1240300, NULL, NULL, NULL, NULL, NULL, NULL, 2936800, 90829, 3027629, NULL, NULL, 'TURIMAN', 'N', '', 'BCA', '0213265919', '', NULL, NULL, 11, '3'),
(267, '2019-08-12', '2019-08-13', '2019-07-22 17:10:23', '846000069354', 'TRP-DD44', 'DAYA MITRA SERASI - PALEMBANG', 'Internal Expense', 'One Way', 'Antar', 'MUTASI', 'Darat', 'TRAC JATIM', 'PALEMBANG', 'SURABAYA', 'BG1869NQ', '', 341500, 51000, 374000, 631000, 299000, 1240300, NULL, NULL, NULL, NULL, NULL, NULL, 2936800, 75303, 3012103, NULL, NULL, 'LEYDER SIMANIHURUK', 'Y', '', 'BCA', '0213342590', '', NULL, NULL, 11, '3'),
(268, '2019-07-27', '2019-07-27', '2019-07-23 17:10:43', '846000069532', '21081846', ' MAX POWER INDONESIA', 'Internal Expense', 'One Way', 'Ambil', 'JALAN LINTAS JAMBI-KUALA TUNGKAL', 'Darat', 'UNIT SELESAI ORDER BULANAN', 'JAMBI', 'KUALA TUNGKAL', 'BH1167NG', '', 0, 20000, 0, 70000, 24000, 103620, NULL, NULL, NULL, NULL, NULL, NULL, 217620, 6731, 224351, NULL, NULL, 'PANJI KRIS HARYANTO', 'N', '', 'MANDIRI', '1110006193912', 'PANJI KRIS HARYANTO', NULL, NULL, 12, '3'),
(269, '2019-07-23', '2019-07-24', '2019-07-25 10:08:52', '846000069802', '21091596', 'ECOLAB INTERNATIONAL INDO', 'Internal Expense', 'One Way', 'Antar', 'BETUNG', 'Darat', 'OKTOU', 'PALEMBANG', 'BETUNG', 'BG8627IM', '', 0, 20000, 0, 50000, 0, 43132, NULL, NULL, NULL, NULL, NULL, NULL, 113132, 2901, 116033, NULL, NULL, 'EFRIANSYAH', 'Y', '', 'BCA', '0450739316', '', NULL, NULL, 11, '4'),
(270, '2019-07-25', '2019-07-26', '2019-07-25 15:12:42', '846000069934', '12000050', 'UNITED TRACTORS, TBK.', 'Internal Expense', 'Two Way', 'Antar', 'SUBAN', 'Darat', 'JERIJI', 'PALEMBANG', 'SUBAN JERIJI', 'BG9091NT', 'BG9987NW', 0, 0, 0, 0, 24000, 100425, 0, 0, 0, 0, 0, 100425, 224850, 5765, 230615, NULL, NULL, 'RIANDI KOSWANTO', 'Y', '', 'BANK SUMSEL', '1500113216', '', NULL, NULL, 11, '4'),
(271, '2019-07-26', '2019-07-27', '2019-07-26 13:59:10', '846000070112', 'TRP-DD46', 'DAYA MITRA SERASI - JAMBI', 'Internal Expense', 'One Way', 'Ambil', 'JAMBI', 'Darat', 'DWI', 'JAMBI', 'PALEMBANG', 'BG1704UU', '', 0, 20000, 0, 145000, 149000, 247275, NULL, NULL, NULL, NULL, NULL, NULL, 561275, 17359, 578634, NULL, NULL, 'TURIMAN', 'N', '', 'BCA', '0213265919', '', NULL, NULL, 11, '3'),
(272, '2019-07-27', '2019-07-28', '2019-07-26 14:02:17', '846000070117', '21034677', 'SINAR NIAGA SEJAHTERA', 'Internal Expense', 'One Way', 'Ambil', 'SNS BATURAJA', 'Darat', 'RIZKY', 'BATURAJA', 'PALEMBANG', 'BG9884NW', '', 0, 20000, 0, 80000, 24000, 151558, NULL, NULL, NULL, NULL, NULL, NULL, 275558, 7066, 282624, NULL, NULL, 'RIANDI KOSWANTO', 'Y', '', 'BANK SUMSEL', '1500113216', '', NULL, NULL, 11, '3'),
(273, '2019-07-29', '2019-07-30', '2019-07-26 17:49:33', '846000070184', '21039382', 'PERSADA KONSTRUKSI', 'Internal Expense', 'Two Way', 'PP', 'RIMBO BUJANG', 'Darat', 'ANTAR UNIT GS BH9679AV DAN AMBIL UNIT ACCD BH9208LH JAMBI-RIMBO BUJANG 2 WAY', 'JAMBI', 'RIMBO BUJANG', 'BH9679AV', 'BH9208LH', 0, 0, 0, 0, 149000, 209219, 0, 0, 0, 0, 0, 209219, 567438, 17550, 584988, NULL, NULL, 'ONDAPI SARION', 'N', '', 'MANDIRI', '1120012967449', 'ONDAPI SARION', NULL, NULL, 12, '3'),
(274, '2019-07-30', '2019-07-31', '2019-07-26 17:52:54', '846000070046', 'TRP-BA00', 'BALAI LELANG SERASI', 'Internal Expense', 'One Way', 'Antar', 'JL. SOEKARNO HATTA NO.46 KM. 9 SIDOMULYO BARAT - PEKANBARU', 'Darat', 'ANTAR UNIT DISPOSAL BH1803HN JAMBI-PEKANBARU 1 WAY', 'JAMBI', 'PEKANBARU', 'BH1803HN', '', 0, 20000, 0, 240000, 149000, 412125, NULL, NULL, NULL, NULL, NULL, NULL, 821125, 25396, 846521, NULL, NULL, 'ONDAPI SARION', 'N', '', 'MANDIRI', '1120012967449', 'ONDAPI SARION', NULL, NULL, 12, '3'),
(275, '2019-08-01', '2019-08-02', '2019-07-26 17:55:25', '846000070049', '21091583', 'HANJAYA MANDALA SAMPOERNA', 'Internal Expense', 'One Way', 'Antar', 'JL. LINTAS JAMBI-BUNGO KM. 15 MUARO BUNGO', 'Darat', 'ANTAR UNIT OUT LEASING BH8672MO JAMBI-BUNGO 1 WAY', 'JAMBI', 'MUARA BUNGO', 'BARU055231', '', 0, 20000, 0, 100000, 149000, 172525, NULL, NULL, NULL, NULL, NULL, NULL, 441525, 13655, 455180, NULL, NULL, 'ONDAPI SARION', 'N', '', 'MANDIRI', '1120012967449', 'ONDAPI SARION', NULL, NULL, 12, '3'),
(276, '2019-08-02', '2019-08-03', '2019-07-26 17:57:18', '846000070182', 'TRP-BA00', 'BALAI LELANG SERASI', 'Internal Expense', 'One Way', 'Antar', 'JL. SOEKARNO HATTA NO.46 KM.9 SIDOMULYO BARAT - PEKANBARU', 'Darat', 'ANTAR UNIT DISPOSAL BH1371HJ JAMBI-PEKANBARU 1 WAY', 'JAMBI', 'PEKANBARU', 'BH1371HJ', '', 0, 20000, 0, 240000, 149000, 412125, NULL, NULL, NULL, NULL, NULL, NULL, 821125, 25396, 846521, NULL, NULL, 'ONDAPI SARION', 'N', '', 'MANDIRI', '1120012967449', 'ONDAPI SARION', NULL, NULL, 12, '3'),
(277, '2019-08-03', '2019-08-04', '2019-07-26 17:59:18', '846000070183', '21089957', 'INBISCO NIAGATAMA SEMESTA', 'Internal Expense', 'One Way', 'Antar', 'MUARO BUNGO', 'Darat', 'AMBIL UNIT BH1523NG JAMBI-MUARO BUNGO 1 WAY', 'JAMBI', 'MUARA BUNGO', 'BH1523NG', '', 0, 20000, 0, 100000, 149000, 210380, NULL, NULL, NULL, NULL, NULL, NULL, 479380, 14826, 494206, NULL, NULL, 'ONDAPI SARION', 'N', '', 'MANDIRI', '1120012967449', 'ONDAPI SARION', NULL, NULL, 12, '3'),
(278, '2019-08-10', '2019-08-11', '2019-07-27 14:51:43', '846000070253', '21082250', 'ULIMA NITRA', 'Internal Expense', 'One Way', 'Antar', 'ULIMA NITRA', 'Darat', 'RIZKY', 'PALEMBANG', 'MUARATARA', 'BE2725YX', '', 0, 20000, 0, 100000, 149000, 243767, NULL, NULL, NULL, NULL, NULL, NULL, 512767, 13148, 525915, NULL, NULL, 'EFRIANSYAH', 'Y', '', 'BCA', '0450739316', '', NULL, NULL, 11, '3'),
(279, '2019-08-10', '2019-08-11', '2019-07-27 14:53:56', '846000070254', '21082250', 'ULIMA NITRA', 'Internal Expense', 'One Way', 'Antar', 'ULIMA NITRA', 'Darat', 'RIZKY', 'PALEMBANG', 'MUARATARA', 'BE2737YX', '', 0, 20000, 0, 100000, 149000, 243767, NULL, NULL, NULL, NULL, NULL, NULL, 512767, 13148, 525915, NULL, NULL, 'EFRIANSYAH', 'Y', '', 'BCA', '0450739316', '', NULL, NULL, 11, '3'),
(280, '2019-08-10', '2019-08-11', '2019-07-27 14:58:01', '846000070255', '21042553', 'FINANSIA MULTI FINANCE', 'Internal Expense', 'One Way', 'Ambil', 'FMF', 'Darat', 'OKTOU', 'LAHAT', 'PALEMBANG', 'BG1027UH', '', 0, 20000, 0, 90000, 24000, 178195, NULL, NULL, NULL, NULL, NULL, NULL, 312195, 8005, 320200, NULL, NULL, 'RADEN', 'Y', '', 'BANK PERMATA', '4123574147', '', NULL, NULL, 11, '2'),
(281, '2019-08-10', '2019-08-11', '2019-07-27 15:00:19', '846000070256', '21040634', 'PINUS MERAH ABADI', 'Internal Expense', 'One Way', 'Antar', 'PMA', 'Darat', 'AGUS', 'PALEMBANG', 'PRABUMULIH', 'BG1454UF', '', 0, 20000, 0, 50000, 0, 75360, NULL, NULL, NULL, NULL, NULL, NULL, 145360, 3727, 149087, NULL, NULL, 'LEYDER SIMANIHURUK', 'Y', '', 'BCA', '0213342590', '', NULL, NULL, 11, '3'),
(282, '2019-08-10', '2019-08-11', '2019-07-27 15:02:57', '846000070257', '21040634', 'PINUS MERAH ABADI', 'Internal Expense', 'One Way', 'Antar', 'PMA', 'Darat', 'AGUS', 'PALEMBANG', 'SEKAYU', 'BG8357IL', '', 0, 20000, 0, 80000, 24000, 97340, NULL, NULL, NULL, NULL, NULL, NULL, 221340, 5675, 227015, NULL, NULL, 'LEYDER SIMANIHURUK', 'Y', '', 'BCA', '0213342590', '', NULL, NULL, 11, '3'),
(283, '2019-07-10', '2019-07-14', '2019-07-29 09:05:11', '12233', '21549740', 'BAYU JAYA LESTARI SUKSES', 'Internal Expense', 'Two Way', 'PP', 'DFFGFG', 'Darat', 'TEST LIHAT JASA', 'PALEMBANG', 'SUNGAI BAUNG', 'BG9931NU', 'BG9931NU', 0, 0, 0, 0, 24000, 121669, 0, 0, 0, 0, 0, 121669, 267338, 8268, 275606, NULL, NULL, 'AGUS PRIYADI', 'N', '', 'BNI', '0289108368', '', NULL, NULL, 11, '2'),
(284, '2019-08-09', '2019-08-10', '2019-07-30 14:29:55', '846000070583', 'TRP-DD44', 'DAYA MITRA SERASI - PALEMBANG', 'Internal Expense', 'One Way', 'Ambil', 'TRAC PANGKAL PINANG', 'Darat', 'AGUWAN', 'PANGKAL PINANG', 'PALEMBANG', 'BN1266PD', '', 0, 20000, 775000, 180000, 149000, 235500, NULL, NULL, NULL, NULL, NULL, NULL, 1359500, 34859, 1394359, NULL, NULL, 'RADEN', 'Y', '', 'BANK PERMATA', '4123574147', '', NULL, NULL, 11, '2'),
(285, '2019-08-09', '2019-08-10', '2019-07-30 14:33:10', '846000070584', 'TRP-DD44', 'DAYA MITRA SERASI - PALEMBANG', 'Internal Expense', 'One Way', 'Ambil', 'PANGKAL PINANG', 'Darat', 'AGUWAN', 'PANGKAL PINANG', 'PALEMBANG', 'BN1314PD', '', 0, 20000, 775000, 180000, 149000, 261667, NULL, NULL, NULL, NULL, NULL, NULL, 1385667, 35530, 1421197, NULL, NULL, 'RADEN', 'Y', '', 'BANK PERMATA', '4123574147', '', NULL, NULL, 11, '2'),
(286, '2019-08-09', '2019-08-10', '2019-07-30 14:45:20', '846000070588', 'TRP-DD44', 'DAYA MITRA SERASI - PALEMBANG', 'Internal Expense', 'One Way', 'Antar', 'PANGKAL PINANG', 'Darat', 'PALEMBANG', 'PALEMBANG', 'PANGKAL PINANG', 'BG1027UH', '', 0, 20000, 775000, 180000, 149000, 235500, NULL, NULL, NULL, NULL, NULL, NULL, 1359500, 34859, 1394359, NULL, NULL, 'RADEN', 'Y', '', 'BANK PERMATA', '4123574147', '', NULL, NULL, 11, '2');

--
-- Indexes for dumped tables
--

--
-- Indexes for table `bbm`
--
ALTER TABLE `bbm`
 ADD PRIMARY KEY (`idbbm`);

--
-- Indexes for table `customer`
--
ALTER TABLE `customer`
 ADD PRIMARY KEY (`idcustomer`);

--
-- Indexes for table `driver`
--
ALTER TABLE `driver`
 ADD PRIMARY KEY (`iddriver`);

--
-- Indexes for table `kendaraan`
--
ALTER TABLE `kendaraan`
 ADD PRIMARY KEY (`idkendaraan`), ADD KEY `nopol` (`nopol`);

--
-- Indexes for table `ongkir`
--
ALTER TABLE `ongkir`
 ADD PRIMARY KEY (`idongkir`);

--
-- Indexes for table `rute`
--
ALTER TABLE `rute`
 ADD PRIMARY KEY (`idrute`), ADD UNIQUE KEY `namarute` (`namarute`);

--
-- Indexes for table `tblnotifemail`
--
ALTER TABLE `tblnotifemail`
 ADD PRIMARY KEY (`id`);

--
-- Indexes for table `tbl_user`
--
ALTER TABLE `tbl_user`
 ADD PRIMARY KEY (`iduser`), ADD UNIQUE KEY `username` (`username`);

--
-- Indexes for table `trx_ekspedisi`
--
ALTER TABLE `trx_ekspedisi`
 ADD PRIMARY KEY (`idekspedisi`);

--
-- AUTO_INCREMENT for dumped tables
--

--
-- AUTO_INCREMENT for table `bbm`
--
ALTER TABLE `bbm`
MODIFY `idbbm` tinyint(2) NOT NULL AUTO_INCREMENT,AUTO_INCREMENT=5;
--
-- AUTO_INCREMENT for table `customer`
--
ALTER TABLE `customer`
MODIFY `idcustomer` int(11) NOT NULL AUTO_INCREMENT,AUTO_INCREMENT=300;
--
-- AUTO_INCREMENT for table `driver`
--
ALTER TABLE `driver`
MODIFY `iddriver` int(10) NOT NULL AUTO_INCREMENT,AUTO_INCREMENT=60;
--
-- AUTO_INCREMENT for table `kendaraan`
--
ALTER TABLE `kendaraan`
MODIFY `idkendaraan` int(10) NOT NULL AUTO_INCREMENT,AUTO_INCREMENT=1440;
--
-- AUTO_INCREMENT for table `ongkir`
--
ALTER TABLE `ongkir`
MODIFY `idongkir` int(10) NOT NULL AUTO_INCREMENT,AUTO_INCREMENT=196;
--
-- AUTO_INCREMENT for table `rute`
--
ALTER TABLE `rute`
MODIFY `idrute` int(10) NOT NULL AUTO_INCREMENT,AUTO_INCREMENT=74;
--
-- AUTO_INCREMENT for table `tblnotifemail`
--
ALTER TABLE `tblnotifemail`
MODIFY `id` int(1) NOT NULL AUTO_INCREMENT,AUTO_INCREMENT=2;
--
-- AUTO_INCREMENT for table `tbl_user`
--
ALTER TABLE `tbl_user`
MODIFY `iduser` int(3) NOT NULL AUTO_INCREMENT,AUTO_INCREMENT=14;
--
-- AUTO_INCREMENT for table `trx_ekspedisi`
--
ALTER TABLE `trx_ekspedisi`
MODIFY `idekspedisi` int(11) NOT NULL AUTO_INCREMENT,AUTO_INCREMENT=287;
/*!40101 SET CHARACTER_SET_CLIENT=@OLD_CHARACTER_SET_CLIENT */;
/*!40101 SET CHARACTER_SET_RESULTS=@OLD_CHARACTER_SET_RESULTS */;
/*!40101 SET COLLATION_CONNECTION=@OLD_COLLATION_CONNECTION */;
